1,1,1,4,0.11,0.26,0.1,0.53,0.05,0.13,0.05,0.77
1,2,1,4,0.09,0.09,0.22,0.6,0.05,0.05,0.11,0.79
1,3,4,1,0.06,0.17,0.39,0.38,0.03,0.09,0.18,0.7
1,4,2,4,0.04,0.21,0.27,0.48,0.04,0.09,0.11,0.76
1,5,4,2,0.2,0.1,0.1,0.6,0.1,0.05,0.04,0.81
1,6,4,2,0.05,0.32,0.16,0.47,0.03,0.14,0.07,0.76
1,7,1,4,0.02,0.38,0.01,0.59,0,0.21,0,0.79
1,8,2,4,0.08,0.21,0.07,0.64,0.04,0.1,0.03,0.83
1,9,4,2,0.07,0.29,0.1,0.54,0.04,0.15,0.05,0.76
1,10,3,4,0.06,0.24,0.18,0.52,0.05,0.24,0.13,0.58
2,1,0,4,0.1,0.25,0.15,0.5,0.05,0.25,0.05,0.65
2,2,1,4,0.03,0.14,0.18,0.65,0,0.05,0.15,0.8
2,3,6,1,0,0.1,0.3,0.6,0,0.1,0.2,0.7
2,4,2,4,0,0.15,0.25,0.6,0,0.15,0.25,0.6
2,5,4,2,0.1,0.05,0.05,0.8,0.1,0.05,0.05,0.8
2,6,4,2,0,0.3,0.2,0.5,0,0.3,0.2,0.5
2,7,1,4,0,0.25,0,0.75,0,0.25,0,0.75
2,8,1,4,0.15,0.1,0.15,0.6,0.1,0.2,0.1,0.6
2,9,4,2,0.05,0.35,0.1,0.5,0.05,0.35,0.1,0.5
2,10,0,4,0.06,0.11,0.1,0.73,0.06,0.11,0.1,0.73
3,1,1,4,0.05,0.1,0.4,0.45,0.05,0.1,0.2,0.65
3,2,0,4,0.05,0.1,0.25,0.6,0.05,0.05,0.05,0.85
3,3,6,1,0,0,0.25,0.75,0,0,0.25,0.75
3,4,1,4,0.1,0.15,0.3,0.45,0.03,0.03,0.14,0.8
3,5,5,2,0.3,0.05,0.1,0.55,0.15,0.05,0,0.8
3,6,4,2,0.1,0.34,0.14,0.42,0.05,0.2,0.06,0.69
3,7,1,4,0.01,0.35,0.04,0.6,0,0.28,0.04,0.68
3,8,1,4,0.14,0.29,0.14,0.43,0.05,0.15,0.15,0.65
3,9,4,2,0.12,0.27,0.26,0.35,0.02,0.27,0.26,0.45
3,10,1,4,0.09,0.25,0.25,0.41,0.03,0.19,0.18,0.6
4,1,0,4,0.05,0.27,0.11,0.57,0,0.19,0.04,0.77
4,2,0,4,0.08,0.1,0.14,0.68,0.04,0.05,0.07,0.84
4,3,6,1,0.07,0.1,0.27,0.56,0.04,0.06,0.13,0.77
4,4,1,4,0.06,0.22,0.12,0.6,0.04,0.13,0.11,0.72
4,5,5,2,0.29,0.07,0.08,0.56,0.19,0.04,0.05,0.72
4,6,3,2,0.04,0.33,0.12,0.51,0.04,0.33,0.12,0.51
4,7,0,4,0,0.16,0,0.84,0,0.16,0,0.84
4,8,1,4,0,0.14,0.03,0.83,0,0.14,0.03,0.83
4,9,2,2,0.05,0.32,0.07,0.56,0.05,0.32,0.07,0.56
4,10,0,4,0.06,0.21,0.18,0.55,0.06,0.21,0.18,0.55
5,1,0,4,0,0.25,0.25,0.5,0.2,0.2,0.2,0.4
5,2,0,4,0.1,0.1,0.35,0.45,0.05,0.22,0.26,0.47
5,3,6,1,0.2,0.1,0.35,0.35,0,0,0.23,0.77
5,4,1,4,0.17,0.21,0.21,0.41,0.2,0.2,0.2,0.4
5,5,4,2,0.4,0.1,0.1,0.4,0.2,0.2,0.2,0.4
5,6,3,2,0.05,0.35,0.15,0.45,0.1,0.35,0.15,0.4
5,7,1,4,0,0.37,0.05,0.58,0,0.31,0.08,0.61
5,8,0,4,0.05,0.25,0.3,0.4,0,0.15,0.35,0.5
5,9,2,2,0.2,0.3,0.2,0.3,0.2,0.2,0.2,0.4
5,10,0,4,0.15,0.25,0.2,0.4,0.15,0.25,0.2,0.4
6,1,0,4,0.06,0.14,0.13,0.67,0.05,0.05,0.05,0.85
6,2,0,4,0,0,0.06,0.94,0,0,0.2,0.8
6,3,6,1,0.11,0.1,0.27,0.52,0,0,0.1,0.9
6,4,0,4,0.04,0.1,0.1,0.76,0.04,0.1,0.1,0.76
6,5,6,2,0.26,0.06,0.01,0.67,0.26,0.06,0.01,0.67
6,6,4,2,0.04,0.36,0.07,0.53,0.04,0.36,0.07,0.53
6,7,0,4,0,0.25,0,0.75,0,0.34,0,0.66
6,8,0,4,0.08,0.2,0.04,0.68,0.05,0.2,0.02,0.73
6,9,5,2,0.07,0.34,0.06,0.53,0.03,0.09,0.03,0.85
6,10,1,4,0.02,0.19,0.18,0.61,0.02,0.19,0.18,0.61
7,1,0,4,0.06,0.07,0.12,0.75,0.06,0.13,0.06,0.75
7,2,0,4,0.04,0.16,0.09,0.71,0.03,0.06,0.03,0.88
7,3,6,1,0,0.05,0.2,0.75,0,0,0.07,0.93
7,4,0,4,0.05,0.1,0.1,0.75,0.05,0.1,0.1,0.75
7,5,5,2,0.1,0.05,0.2,0.65,0.1,0,0.06,0.84
7,6,2,2,0.03,0.27,0.17,0.53,0.03,0.24,0.05,0.68
7,7,1,4,0.05,0.11,0.04,0.8,0,0.13,0,0.87
7,8,1,4,0,0.25,0.05,0.7,0,0.25,0.05,0.7
7,9,2,2,0.07,0.3,0.21,0.42,0.03,0.16,0.11,0.7
7,10,1,4,0.03,0.39,0.03,0.55,0,0.23,0,0.77
8,1,2,4,0.1,0.16,0.24,0.5,0.1,0.16,0.24,0.5
8,2,0,4,0,0,0.25,0.75,0,0,0.25,0.75
8,3,6,1,0,0,0.5,0.5,0,0,0,1
8,4,1,4,0,0.25,0.25,0.5,0,0.25,0.25,0.5
8,5,4,2,0,0.15,0.15,0.7,0,0.15,0.15,0.7
8,6,1,2,0,0.5,0,0.5,0,0.5,0,0.5
8,7,1,4,0,0,0,1,0,0,0,1
8,8,1,4,0.3,0,0.35,0.35,0.3,0,0.35,0.35
8,9,2,2,0,0,0,1,0,0,0,1
8,10,1,4,0,0.33,0.33,0.34,0,0.33,0.33,0.34
9,1,1,4,0.21,0.23,0.27,0.29,0.12,0.21,0.27,0.4
9,2,0,4,0.2,0.2,0.27,0.33,0.12,0.13,0.25,0.5
9,3,6,1,0.23,0.15,0.29,0.33,0.15,0.05,0.25,0.55
9,4,0,4,0.15,0.2,0.3,0.35,0.1,0.15,0.25,0.5
9,5,6,2,0.35,0.18,0.17,0.3,0.25,0.18,0.17,0.4
9,6,5,2,0.12,0.3,0.18,0.4,0.05,0.3,0.05,0.6
9,7,0,4,0,0.35,0.1,0.55,0,0.3,0,0.7
9,8,1,4,0.17,0.22,0.29,0.32,0.1,0.1,0.3,0.5
9,9,4,2,0.2,0.35,0.15,0.3,0.1,0.3,0.1,0.5
9,10,0,4,0.1,0.3,0.2,0.4,0.01,0.2,0.13,0.66
10,1,0,4,0.05,0.2,0.1,0.65,0.05,0.1,0.05,0.8
10,2,0,4,0.05,0.05,0.35,0.55,0.05,0.05,0.1,0.8
10,3,6,1,0,0,0.4,0.6,0,0.05,0.3,0.65
10,4,0,4,0.1,0.2,0.3,0.4,0.15,0.2,0.2,0.45
10,5,5,2,0.35,0.1,0.1,0.45,0.3,0.05,0.05,0.6
10,6,4,2,0.05,0.4,0.1,0.45,0.1,0.3,0.1,0.5
10,7,0,4,0.05,0.25,0.05,0.65,0.05,0.25,0.1,0.6
10,8,0,4,0.18,0.19,0.18,0.45,0.1,0.15,0.25,0.5
10,9,4,2,0.2,0.3,0.2,0.3,0.1,0.2,0.2,0.5
10,10,0,4,0.1,0.2,0.2,0.5,0.1,0.2,0.2,0.5
11,1,0,4,0,0,0,1,0,0,0,1
11,2,0,4,0,0,0,1,0,0,0,1
11,3,6,1,0,0,0,1,0,0,0,1
11,4,0,4,0,0,0,1,0,0,0,1
11,5,6,2,0.5,0,0,0.5,0,0,0,1
11,6,6,2,0,0,0,1,0,0,0,1
11,7,0,4,0,0,0,1,0,0,0,1
11,8,1,4,0,0,0,1,0,0,0,1
11,9,6,2,0,0.44,0,0.56,0,0.14,0,0.86
11,10,1,4,0,0.2,0,0.8,0,0.1,0,0.9
12,1,0,4,0.29,0.33,0.16,0.22,0.14,0.2,0.26,0.4
12,2,0,4,0.16,0.23,0.3,0.31,0.07,0.31,0.21,0.41
12,3,5,1,0.24,0.08,0.34,0.34,0.15,0.05,0.2,0.6
12,4,0,4,0.09,0.2,0.36,0.35,0.06,0.13,0.21,0.6
12,5,4,2,0.4,0.1,0.1,0.4,0.22,0.21,0.05,0.52
12,6,2,2,0.12,0.31,0.11,0.46,0.08,0.21,0.07,0.64
12,7,0,4,0.28,0.2,0.1,0.42,0.18,0.13,0.06,0.63
12,8,2,4,0,0,0,1,0.08,0.06,0.15,0.71
12,9,4,2,0.1,0.4,0.1,0.4,0.1,0.4,0.1,0.4
12,10,1,4,0.07,0.33,0.22,0.38,0.05,0.21,0.13,0.61
13,1,1,4,0.05,0.15,0.15,0.65,0.05,0.2,0.1,0.65
13,2,0,4,0.05,0.17,0.17,0.61,0.05,0.13,0.12,0.7
13,3,6,1,0.1,0.1,0.3,0.5,0.05,0.05,0.3,0.6
13,4,1,4,0.1,0.2,0.3,0.4,0.1,0.2,0.3,0.4
13,5,4,2,0.3,0.1,0.1,0.5,0.3,0.1,0.1,0.5
13,6,3,2,0.05,0.2,0.15,0.6,0.05,0.2,0.15,0.6
13,7,1,4,0,0.3,0.1,0.6,0.05,0.25,0.1,0.6
13,8,1,4,0.05,0.2,0.25,0.5,0.05,0.25,0.2,0.5
13,9,4,2,0.05,0.19,0.16,0.6,0.05,0.19,0.16,0.6
13,10,1,4,0.09,0.17,0.13,0.61,0.09,0.17,0.13,0.61
14,1,1,4,0.05,0.12,0.12,0.71,0.05,0.12,0.12,0.71
14,2,0,4,0.07,0.11,0.1,0.72,0.07,0.11,0.1,0.72
14,3,5,1,0.09,0.09,0.09,0.73,0.09,0.09,0.09,0.73
14,4,4,4,0.05,0.12,0.12,0.71,0.05,0.12,0.12,0.71
14,5,3,2,0.13,0.07,0.05,0.75,0.13,0.07,0.05,0.75
14,6,4,2,0.03,0.38,0.07,0.52,0.03,0.3,0.07,0.6
14,7,3,4,0.03,0.37,0.03,0.57,0.03,0.32,0.02,0.63
14,8,3,4,0.05,0.14,0.13,0.68,0.05,0.14,0.13,0.68
14,9,4,2,0.08,0.08,0.39,0.45,0.08,0.08,0.28,0.56
14,10,4,4,0.06,0.24,0.23,0.47,0.04,0.23,0.23,0.5
15,1,0,4,0,0.16,0.09,0.75,0,0.09,0.03,0.88
15,2,0,4,0,0.12,0.11,0.77,0,0.05,0.05,0.9
15,3,6,1,0.07,0.07,0.28,0.58,0,0,0.2,0.8
15,4,0,4,0.03,0.23,0.22,0.52,0,0.11,0.13,0.76
15,5,6,2,0.25,0.07,0.07,0.61,0.13,0.03,0.03,0.81
15,6,2,2,0.05,0.19,0.19,0.57,0.03,0.1,0.1,0.77
15,7,0,4,0,0.25,0.12,0.63,0,0.13,0.06,0.81
15,8,0,4,0.13,0.25,0.1,0.52,0.06,0.14,0.05,0.75
15,9,2,2,0.09,0.25,0.13,0.53,0.06,0.14,0.08,0.72
15,10,0,4,0.09,0.2,0.19,0.52,0.04,0.11,0.1,0.75
16,1,0,4,0,0.35,0.25,0.4,0,0.05,0,0.95
16,2,0,4,0.06,0.05,0.05,0.84,0,0,0,1
16,3,5,1,0,0,0.15,0.85,0,0,0.05,0.95
16,4,1,4,0,0.06,0.05,0.89,0,0.06,0.05,0.89
16,5,6,2,0.1,0.05,0.05,0.8,0.1,0.05,0.05,0.8
16,6,3,2,0,0.4,0,0.6,0,0.4,0,0.6
16,7,1,4,0,0.05,0,0.95,0,0.05,0,0.95
16,8,1,4,0,0.3,0,0.7,0,0.3,0,0.7
16,9,4,2,0,0.2,0.1,0.7,0,0.2,0.1,0.7
16,10,1,4,0,0.05,0.05,0.9,0,0.05,0.05,0.9
17,1,6,4,0.25,0.25,0.25,0.25,0.35,0.28,0.19,0.18
17,2,1,4,0.25,0.25,0.25,0.25,0.16,0.21,0.24,0.39
17,3,5,1,0.25,0.25,0.25,0.25,0.17,0.21,0.25,0.37
17,4,1,4,0.25,0.25,0.25,0.25,0.22,0.24,0.27,0.27
17,5,5,2,0.41,0.13,0.16,0.3,0.44,0.12,0.13,0.31
17,6,3,2,0.25,0.25,0.25,0.25,0.32,0.3,0.28,0.1
17,7,1,4,0.25,0.25,0.25,0.25,0.2,0.19,0.19,0.42
17,8,4,4,0.25,0.25,0.25,0.25,0.1,0.24,0.36,0.3
17,9,1,2,0.25,0.25,0.25,0.25,0.07,0.35,0.16,0.42
17,10,0,4,0.25,0.25,0.25,0.25,0,0.5,0,0.5
18,1,0,4,0.09,0.25,0.16,0.5,0.04,0.16,0.1,0.7
18,2,0,4,0.12,0.23,0.25,0.4,0.04,0.07,0.09,0.8
18,3,6,1,0.1,0.12,0.3,0.48,0.02,0.02,0.16,0.8
18,4,1,4,0.04,0.24,0.24,0.48,0.02,0.09,0.09,0.8
18,5,5,2,0.29,0.13,0.12,0.46,0.09,0.03,0.03,0.85
18,6,3,2,0.06,0.32,0.12,0.5,0.03,0.16,0.06,0.75
18,7,1,4,0.02,0.3,0.02,0.66,0.01,0.15,0.01,0.83
18,8,2,4,0.09,0.09,0.09,0.73,0.02,0.02,0.02,0.94
18,9,4,2,0.04,0.43,0.05,0.48,0.02,0.2,0.03,0.75
18,10,1,4,0.04,0.24,0.23,0.49,0.02,0.1,0.12,0.76
19,1,0,4,0,0.02,0.02,0.96,0,0.01,0.01,0.98
19,2,0,4,0,0.03,0.03,0.94,0,0.01,0.01,0.98
19,3,6,1,0,0,0.15,0.85,0,0,0.05,0.95
19,4,1,4,0,0.1,0.1,0.8,0,0.05,0.05,0.9
19,5,5,2,0.15,0.02,0.03,0.8,0.05,0.02,0.03,0.9
19,6,4,2,0,0.03,0.02,0.95,0,0.03,0.02,0.95
19,7,1,4,0,0.05,0,0.95,0,0.05,0,0.95
19,8,1,4,0.03,0.03,0.03,0.91,0.03,0.03,0.03,0.91
19,9,5,2,0,0.15,0.05,0.8,0,0.08,0.02,0.9
19,10,0,4,0,0,0,1,0,0,0,1
20,1,1,4,0.1,0.25,0.25,0.4,0,0.2,0.2,0.6
20,2,0,4,0.05,0.05,0.15,0.75,0,0,0,1
20,3,5,1,0.1,0.1,0.3,0.5,0.05,0.1,0.3,0.55
20,4,1,4,0.05,0.1,0.25,0.6,0.05,0.05,0.2,0.7
20,5,6,2,0.11,0.1,0.1,0.69,0.15,0,0.05,0.8
20,6,3,2,0.05,0.4,0.1,0.45,0.05,0.3,0.1,0.55
20,7,1,4,0,0.3,0.1,0.6,0,0.2,0,0.8
20,8,1,4,0.15,0.2,0.15,0.5,0.1,0.1,0.1,0.7
20,9,3,2,0.15,0.33,0.2,0.32,0.05,0.3,0.15,0.5
20,10,1,4,0.05,0.15,0.15,0.65,0,0.15,0.15,0.7
21,1,0,4,0.1,0.1,0.4,0.4,0,0.1,0.1,0.8
21,2,0,4,0.4,0.1,0.4,0.1,0.7,0.15,0.15,0
21,3,6,1,0.15,0.05,0.4,0.4,0,0,0.3,0.7
21,4,0,4,0.1,0.2,0.2,0.5,0.1,0.2,0.2,0.5
21,5,5,2,0.41,0.1,0.1,0.39,0.2,0.05,0.05,0.7
21,6,4,2,0.16,0.21,0.23,0.4,0.1,0.15,0.15,0.6
21,7,0,4,0,0.2,0.1,0.7,0,0.2,0.1,0.7
21,8,0,4,0.16,0.17,0.17,0.5,0.16,0.17,0.17,0.5
21,9,5,2,0.25,0.25,0.25,0.25,0.13,0.2,0.17,0.5
21,10,0,4,0.15,0.17,0.18,0.5,0.1,0.2,0.2,0.5
22,1,0,4,0.1,0.3,0.02,0.58,0.1,0.2,0.02,0.68
22,2,0,4,0.02,0.15,0.18,0.65,0.02,0.15,0.18,0.65
22,3,5,1,0.05,0.24,0.01,0.7,0.05,0.24,0.01,0.7
22,4,1,4,0.05,0.17,0.17,0.61,0.05,0.17,0.17,0.61
22,5,6,2,0.05,0.02,0.23,0.7,0.05,0.02,0.23,0.7
22,6,1,2,0.08,0.24,0.18,0.5,0.05,0.2,0.15,0.6
22,7,1,4,0.05,0.1,0.2,0.65,0.05,0.1,0.2,0.65
22,8,1,4,0.15,0.15,0.35,0.35,0.15,0.15,0.2,0.5
22,9,1,2,0.15,0.25,0.2,0.4,0.05,0.2,0.15,0.6
22,10,0,4,0.05,0.15,0.15,0.65,0.05,0.15,0.15,0.65
23,1,0,4,0.75,0.15,0,0.1,1,0,0,0
23,2,0,4,0,0.05,0.05,0.9,0,0,0,1
23,3,6,1,0,0,0.25,0.75,0,0,0,1
23,4,0,4,0.05,0.1,0.21,0.64,0,0.02,0.08,0.9
23,5,2,2,0.1,0.05,0.1,0.75,0,0,0,1
23,6,1,2,0.02,0.4,0.05,0.53,0,0.25,0,0.75
23,7,0,4,0,0.1,0,0.9,0,0.1,0,0.9
23,8,0,4,0.05,0.45,0.05,0.45,0.05,0.1,0.05,0.8
23,9,4,2,0.1,0.25,0.15,0.5,0,0.04,0.01,0.95
23,10,0,4,0.01,0.05,0.09,0.85,0,0.05,0.1,0.85
24,1,0,4,0.1,0.27,0.27,0.36,0.1,0.22,0.22,0.46
24,2,0,4,0.04,0.26,0.3,0.4,0.1,0.15,0.15,0.6
24,3,5,1,0,0,0.25,0.75,0,0,0.25,0.75
24,4,1,4,0.09,0.17,0.16,0.58,0.2,0.2,0.2,0.4
24,5,2,2,0.34,0.08,0.25,0.33,0.26,0.07,0.18,0.49
24,6,3,2,0.09,0.26,0.2,0.45,0.1,0.2,0.2,0.5
24,7,0,4,0.04,0.26,0.04,0.66,0.04,0.31,0.04,0.61
24,8,0,4,0.07,0.06,0.37,0.5,0.02,0.23,0.23,0.52
24,9,2,2,0.05,0.44,0.08,0.43,0.04,0.26,0.19,0.51
24,10,0,4,0.06,0.24,0.24,0.46,0.05,0.2,0.19,0.56
25,1,2,4,0.15,0.25,0.2,0.4,0.1,0.25,0.15,0.5
25,2,3,4,0.05,0.05,0.25,0.65,0.05,0.05,0.15,0.75
25,3,5,1,0.1,0.05,0.35,0.5,0.1,0.05,0.2,0.65
25,4,2,4,0.05,0.1,0.35,0.5,0,0.05,0.25,0.7
25,5,4,2,0.05,0.05,0.4,0.5,0.05,0.05,0.13,0.77
25,6,2,2,0.1,0.4,0.1,0.4,0.1,0.3,0.1,0.5
25,7,2,4,0,0.25,0.05,0.7,0,0.2,0,0.8
25,8,1,4,0,0.1,0.25,0.65,0,0.1,0.15,0.75
25,9,2,2,0,0.2,0.3,0.5,0,0.3,0.1,0.6
25,10,2,4,0,0.3,0.05,0.65,0,0.2,0.05,0.75
26,1,0,4,0.12,0.15,0.18,0.55,0.06,0.07,0.11,0.76
26,2,0,4,0.16,0.14,0.19,0.51,0.05,0.04,0.09,0.82
26,3,6,1,0.16,0.12,0.26,0.46,0,0,0,1
26,4,0,4,0.05,0.13,0.21,0.61,0.05,0,0,0.95
26,5,6,2,0.24,0.13,0.2,0.43,0.12,0.04,0.08,0.76
26,6,6,2,0.07,0.26,0.11,0.56,0.03,0.16,0.06,0.75
26,7,0,4,0.11,0.26,0.03,0.6,0.11,0.26,0.03,0.6
26,8,0,4,0.13,0.13,0.2,0.54,0.13,0.13,0.2,0.54
26,9,4,2,0.08,0.32,0.11,0.49,0.08,0.32,0.11,0.49
26,10,0,4,0.05,0.14,0.13,0.68,0.05,0.14,0.13,0.68
27,1,1,4,0.1,0.25,0.25,0.4,0.1,0.2,0.2,0.5
27,2,1,4,0.1,0.1,0.35,0.45,0.1,0.1,0.15,0.65
27,3,5,1,0.15,0.15,0.35,0.35,0.1,0.1,0.2,0.6
27,4,1,4,0.15,0.2,0.25,0.4,0.1,0.2,0.2,0.5
27,5,5,2,0.25,0.2,0.15,0.4,0.2,0.1,0.1,0.6
27,6,3,2,0.23,0.28,0.05,0.44,0.1,0.25,0.15,0.5
27,7,1,4,0.05,0.35,0.05,0.55,0.05,0.15,0.05,0.75
27,8,2,4,0.1,0.2,0.1,0.6,0.1,0.15,0.15,0.6
27,9,3,2,0.2,0.2,0.3,0.3,0.1,0.25,0.1,0.55
27,10,1,4,0.1,0.25,0.25,0.4,0.1,0.2,0.2,0.5
28,1,1,4,0.07,0.1,0.35,0.48,0,0.03,0.22,0.75
28,2,1,4,0,0,0.2,0.8,0,0,0.1,0.9
28,3,6,1,0,0,0.5,0.5,0,0,0,1
28,4,0,4,0.03,0.04,0.15,0.78,0,0,0.06,0.94
28,5,6,2,0.5,0,0,0.5,0.25,0,0,0.75
28,6,6,2,0,0.25,0,0.75,0,0.25,0,0.75
28,7,0,4,0,0.08,0,0.92,0,0.08,0,0.92
28,8,0,4,0,0.08,0.16,0.76,0,0,0.3,0.7
28,9,4,2,0.25,0.25,0.25,0.25,0.11,0.18,0.11,0.6
28,10,1,4,0,0.05,0.05,0.9,0,0.1,0,0.9
29,1,0,4,0.12,0.3,0.25,0.33,0.12,0.23,0.16,0.49
29,2,0,4,0.06,0.18,0.29,0.47,0.06,0.17,0.27,0.5
29,3,5,1,0.1,0.12,0.38,0.4,0.1,0.12,0.19,0.59
29,4,0,4,0.08,0.19,0.19,0.54,0.08,0.19,0.19,0.54
29,5,0,2,0.28,0.2,0.1,0.42,0.25,0.17,0.09,0.49
29,6,0,2,0.07,0.31,0.14,0.48,0.07,0.31,0.14,0.48
29,7,0,4,0,0.34,0.13,0.53,0,0.27,0.1,0.63
29,8,0,4,0.09,0.22,0.08,0.61,0.09,0.22,0.08,0.61
29,9,0,2,0.09,0.42,0.08,0.41,0.1,0.28,0.08,0.54
29,10,0,4,0.1,0.25,0.25,0.4,0.1,0.2,0.2,0.5
30,1,1,4,0.16,0.21,0.21,0.42,0.16,0.17,0.17,0.5
30,2,1,4,0.05,0.04,0.19,0.72,0.05,0.04,0.08,0.83
30,3,6,1,0.02,0.09,0.38,0.51,0,0,0.32,0.68
30,4,1,4,0.03,0.02,0.4,0.55,0.03,0.02,0.23,0.72
30,5,6,2,0.38,0,0,0.62,0.03,0,0,0.97
30,6,5,2,0.04,0.42,0.08,0.46,0,0.13,0,0.87
30,7,3,4,0,0.03,0,0.97,0,0.03,0,0.97
30,8,3,4,0,0.3,0.04,0.66,0,0.2,0.04,0.76
30,9,5,2,0.11,0.24,0.11,0.54,0.04,0.09,0.07,0.8
30,10,2,4,0,0.18,0.17,0.65,0,0.11,0.11,0.78
31,1,0,4,0.25,0.25,0.25,0.25,0.25,0.25,0.25,0.25
31,2,0,4,0.25,0.25,0.25,0.25,0.25,0.25,0.25,0.25
31,3,5,1,0.25,0.25,0.25,0.25,0.25,0.25,0.25,0.25
31,4,5,4,0.26,0.24,0.24,0.26,0.26,0.24,0.24,0.26
31,5,4,2,0.25,0.25,0.25,0.25,0.25,0.25,0.25,0.25
31,6,5,2,0.25,0.25,0.25,0.25,0.25,0.25,0.25,0.25
31,7,0,4,0.25,0.25,0.25,0.25,0.25,0.25,0.25,0.25
31,8,1,4,0.25,0.25,0.25,0.25,0.25,0.25,0.25,0.25
31,9,2,2,0.25,0.25,0.25,0.25,0.25,0.25,0.25,0.25
31,10,2,4,0.25,0.25,0.25,0.25,0.25,0.25,0.25,0.25
32,1,1,4,0.1,0.28,0.22,0.4,0.07,0.18,0.15,0.6
32,2,1,4,0.1,0.3,0.1,0.5,0.05,0.15,0.05,0.75
32,3,6,1,0.13,0.17,0.35,0.35,0.03,0.05,0.3,0.62
32,4,1,4,0.03,0.25,0.2,0.52,0.02,0.2,0.15,0.63
32,5,5,2,0.24,0.15,0.06,0.55,0.17,0.07,0.06,0.7
32,6,4,2,0.05,0.25,0.2,0.5,0.03,0.15,0.09,0.73
32,7,0,4,0.03,0.1,0.06,0.81,0.01,0.06,0.03,0.9
32,8,1,4,0.13,0.15,0.12,0.6,0.05,0.1,0.05,0.8
32,9,4,2,0.15,0.35,0.15,0.35,0.05,0.3,0.05,0.6
32,10,1,4,0.1,0.2,0.2,0.5,0.05,0.1,0.1,0.75
33,1,0,4,0.1,0.15,0.15,0.6,0.1,0.1,0.1,0.7
33,2,0,4,0.1,0.1,0.1,0.7,0.05,0.05,0.1,0.8
33,3,6,1,0.04,0.03,0.36,0.57,0.04,0.03,0.12,0.81
33,4,0,4,0.06,0.08,0.09,0.77,0.03,0.02,0.04,0.91
33,5,6,2,0.21,0.05,0.05,0.69,0.22,0.04,0.03,0.71
33,6,5,2,0.14,0.06,0.09,0.71,0.03,0,0.09,0.88
33,7,0,4,0.06,0.02,0.06,0.86,0.06,0.02,0.05,0.87
33,8,0,4,0.03,0.02,0.2,0.75,0.03,0.02,0.12,0.83
33,9,4,2,0.25,0.25,0.25,0.25,0.1,0.25,0.05,0.6
33,10,0,4,0.09,0.13,0.07,0.71,0.05,0.03,0,0.92
34,1,1,4,0.1,0.25,0.25,0.4,0.05,0.2,0.15,0.6
34,2,0,4,0.05,0.1,0.25,0.6,0.05,0.05,0.2,0.7
34,3,6,1,0.1,0.1,0.2,0.6,0.07,0.08,0.15,0.7
34,4,1,4,0.05,0.15,0.2,0.6,0.05,0.1,0.15,0.7
34,5,5,2,0.2,0.15,0.1,0.55,0.15,0.1,0.05,0.7
34,6,3,2,0.05,0.25,0.1,0.6,0.05,0.15,0.1,0.7
34,7,1,4,0.05,0.2,0.05,0.7,0.05,0.1,0.05,0.8
34,8,0,4,0.1,0.2,0.2,0.5,0.05,0.1,0.15,0.7
34,9,4,2,0.3,0.4,0.2,0.1,0.1,0.2,0.1,0.6
34,10,0,4,0.05,0.13,0.12,0.7,0.01,0.04,0.05,0.9
35,1,1,4,0.44,0.16,0.37,0.03,0.02,0.12,0.22,0.64
35,2,0,4,0.14,0.12,0.29,0.45,0.08,0.06,0.15,0.71
35,3,4,1,0.15,0.1,0.35,0.4,0.11,0.05,0.21,0.63
35,4,3,4,0.14,0.15,0.32,0.39,0.14,0.12,0.26,0.48
35,5,4,2,0.27,0.18,0.18,0.37,0.21,0.15,0.17,0.47
35,6,4,2,0.11,0.33,0.15,0.41,0.08,0.3,0.11,0.51
35,7,1,4,0.1,0.2,0.1,0.6,0.1,0.2,0.1,0.6
35,8,0,4,0.11,0.3,0.12,0.47,0.07,0.23,0.09,0.61
35,9,3,2,0.15,0.35,0.15,0.35,0.08,0.34,0.08,0.5
35,10,0,4,0.02,0.09,0.14,0.75,0.02,0.09,0.14,0.75
36,1,1,4,0.04,0.16,0.09,0.71,0.04,0.16,0.09,0.71
36,2,1,4,0.03,0.12,0.12,0.73,0.03,0.12,0.12,0.73
36,3,5,1,0.08,0.08,0.19,0.65,0.08,0.08,0.19,0.65
36,4,3,4,0.09,0.24,0.23,0.44,0.11,0.17,0.17,0.55
36,5,5,2,0.24,0.18,0.08,0.5,0.24,0.18,0.08,0.5
36,6,3,2,0.14,0.28,0.21,0.37,0.14,0.28,0.21,0.37
36,7,4,4,0.1,0.28,0.14,0.48,0.1,0.28,0.14,0.48
36,8,3,4,0.16,0.35,0.15,0.34,0.13,0.28,0.11,0.48
36,9,1,2,0.23,0.29,0.2,0.28,0.18,0.22,0.15,0.45
36,10,4,4,0.14,0.25,0.25,0.36,0.13,0.22,0.22,0.43
37,1,0,4,0,0.31,0.07,0.62,0,0,0,1
37,2,0,4,0.03,0.05,0.12,0.8,0,0,0,1
37,3,6,1,0,0.06,0.31,0.63,0,0,0,1
37,4,1,4,0.06,0.18,0.18,0.58,0,0,0,1
37,5,6,2,0.3,0.08,0.06,0.56,0.15,0.04,0.03,0.78
37,6,2,2,0.07,0.26,0.16,0.51,0.05,0.18,0.1,0.67
37,7,1,4,0.02,0.3,0.05,0.63,0.02,0.18,0.03,0.77
37,8,2,4,0.11,0.21,0.06,0.62,0.07,0.13,0.04,0.76
37,9,2,2,0.1,0.35,0.07,0.48,0.07,0.21,0.04,0.68
37,10,2,4,0,0.26,0.26,0.48,0,0.18,0.18,0.64
38,1,0,4,0.18,0.22,0.26,0.34,0.09,0.16,0.25,0.5
38,2,1,4,0.16,0.17,0.27,0.4,0.1,0.14,0.25,0.51
38,3,5,1,0.06,0.09,0.42,0.43,0.06,0.09,0.29,0.56
38,4,1,4,0.12,0.21,0.25,0.42,0.08,0.15,0.2,0.57
38,5,3,2,0.18,0.13,0.25,0.44,0.15,0.13,0.21,0.51
38,6,3,2,0.06,0.34,0.07,0.53,0.06,0.34,0.07,0.53
38,7,2,4,0.03,0.39,0.03,0.55,0.03,0.39,0.03,0.55
38,8,1,4,0.09,0.17,0.15,0.59,0.09,0.17,0.15,0.59
38,9,2,2,0.12,0.35,0.1,0.43,0.12,0.27,0.11,0.5
38,10,2,4,0.1,0.29,0.18,0.43,0.05,0.26,0.14,0.55
39,1,0,4,0.05,0.3,0.25,0.4,0,0.17,0.13,0.7
39,2,0,4,0.05,0.07,0.13,0.75,0.02,0.05,0.08,0.85
39,3,6,1,0.03,0.08,0.09,0.8,0,0,0.2,0.8
39,4,1,4,0.04,0.13,0.28,0.55,0.04,0.05,0.23,0.68
39,5,5,2,0.29,0.16,0.05,0.5,0.21,0.14,0.05,0.6
39,6,4,2,0.1,0.4,0.1,0.4,0.1,0.2,0.1,0.6
39,7,0,4,0.02,0.11,0.02,0.85,0.02,0.11,0.02,0.85
39,8,0,4,0.05,0.15,0.05,0.75,0.01,0.13,0.01,0.85
39,9,4,2,0.1,0.4,0.1,0.4,0.1,0.4,0.1,0.4
39,10,0,4,0.05,0.15,0.1,0.7,0.05,0.1,0.15,0.7
40,1,0,4,0.25,0.25,0.25,0.25,0.51,0.17,0.16,0.16
40,2,0,4,0.16,0.16,0.15,0.53,0.13,0.12,0.11,0.64
40,3,6,1,0.15,0.15,0.15,0.55,0.12,0.11,0.11,0.66
40,4,0,4,0,0.18,0.18,0.64,0,0.06,0.35,0.59
40,5,4,2,0.49,0,0,0.51,0.46,0,0,0.54
40,6,0,2,0,0.37,0.15,0.48,0,0.39,0.03,0.58
40,7,0,4,0,0.49,0,0.51,0,0.36,0,0.64
40,8,0,4,0,0.14,0.35,0.51,0,0,0.42,0.58
40,9,2,2,0,0.4,0.1,0.5,0,0.42,0.06,0.52
40,10,0,4,0,0.38,0.23,0.39,0,0.46,0.08,0.46
41,1,0,4,0.09,0.28,0.14,0.49,0.1,0.26,0.14,0.5
41,2,0,4,0.1,0.09,0.18,0.63,0.1,0.09,0.18,0.63
41,3,6,1,0.1,0.1,0.35,0.45,0.1,0.1,0.27,0.53
41,4,0,4,0.08,0.12,0.29,0.51,0.08,0.12,0.25,0.55
41,5,3,2,0.15,0.15,0.15,0.55,0.15,0.15,0.15,0.55
41,6,3,2,0.14,0.25,0.16,0.45,0.13,0.24,0.15,0.48
41,7,0,4,0,0.37,0.05,0.58,0,0.31,0.05,0.64
41,8,0,4,0.15,0.25,0.15,0.45,0.1,0.2,0.1,0.6
41,9,3,2,0.2,0.3,0.2,0.3,0.1,0.25,0.1,0.55
41,10,0,4,0.05,0.16,0.29,0.5,0.04,0.15,0.25,0.56
42,1,1,4,0.06,0.28,0.28,0.38,0.06,0.2,0.2,0.54
42,2,1,4,0.1,0.1,0.3,0.5,0.05,0.05,0.15,0.75
42,3,6,1,0.1,0.1,0.2,0.6,0.06,0.06,0.1,0.78
42,4,1,4,0.1,0.25,0.25,0.4,0.05,0.1,0.1,0.75
42,5,4,2,0.2,0.2,0.2,0.4,0.15,0.15,0.1,0.6
42,6,4,2,0.1,0.3,0.1,0.5,0.1,0.2,0.1,0.6
42,7,1,4,0.1,0.3,0.1,0.5,0.05,0.2,0.05,0.7
42,8,1,4,0.15,0.35,0.15,0.35,0.15,0.3,0.2,0.35
42,9,4,2,0.15,0.3,0.15,0.4,0.05,0.3,0.15,0.5
42,10,1,4,0.2,0.2,0.1,0.5,0.2,0.2,0.1,0.5
43,1,3,4,0.05,0.1,0.1,0.75,0.05,0.1,0.1,0.75
43,2,4,4,0.15,0.1,0.3,0.45,0.15,0.1,0.3,0.45
43,3,5,1,0.1,0.05,0.5,0.35,0.1,0.05,0.5,0.35
43,4,4,4,0.15,0.2,0.25,0.4,0.15,0.2,0.25,0.4
43,5,4,2,0.3,0.05,0.3,0.35,0.3,0.05,0.3,0.35
43,6,3,2,0.1,0.35,0.15,0.4,0.1,0.35,0.15,0.4
43,7,4,4,0.15,0.3,0.15,0.4,0.15,0.3,0.15,0.4
43,8,4,4,0.25,0.1,0.25,0.4,0.2,0.1,0.2,0.5
43,9,5,2,0.2,0.2,0.2,0.4,0.2,0.2,0.2,0.4
43,10,4,4,0.1,0.25,0.25,0.4,0.1,0.25,0.25,0.4
44,1,0,4,0.08,0.21,0.23,0.48,0.08,0.18,0.18,0.56
44,2,0,4,0.08,0.15,0.15,0.62,0.06,0.08,0.08,0.78
44,3,6,1,0.06,0.06,0.25,0.63,0.06,0.06,0.12,0.76
44,4,0,4,0.1,0.2,0.2,0.5,0.1,0.16,0.16,0.58
44,5,6,2,0.13,0.11,0.08,0.68,0.16,0.01,0.01,0.82
44,6,2,2,0.05,0.35,0.1,0.5,0.05,0.21,0.1,0.64
44,7,0,4,0,0.29,0.01,0.7,0,0.32,0.01,0.67
44,8,1,4,0.11,0.11,0.11,0.67,0.04,0.27,0.04,0.65
44,9,3,2,0.03,0.19,0.23,0.55,0.03,0.19,0.14,0.64
44,10,1,4,0.1,0.16,0.21,0.53,0.1,0.16,0.21,0.53
45,1,1,4,0.08,0.16,0.21,0.55,0.06,0.09,0.16,0.69
45,2,2,4,0.07,0.14,0.33,0.46,0.05,0.1,0.22,0.63
45,3,5,1,0.23,0.23,0.23,0.31,0.18,0.18,0.17,0.47
45,4,2,4,0.13,0.13,0.12,0.62,0.11,0.1,0.09,0.7
45,5,6,2,0.26,0.08,0.16,0.5,0.21,0.07,0.12,0.6
45,6,6,2,0.1,0.09,0.09,0.72,0.09,0.08,0.08,0.75
45,7,0,4,0,0,0,1,0,0,0,1
45,8,1,4,0.1,0.09,0.09,0.72,0.1,0.09,0.09,0.72
45,9,6,2,0.12,0.12,0.11,0.65,0.12,0.12,0.11,0.65
45,10,0,4,0,0,0,1,0,0,0,1
46,1,1,4,0.12,0.26,0.24,0.38,0.08,0.14,0.13,0.65
46,2,0,4,0,0,0.19,0.81,0,0,0,1
46,3,6,1,0,0,0,1,0,0,0,1
46,4,0,4,0,0,0,1,0,0,0,1
46,5,4,2,0.39,0.29,0.03,0.29,0,0,0.35,0.65
46,6,5,2,0,0,0.56,0.44,0,0,0.8,0.2
46,7,1,4,0,0.41,0.03,0.56,0,0.41,0.03,0.56
46,8,2,4,0,0,0.22,0.78,0,0,0.22,0.78
46,9,3,2,0,0.29,0,0.71,0,0.22,0,0.78
46,10,1,4,0.04,0.27,0,0.69,0.04,0.22,0,0.74
47,1,0,4,0.1,0.21,0.28,0.41,0.1,0.15,0.25,0.5
47,2,0,4,0.25,0.15,0.25,0.35,0.1,0.15,0.25,0.5
47,3,0,1,0.25,0.05,0.25,0.45,0.2,0.05,0.25,0.5
47,4,1,4,0.1,0.2,0.2,0.5,0.1,0.1,0.1,0.7
47,5,5,2,0.35,0.15,0.15,0.35,0.25,0.13,0.12,0.5
47,6,5,2,0.25,0.25,0.15,0.35,0.14,0.2,0.13,0.53
47,7,1,4,0.05,0.25,0.05,0.65,0.05,0.15,0.05,0.75
47,8,1,4,0.1,0.1,0.1,0.7,0.05,0.05,0.3,0.6
47,9,5,2,0.2,0.3,0.2,0.3,0.12,0.13,0.15,0.6
47,10,0,4,0.15,0.15,0.15,0.55,0.05,0.07,0.06,0.82
48,1,0,4,0.3,0.02,0.12,0.56,0.3,0.02,0.12,0.56
48,2,0,4,0.07,0.2,0.13,0.6,0.07,0.1,0.13,0.7
48,3,6,1,0.1,0.1,0.37,0.43,0.1,0.1,0.1,0.7
48,4,0,4,0.08,0.17,0.25,0.5,0.08,0.17,0.25,0.5
48,5,6,2,0.33,0.11,0.07,0.49,0.33,0.11,0.07,0.49
48,6,6,2,0.03,0.08,0.37,0.52,0.03,0.08,0.29,0.6
48,7,3,4,0.02,0.36,0.01,0.61,0.02,0.36,0.01,0.61
48,8,2,4,0.05,0.41,0.05,0.49,0.05,0.27,0.05,0.63
48,9,5,2,0.08,0.4,0.1,0.42,0.1,0.26,0.13,0.51
48,10,0,4,0.04,0.26,0.24,0.46,0.04,0.16,0.13,0.67
49,1,0,4,0,0.15,0.15,0.7,0,0.15,0.15,0.7
49,2,0,4,0,0.15,0.25,0.6,0,0.1,0.1,0.8
49,3,4,1,0.08,0.05,0.43,0.44,0,0,0.1,0.9
49,4,0,4,0.1,0.2,0.2,0.5,0.05,0.05,0.05,0.85
49,5,4,2,0.2,0.03,0.15,0.62,0.05,0.03,0.02,0.9
49,6,2,2,0.1,0.25,0.15,0.5,0.02,0.15,0.03,0.8
49,7,0,4,0,0.2,0,0.8,0,0.2,0,0.8
49,8,0,4,0.15,0.05,0.2,0.6,0.05,0.05,0.05,0.85
49,9,2,2,0.1,0.4,0.1,0.4,0.03,0.09,0.03,0.85
49,10,0,4,0.05,0.15,0.05,0.75,0.03,0.03,0.04,0.9
50,1,2,4,0.1,0.18,0.32,0.4,0.1,0.18,0.24,0.48
50,2,2,4,0.07,0.16,0.32,0.45,0.09,0.1,0.27,0.54
50,3,6,1,0.17,0.13,0.35,0.35,0.14,0.06,0.32,0.48
50,4,1,4,0.12,0.21,0.28,0.39,0.14,0.2,0.22,0.44
50,5,3,2,0.35,0.25,0.05,0.35,0.23,0.23,0.09,0.45
50,6,4,2,0.17,0.28,0.22,0.33,0.12,0.26,0.11,0.51
50,7,0,4,0.06,0.31,0.13,0.5,0.02,0.3,0.08,0.6
50,8,0,4,0.13,0.2,0.28,0.39,0,0.25,0.25,0.5
50,9,3,2,0.21,0.3,0.2,0.29,0.13,0.28,0.07,0.52
50,10,0,4,0.2,0.2,0.2,0.4,0.1,0.2,0.2,0.5
51,1,0,4,0.19,0.24,0.2,0.37,0.15,0.22,0.19,0.44
51,2,0,4,0.15,0.2,0.25,0.4,0.14,0.19,0.22,0.45
51,3,5,1,0.09,0.22,0.26,0.43,0.08,0.18,0.21,0.53
51,4,0,4,0.09,0.27,0.21,0.43,0.08,0.18,0.17,0.57
51,5,4,2,0.25,0.23,0.1,0.42,0.22,0.2,0.08,0.5
51,6,4,2,0.15,0.25,0.2,0.4,0.15,0.2,0.15,0.5
51,7,0,4,0.04,0.37,0.07,0.52,0.04,0.27,0.07,0.62
51,8,0,4,0.16,0.23,0.15,0.46,0.11,0.25,0.14,0.5
51,9,3,2,0.18,0.28,0.15,0.39,0.18,0.2,0.15,0.47
51,10,0,4,0.1,0.25,0.25,0.4,0.1,0.2,0.2,0.5
52,1,0,4,0.1,0.25,0.15,0.5,0,0,0,1
52,2,0,4,0.05,0.1,0.15,0.7,0,0,0.05,0.95
52,3,6,1,0.06,0.12,0.29,0.53,0,0.25,0,0.75
52,4,0,4,0.1,0.25,0.25,0.4,0,0,0,1
52,5,6,2,0.25,0.15,0.1,0.5,0,0,0,1
52,6,5,2,0.09,0.19,0.15,0.57,0,0.1,0.05,0.85
52,7,1,4,0.14,0.27,0.17,0.42,0.12,0.21,0.13,0.54
52,8,1,4,0.14,0.24,0.12,0.5,0,0.15,0,0.85
52,9,5,2,0.1,0.36,0.18,0.36,0,0.4,0,0.6
52,10,0,4,0.05,0.2,0.25,0.5,0,0,0,1
53,1,0,4,0.07,0.23,0.22,0.48,0.07,0.23,0.22,0.48
53,2,1,4,0.12,0.25,0.25,0.38,0.12,0.25,0.25,0.38
53,3,6,1,0.3,0.11,0.3,0.29,0.3,0.11,0.3,0.29
53,4,3,4,0.18,0.27,0.18,0.37,0.18,0.27,0.18,0.37
53,5,2,2,0.2,0.19,0.19,0.42,0.2,0.19,0.19,0.42
53,6,2,2,0.18,0.33,0.18,0.31,0.15,0.32,0.22,0.31
53,7,1,4,0.08,0.27,0.11,0.54,0.04,0.29,0.11,0.56
53,8,1,4,0.03,0.19,0.11,0.67,0.03,0.19,0.11,0.67
53,9,2,2,0.13,0.39,0.05,0.43,0.16,0.16,0.16,0.52
53,10,1,4,0.13,0.13,0.13,0.61,0.13,0.13,0.13,0.61
54,1,3,4,0.08,0.16,0.26,0.5,0.08,0.16,0.26,0.5
54,2,3,4,0,0,0,1,0,0,0,1
54,3,6,1,0,0,0.01,0.99,0,0,0,1
54,4,4,4,0.05,0.05,0.15,0.75,0.05,0,0.05,0.9
54,5,6,2,0.3,0,0,0.7,0.05,0,0,0.95
54,6,5,2,0,0.75,0,0.25,0,0,0,1
54,7,3,4,0,0,0,1,0,0,0,1
54,8,5,4,0.25,0.25,0.25,0.25,0,0.75,0,0.25
54,9,6,2,0.25,0.25,0.25,0.25,0,0,0,1
54,10,1,4,0,0,0,1,0,0,0,1
55,1,1,4,0,0,0.5,0.5,0.25,0.25,0.5,0
55,2,1,4,0,0.5,0,0.5,0,0,0,1
55,3,6,1,0,0,0.5,0.5,0,0,0,1
55,4,1,4,0,0,0.5,0.5,0,0,0,1
55,5,5,2,0.5,0,0,0.5,0.25,0.25,0,0.5
55,6,3,2,0,0,0,1,0,0,0,1
55,7,1,4,0,0,0,1,0,0,0,1
55,8,1,4,0,0.3,0,0.7,0,0.3,0,0.7
55,9,4,2,0,0.3,0,0.7,0,0.3,0,0.7
55,10,0,4,0,0,0,1,0,0,0,1
56,1,1,4,0.21,0.3,0.07,0.42,0.15,0.22,0.04,0.59
56,2,1,4,0.04,0.1,0.16,0.7,0.04,0.04,0.13,0.79
56,3,6,1,0.02,0.2,0.05,0.73,0.02,0.1,0.05,0.83
56,4,1,4,0.06,0.12,0.2,0.62,0.06,0.09,0.13,0.72
56,5,5,2,0.19,0.04,0.11,0.66,0.18,0.04,0.1,0.68
56,6,4,2,0.04,0.29,0.11,0.56,0.11,0.22,0.11,0.56
56,7,1,4,0.05,0.14,0.04,0.77,0.05,0.14,0.04,0.77
56,8,1,4,0.05,0.24,0.11,0.6,0.05,0.21,0.1,0.64
56,9,4,2,0.04,0.32,0.12,0.52,0.05,0.2,0.14,0.61
56,10,0,4,0.07,0.2,0.13,0.6,0.07,0.2,0.13,0.6
57,1,0,4,0.12,0.13,0.25,0.5,0.12,0.13,0.25,0.5
57,2,0,4,0,0.2,0.2,0.6,0.15,0.15,0.2,0.5
57,3,6,1,0,0.2,0.3,0.5,0,0.2,0.3,0.5
57,4,0,4,0.11,0.1,0.4,0.39,0.11,0.1,0.4,0.39
57,5,6,2,0.15,0.06,0.05,0.74,0.05,0.03,0.05,0.87
57,6,3,2,0,0.5,0,0.5,0,0.5,0,0.5
57,7,0,4,0,0.15,0,0.85,0,0.15,0,0.85
57,8,0,4,0,0,0.5,0.5,0,0,0.25,0.75
57,9,1,2,0,0.42,0.16,0.42,0,0.13,0.1,0.77
57,10,0,4,0,0.03,0.03,0.94,0,0,0,1
58,1,1,4,0.2,0.06,0.15,0.59,0.1,0.18,0.09,0.63
58,2,1,4,0.05,0.05,0.2,0.7,0.05,0.05,0.1,0.8
58,3,6,1,0.05,0.15,0.4,0.4,0.05,0.05,0.1,0.8
58,4,2,4,0.06,0.21,0.21,0.52,0.06,0.21,0.21,0.52
58,5,4,2,0.26,0.11,0.07,0.56,0.2,0.05,0.05,0.7
58,6,4,2,0.25,0.05,0.1,0.6,0.05,0.1,0.15,0.7
58,7,2,4,0.1,0.18,0.09,0.63,0,0.3,0.05,0.65
58,8,1,4,0,0.2,0.1,0.7,0,0.2,0,0.8
58,9,2,2,0.1,0.2,0.1,0.6,0,0.3,0.1,0.6
58,10,1,4,0.05,0.25,0.1,0.6,0.05,0.3,0.05,0.6
59,1,1,4,0.1,0.25,0.25,0.4,0.1,0.2,0.2,0.5
59,2,1,4,0.1,0.2,0.2,0.5,0.1,0.15,0.15,0.6
59,3,6,1,0.05,0.15,0.3,0.5,0.05,0.1,0.25,0.6
59,4,1,4,0.1,0.25,0.25,0.4,0.1,0.2,0.2,0.5
59,5,5,2,0.25,0.15,0.1,0.5,0.2,0.15,0.05,0.6
59,6,5,2,0.06,0.25,0.2,0.49,0.05,0.2,0.15,0.6
59,7,1,4,0.05,0.25,0.15,0.55,0.05,0.24,0.1,0.61
59,8,2,4,0.15,0.3,0.15,0.4,0.1,0.3,0.1,0.5
59,9,4,2,0.15,0.3,0.2,0.35,0.1,0.3,0.15,0.45
59,10,1,4,0.05,0.2,0.2,0.55,0.05,0.15,0.15,0.65
60,1,0,4,0.12,0.26,0.17,0.45,0.2,0.2,0.2,0.4
60,2,0,4,0.1,0.2,0.25,0.45,0.1,0.15,0.25,0.5
60,3,6,1,0.1,0.1,0.4,0.4,0,0,0.34,0.66
60,4,1,4,0.1,0.25,0.25,0.4,0.1,0.24,0.22,0.44
60,5,6,2,0.2,0.1,0.1,0.6,0.2,0.1,0.1,0.6
60,6,2,2,0.11,0.35,0.2,0.34,0.07,0.24,0.23,0.46
60,7,0,4,0.11,0.27,0.09,0.53,0,0.31,0.09,0.6
60,8,2,4,0.25,0.25,0.25,0.25,0.2,0.22,0.2,0.38
60,9,3,2,0.11,0.1,0.3,0.49,0.11,0.16,0.18,0.55
60,10,0,4,0.1,0.25,0.24,0.41,0,0.26,0.24,0.5
61,1,0,4,0.03,0.14,0.14,0.69,0.02,0.09,0.09,0.8
61,2,0,4,0.06,0.18,0.18,0.58,0.01,0.05,0.05,0.89
61,3,5,1,0.15,0.15,0.35,0.35,0.05,0.05,0.2,0.7
61,4,0,4,0.1,0.1,0.2,0.6,0.07,0.08,0.15,0.7
61,5,4,2,0.3,0.15,0.15,0.4,0.15,0.15,0.15,0.55
61,6,3,2,0.05,0.25,0.1,0.6,0.05,0.2,0.1,0.65
61,7,0,4,0.05,0.15,0.05,0.75,0.01,0.18,0.01,0.8
61,8,1,4,0.1,0.2,0.1,0.6,0.05,0.25,0.05,0.65
61,9,3,2,0.15,0.3,0.15,0.4,0.05,0.25,0.15,0.55
61,10,1,4,0.1,0.2,0.2,0.5,0.05,0.2,0.2,0.55
62,1,0,4,0.1,0.25,0.25,0.4,0.05,0.05,0.3,0.6
62,2,1,4,0.14,0.23,0.27,0.36,0.1,0.25,0.25,0.4
62,3,6,1,0.1,0.15,0.35,0.4,0.1,0.15,0.3,0.45
62,4,1,4,0.12,0.18,0.3,0.4,0.1,0.15,0.25,0.5
62,5,5,2,0.25,0.15,0.1,0.5,0.2,0.1,0.05,0.65
62,6,4,2,0.05,0.23,0.22,0.5,0.06,0.11,0.1,0.73
62,7,0,4,0.05,0.3,0.05,0.6,0.05,0.3,0.05,0.6
62,8,1,4,0.15,0.25,0.2,0.4,0.15,0.25,0.2,0.4
62,9,3,2,0.15,0.3,0.2,0.35,0.05,0.25,0.1,0.6
62,10,0,4,0.1,0.15,0.15,0.6,0.1,0.15,0.15,0.6
63,1,0,4,0,0.12,0.33,0.55,0.03,0.15,0.27,0.55
63,2,0,4,0.04,0.23,0.23,0.5,0.04,0.23,0.23,0.5
63,3,6,1,0,0,0.17,0.83,0,0,0.17,0.83
63,4,0,4,0,0.15,0.14,0.71,0.05,0.15,0.2,0.6
63,5,6,2,0.41,0.07,0.06,0.46,0.3,0.05,0.05,0.6
63,6,3,2,0,0.08,0.39,0.53,0.02,0.08,0.3,0.6
63,7,0,4,0,0.34,0,0.66,0,0.33,0,0.67
63,8,0,4,0.13,0.13,0.12,0.62,0.13,0.13,0.2,0.54
63,9,3,2,0.09,0.42,0.08,0.41,0.05,0.3,0.05,0.6
63,10,0,4,0.07,0.2,0.2,0.53,0.07,0.2,0.2,0.53
64,1,1,4,0.16,0.28,0.06,0.5,0.11,0.19,0.04,0.66
64,2,1,4,0.09,0.14,0.3,0.47,0.07,0.1,0.2,0.63
64,3,4,1,0.1,0.2,0.32,0.38,0.08,0.14,0.23,0.55
64,4,0,4,0.06,0.23,0.23,0.48,0.07,0.18,0.18,0.57
64,5,4,2,0.29,0.13,0.12,0.46,0.22,0.09,0.09,0.6
64,6,2,2,0.09,0.29,0.19,0.43,0.06,0.21,0.14,0.59
64,7,0,4,0.02,0.3,0.09,0.59,0.02,0.19,0.06,0.73
64,8,0,4,0.14,0.11,0.1,0.65,0.1,0.06,0.06,0.78
64,9,3,2,0.1,0.3,0.1,0.5,0.07,0.21,0.06,0.66
64,10,0,4,0.05,0.24,0.24,0.47,0.03,0.17,0.16,0.64
65,1,0,4,0.05,0.25,0.2,0.5,0.05,0.2,0.15,0.6
65,2,0,4,0.07,0.18,0.25,0.5,0.07,0.16,0.17,0.6
65,3,6,1,0.13,0.13,0.22,0.52,0.11,0.11,0.2,0.58
65,4,0,4,0.09,0.22,0.27,0.42,0.06,0.22,0.27,0.45
65,5,4,2,0.21,0.2,0.15,0.44,0.16,0.2,0.15,0.49
65,6,4,2,0.1,0.32,0.17,0.41,0.1,0.32,0.17,0.41
65,7,0,4,0.07,0.3,0.13,0.5,0.07,0.2,0.13,0.6
65,8,0,4,0.13,0.27,0.22,0.38,0.11,0.26,0.18,0.45
65,9,3,2,0.13,0.17,0.29,0.41,0.13,0.16,0.24,0.47
65,10,0,4,0.06,0.19,0.19,0.56,0.06,0.19,0.19,0.56
66,1,0,4,0.06,0.26,0.14,0.54,0.03,0.13,0.07,0.77
66,2,1,4,0.06,0.21,0.21,0.52,0.03,0.1,0.11,0.76
66,3,6,1,0.19,0.16,0.27,0.38,0.09,0.08,0.14,0.69
66,4,1,4,0.15,0.25,0.24,0.36,0.07,0.13,0.12,0.68
66,5,5,2,0.28,0.1,0.15,0.47,0.14,0.05,0.07,0.74
66,6,4,2,0.14,0.31,0.15,0.4,0.07,0.16,0.07,0.7
66,7,1,4,0.01,0.31,0.03,0.65,0,0.19,0.01,0.8
66,8,0,4,0.08,0.16,0.08,0.68,0.04,0.08,0.04,0.84
66,9,4,2,0.1,0.26,0.11,0.53,0.05,0.13,0.07,0.75
66,10,1,4,0.05,0.25,0.2,0.5,0.01,0.12,0.1,0.77
67,1,1,4,0.2,0.2,0.2,0.4,0.14,0.18,0.18,0.5
67,2,1,4,0.08,0.13,0.19,0.6,0.04,0.09,0.12,0.75
67,3,6,1,0.18,0.1,0.36,0.36,0.05,0.05,0.3,0.6
67,4,1,4,0.11,0.22,0.22,0.45,0.12,0.2,0.2,0.48
67,5,5,2,0.26,0.15,0.14,0.45,0.22,0.14,0.13,0.51
67,6,5,2,0.07,0.32,0.14,0.47,0.07,0.32,0.14,0.47
67,7,0,4,0,0.34,0.13,0.53,0,0.29,0.13,0.58
67,8,0,4,0.24,0.23,0.11,0.42,0.18,0.28,0.1,0.44
67,9,4,2,0.34,0.16,0.16,0.34,0.23,0.16,0.15,0.46
67,10,0,4,0.06,0.19,0.18,0.57,0.06,0.19,0.18,0.57
68,1,0,4,0,0.18,0.11,0.71,0,0.16,0.06,0.78
68,2,0,4,0.04,0.12,0.17,0.67,0.02,0.02,0.08,0.88
68,3,6,1,0.04,0.09,0.2,0.67,0,0,0.12,0.88
68,4,1,4,0,0.07,0.29,0.64,0,0.07,0.08,0.85
68,5,5,2,0.26,0.02,0.07,0.65,0.15,0.05,0.04,0.76
68,6,2,2,0.06,0.21,0.07,0.66,0.05,0.28,0.05,0.62
68,7,1,4,0.02,0.4,0.01,0.57,0,0.4,0.02,0.58
68,8,1,4,0.04,0.28,0.17,0.51,0.02,0.24,0.18,0.56
68,9,1,2,0.04,0.4,0.06,0.5,0.04,0.24,0.05,0.67
68,10,0,4,0,0.22,0.34,0.44,0,0.13,0.3,0.57
69,1,1,4,0.06,0.3,0.23,0.41,0.06,0.24,0.16,0.54
69,2,1,4,0.05,0.05,0.2,0.7,0.05,0.05,0.2,0.7
69,3,3,1,0.14,0.34,0.06,0.46,0.07,0.25,0.03,0.65
69,4,2,4,0.04,0.23,0.09,0.64,0.03,0.22,0.08,0.67
69,5,3,2,0.36,0.07,0.07,0.5,0.25,0.05,0.05,0.65
69,6,2,2,0.05,0.35,0.13,0.47,0,0.31,0.02,0.67
69,7,1,4,0,0.2,0.04,0.76,0,0.2,0.04,0.76
69,8,1,4,0.03,0.14,0.14,0.69,0.03,0.14,0.14,0.69
69,9,2,2,0.05,0.41,0.1,0.44,0.01,0.28,0.04,0.67
69,10,1,4,0.04,0.27,0.19,0.5,0.01,0.21,0.11,0.67
70,1,0,4,0,0.08,0.08,0.84,0,0.08,0.08,0.84
70,2,0,4,0,0,0,1,0,0,0,1
70,3,6,1,0,0.13,0.15,0.72,0,0.13,0.15,0.72
70,4,0,4,0.1,0.08,0.08,0.74,0.1,0.08,0.08,0.74
70,5,5,2,0.25,0,0,0.75,0.1,0.07,0.08,0.75
70,6,4,2,0.06,0.05,0.05,0.84,0.06,0.05,0.05,0.84
70,7,0,4,0,0.15,0,0.85,0,0.15,0,0.85
70,8,0,4,0,0,0.43,0.57,0,0,0.34,0.66
70,9,3,2,0,0.87,0.04,0.09,0,0.27,0.04,0.69
70,10,0,4,0,0,0,1,0,0.09,0,0.91
71,1,1,4,0,0.25,0.3,0.45,0,0.2,0.2,0.6
71,2,2,4,0,0,0.38,0.62,0,0,0.34,0.66
71,3,5,1,0.11,0.08,0.36,0.45,0.11,0.08,0.21,0.6
71,4,1,4,0.11,0.28,0.2,0.41,0.08,0.12,0.06,0.74
71,5,6,2,0.41,0.12,0.03,0.44,0.17,0.07,0.03,0.73
71,6,4,2,0,0.25,0.25,0.5,0.06,0.24,0.1,0.6
71,7,0,4,0,0.3,0,0.7,0,0.3,0,0.7
71,8,4,4,0.15,0.2,0.31,0.34,0.12,0.15,0.22,0.51
71,9,3,2,0.2,0.35,0.18,0.27,0.03,0.35,0.03,0.59
71,10,2,4,0.1,0.28,0.21,0.41,0.06,0.28,0.15,0.51
72,1,1,4,0.25,0.25,0.25,0.25,0.15,0.14,0.14,0.57
72,2,1,4,0.25,0.25,0.25,0.25,0.13,0.13,0.12,0.62
72,3,6,1,0,0.35,0,0.65,0,0.15,0.22,0.63
72,4,1,4,0.12,0.11,0.11,0.66,0.12,0.11,0.11,0.66
72,5,4,2,0.37,0.15,0.05,0.43,0.17,0.16,0.17,0.5
72,6,2,2,0.15,0.25,0.2,0.4,0.15,0.25,0.2,0.4
72,7,1,4,0.05,0.3,0.2,0.45,0.05,0.3,0.1,0.55
72,8,2,4,0.2,0.05,0.25,0.5,0.05,0.1,0.34,0.51
72,9,3,2,0.05,0.35,0.1,0.5,0.05,0.25,0.2,0.5
72,10,2,4,0.15,0.18,0.18,0.49,0.15,0.18,0.18,0.49
73,1,0,4,0.16,0.19,0.25,0.4,0.16,0.24,0.2,0.4
73,2,0,4,0.13,0.11,0.26,0.5,0.06,0.06,0.21,0.67
73,3,5,1,0.07,0.07,0.31,0.55,0,0,0,1
73,4,0,4,0.05,0.05,0.26,0.64,0.05,0.05,0.29,0.61
73,5,5,2,0.33,0,0,0.67,0.33,0,0,0.67
73,6,3,2,0.06,0.3,0.04,0.6,0.06,0.3,0.04,0.6
73,7,1,4,0,0,0,1,0,0.1,0,0.9
73,8,4,4,0.13,0.39,0.15,0.33,0,0.38,0,0.62
73,9,6,2,0.08,0.08,0.33,0.51,0.08,0.08,0.33,0.51
73,10,0,4,0,0.38,0,0.62,0,0.34,0,0.66
74,1,1,4,0.1,0.2,0.2,0.5,0.04,0.13,0.13,0.7
74,2,1,4,0.12,0.08,0.25,0.55,0.05,0.05,0.15,0.75
74,3,4,1,0.1,0.1,0.3,0.5,0.07,0.08,0.2,0.65
74,4,1,4,0.15,0.23,0.22,0.4,0.1,0.15,0.15,0.6
74,5,4,2,0.18,0.1,0.12,0.6,0.15,0.05,0.05,0.75
74,6,3,2,0.05,0.19,0.11,0.65,0.05,0.19,0.11,0.65
74,7,1,4,0.02,0.27,0.06,0.65,0,0.27,0.06,0.67
74,8,1,4,0.12,0.18,0.1,0.6,0.08,0.14,0.08,0.7
74,9,3,2,0.15,0.35,0.15,0.35,0.06,0.3,0.12,0.52
74,10,1,4,0.07,0.25,0.25,0.43,0.04,0.17,0.16,0.63
75,1,0,4,0.05,0.25,0.2,0.5,0.05,0.25,0.2,0.5
75,2,0,4,0.05,0.1,0.25,0.6,0.05,0.1,0.25,0.6
75,3,6,1,0.02,0.03,0.41,0.54,0.02,0.03,0.21,0.74
75,4,1,4,0.05,0.05,0.3,0.6,0.05,0.05,0.3,0.6
75,5,3,2,0.25,0.05,0.1,0.6,0.25,0.05,0.1,0.6
75,6,2,2,0.06,0.09,0.1,0.75,0.06,0.09,0.1,0.75
75,7,1,4,0,0.2,0,0.8,0,0.2,0,0.8
75,8,1,4,0.05,0.15,0.05,0.75,0.05,0.25,0.05,0.65
75,9,1,2,0.05,0.25,0.05,0.65,0.05,0.25,0.05,0.65
75,10,0,4,0.11,0.14,0.15,0.6,0.11,0.14,0.15,0.6
76,1,0,4,0.04,0.08,0.2,0.68,0.04,0.07,0.14,0.75
76,2,0,4,0.04,0.04,0.18,0.74,0.02,0.02,0.09,0.87
76,3,6,1,0.03,0,0.49,0.48,0.03,0,0.73,0.24
76,4,0,4,0.15,0.18,0.13,0.54,0.09,0.07,0.04,0.8
76,5,4,2,0.4,0.4,0.1,0.1,0.12,0.12,0.02,0.74
76,6,2,2,0,0.15,0.15,0.7,0,0.07,0.08,0.85
76,7,0,4,0,0.1,0,0.9,0,0.02,0,0.98
76,8,0,4,0.03,0.11,0.11,0.75,0,0,0.14,0.86
76,9,3,2,0.1,0.4,0.1,0.4,0.05,0.39,0.08,0.48
76,10,0,4,0.09,0.26,0.25,0.4,0.07,0.19,0.17,0.57
77,1,1,4,0.04,0.15,0.06,0.75,0.04,0.15,0.06,0.75
77,2,1,4,0.02,0.08,0.1,0.8,0.01,0.01,0.1,0.88
77,3,6,1,0.02,0.04,0.38,0.56,0,0.02,0.25,0.73
77,4,1,4,0.02,0.31,0.22,0.45,0.02,0.15,0.11,0.72
77,5,4,2,0.33,0.07,0.11,0.49,0.16,0.04,0.06,0.74
77,6,4,2,0.02,0.34,0.2,0.44,0.01,0.17,0.1,0.72
77,7,1,4,0,0.31,0,0.69,0,0.2,0,0.8
77,8,1,4,0.06,0.38,0.05,0.51,0.01,0.2,0.01,0.78
77,9,4,2,0.03,0.37,0.1,0.5,0.01,0.2,0.05,0.74
77,10,1,4,0.01,0.2,0.2,0.59,0.01,0.15,0.15,0.69
78,1,1,4,0.1,0.15,0.25,0.5,0.11,0.15,0.24,0.5
78,2,1,4,0.05,0.05,0.4,0.5,0.15,0.15,0.2,0.5
78,3,5,1,0.1,0.1,0.35,0.45,0.05,0.25,0.25,0.45
78,4,1,4,0.1,0.2,0.2,0.5,0.1,0.2,0.2,0.5
78,5,5,2,0.4,0.15,0.05,0.4,0.2,0.2,0.2,0.4
78,6,1,2,0.15,0.25,0.15,0.45,0.15,0.2,0.2,0.45
78,7,1,4,0.05,0.25,0.1,0.6,0.15,0.15,0.1,0.6
78,8,1,4,0.09,0.21,0.2,0.5,0.1,0.1,0.3,0.5
78,9,2,2,0.25,0.25,0.25,0.25,0.2,0.2,0.2,0.4
78,10,2,4,0.05,0.07,0.08,0.8,0.1,0.15,0.15,0.6
79,1,1,4,0,0.1,0.05,0.85,0,0.03,0.04,0.93
79,2,0,4,0.03,0.05,0.12,0.8,0,0,0,1
79,3,6,1,0.05,0.05,0.35,0.55,0,0,0.1,0.9
79,4,1,4,0.1,0.1,0.35,0.45,0.05,0.05,0.1,0.8
79,5,4,2,0.35,0.05,0.1,0.5,0.1,0.05,0,0.85
79,6,5,2,0.05,0.4,0.1,0.45,0,0.15,0,0.85
79,7,1,4,0.05,0.35,0.05,0.55,0,0.1,0,0.9
79,8,2,4,0.05,0.45,0.05,0.45,0.05,0.5,0,0.45
79,9,5,2,0.05,0.4,0.05,0.5,0,0.2,0,0.8
79,10,1,4,0.1,0.1,0.2,0.6,0,0,0.1,0.9
80,1,0,4,0.06,0.12,0.32,0.5,0,0,0,1
80,2,1,4,0.18,0.13,0.27,0.42,0.05,0.02,0.09,0.84
80,3,1,1,0.2,0.1,0.3,0.4,0.08,0.01,0.21,0.7
80,4,2,4,0.2,0.25,0.2,0.35,0.05,0.17,0.1,0.68
80,5,4,2,0.3,0.21,0.14,0.35,0.31,0.08,0,0.61
80,6,5,2,0.12,0.25,0.23,0.4,0,0.15,0.05,0.8
80,7,1,4,0,0.33,0.28,0.39,0,0.34,0.11,0.55
80,8,2,4,0.12,0.18,0.32,0.38,0.08,0,0.32,0.6
80,9,4,2,0.25,0.3,0.17,0.28,0.18,0.3,0.07,0.45
80,10,3,4,0.2,0.25,0.25,0.3,0.15,0.16,0.16,0.53
81,1,2,4,0.14,0.35,0.01,0.5,0.14,0.15,0.01,0.7
81,2,1,4,0.06,0.06,0.25,0.63,0.03,0.03,0.09,0.85
81,3,6,1,0.02,0.02,0.26,0.7,0.01,0.01,0.1,0.88
81,4,2,4,0.05,0.15,0.2,0.6,0.02,0.03,0.2,0.75
81,5,5,2,0.31,0.03,0,0.66,0.2,0,0,0.8
81,6,5,2,0.01,0.13,0.13,0.73,0.01,0.13,0.13,0.73
81,7,1,4,0.01,0.15,0.01,0.83,0.01,0.15,0.01,0.83
81,8,1,4,0.05,0.45,0.05,0.45,0.09,0.13,0.21,0.57
81,9,4,2,0.05,0.19,0.02,0.74,0.05,0.19,0.02,0.74
81,10,1,4,0.01,0.2,0.19,0.6,0.01,0.11,0.11,0.77
82,1,0,4,0,0.17,0,0.83,0,0.16,0,0.84
82,2,0,4,0,0,0.13,0.87,0,0,0.05,0.95
82,3,5,1,0,0.11,0.1,0.79,0,0.05,0.05,0.9
82,4,0,4,0,0.1,0.2,0.7,0,0.05,0.09,0.86
82,5,5,2,0.12,0.19,0,0.69,0.02,0.06,0,0.92
82,6,2,2,0,0.37,0.08,0.55,0,0.26,0.04,0.7
82,7,0,4,0,0.13,0,0.87,0,0.08,0,0.92
82,8,0,4,0.06,0.14,0.11,0.69,0.02,0.1,0.08,0.8
82,9,2,2,0,0.4,0.1,0.5,0,0.2,0.05,0.75
82,10,0,4,0.08,0.16,0.15,0.61,0.05,0.1,0.1,0.75
83,1,1,4,0.4,0.25,0.3,0.05,0.65,0.1,0.2,0.05
83,2,0,4,0.03,0.07,0.25,0.65,0,0.05,0.1,0.85
83,3,5,1,0.05,0.05,0.25,0.65,0,0,0.15,0.85
83,4,0,4,0.05,0.1,0.15,0.7,0,0.11,0.16,0.73
83,5,5,2,0.2,0.15,0.05,0.6,0.2,0.05,0.05,0.7
83,6,3,2,0.06,0.28,0.28,0.38,0,0.14,0.14,0.72
83,7,0,4,0.05,0.33,0.05,0.57,0.05,0.3,0.05,0.6
83,8,0,4,0.14,0.2,0.13,0.53,0.07,0.14,0.07,0.72
83,9,3,2,0.11,0.32,0.15,0.42,0.05,0.38,0.09,0.48
83,10,0,4,0.07,0.19,0.24,0.5,0.05,0.16,0.19,0.6
84,1,0,4,0.06,0.14,0.13,0.67,0.04,0.06,0.06,0.84
84,2,0,4,0.07,0.09,0.1,0.74,0.04,0.05,0.05,0.86
84,3,5,1,0.07,0.07,0.21,0.65,0.03,0.04,0.11,0.82
84,4,1,4,0.04,0.22,0.21,0.53,0.03,0.11,0.11,0.75
84,5,5,2,0.13,0.08,0.08,0.71,0.07,0.04,0.04,0.85
84,6,4,2,0.03,0.27,0.1,0.6,0.02,0.13,0.05,0.8
84,7,0,4,0.03,0.18,0.02,0.77,0.01,0.09,0.01,0.89
84,8,0,4,0.04,0.16,0.11,0.69,0.01,0.08,0.06,0.85
84,9,4,2,0.04,0.28,0.17,0.51,0.02,0.14,0.08,0.76
84,10,0,4,0.07,0.21,0.17,0.55,0.04,0.11,0.08,0.77
85,1,1,4,0.08,0.25,0.17,0.5,0.08,0.25,0.17,0.5
85,2,1,4,0.26,0.1,0.06,0.58,0.28,0.1,0.05,0.57
85,3,4,1,0.17,0.17,0.26,0.4,0.09,0.1,0.17,0.64
85,4,1,4,0.1,0.2,0.22,0.48,0.1,0.2,0.22,0.48
85,5,4,2,0.35,0.1,0.05,0.5,0.25,0.1,0.05,0.6
85,6,3,2,0.03,0.3,0.1,0.57,0.03,0.3,0.1,0.57
85,7,1,4,0.07,0.27,0.07,0.59,0.07,0.25,0.07,0.61
85,8,1,4,0.1,0.2,0.12,0.58,0.1,0.2,0.12,0.58
85,9,3,2,0.05,0.27,0.29,0.39,0.05,0.24,0.16,0.55
85,10,0,4,0.05,0.2,0.15,0.6,0.05,0.2,0.15,0.6
86,1,1,4,0.03,0.13,0.24,0.6,0.03,0.07,0.1,0.8
86,2,0,4,0.01,0.05,0.05,0.89,0.01,0.01,0.01,0.97
86,3,6,1,0.01,0.01,0.39,0.59,0,0,0.33,0.67
86,4,1,4,0.03,0.11,0.1,0.76,0.05,0.22,0.22,0.51
86,5,4,2,0.36,0.07,0.07,0.5,0.16,0.07,0.07,0.7
86,6,4,2,0.02,0.29,0.29,0.4,0.16,0.17,0.17,0.5
86,7,2,4,0.01,0.35,0.01,0.63,0.01,0.35,0.01,0.63
86,8,1,4,0.05,0.05,0.05,0.85,0.05,0.05,0.05,0.85
86,9,4,2,0.07,0.21,0.07,0.65,0.07,0.21,0.07,0.65
86,10,0,4,0.03,0.03,0.04,0.9,0.03,0.03,0.04,0.9
87,1,0,4,0.06,0.14,0.13,0.67,0.04,0.1,0.09,0.77
87,2,0,4,0.04,0.1,0.2,0.66,0.04,0.11,0.13,0.72
87,3,5,1,0.06,0.09,0.27,0.58,0.06,0.08,0.2,0.66
87,4,2,4,0.07,0.15,0.16,0.62,0.04,0.11,0.13,0.72
87,5,3,2,0.28,0.12,0.05,0.55,0.24,0.08,0.03,0.65
87,6,1,2,0.04,0.34,0.12,0.5,0.04,0.32,0.12,0.52
87,7,0,4,0.02,0.34,0.03,0.61,0,0.33,0.03,0.64
87,8,1,4,0.1,0.13,0.09,0.68,0.08,0.24,0.06,0.62
87,9,2,2,0.11,0.26,0.1,0.53,0.06,0.23,0.1,0.61
87,10,1,4,0.05,0.22,0.21,0.52,0,0.23,0.18,0.59
88,1,3,4,0.08,0.16,0.33,0.43,0.09,0.27,0.29,0.35
88,2,2,4,0.13,0.15,0.3,0.42,0.13,0.15,0.3,0.42
88,3,6,1,0.17,0.06,0.37,0.4,0.13,0.04,0.26,0.57
88,4,2,4,0.11,0.2,0.19,0.5,0.11,0.2,0.19,0.5
88,5,6,2,0.38,0.16,0.09,0.37,0.5,0.18,0.02,0.3
88,6,6,2,0.09,0.26,0.16,0.49,0.04,0.14,0.08,0.74
88,7,3,4,0.06,0.18,0.06,0.7,0.06,0.18,0.06,0.7
88,8,2,4,0.06,0.12,0.24,0.58,0.06,0.12,0.24,0.58
88,9,3,2,0.15,0.36,0.14,0.35,0.1,0.21,0.07,0.62
88,10,1,4,0.1,0.27,0.15,0.48,0.06,0.17,0.09,0.68
89,1,0,4,0.05,0.2,0.2,0.55,0,0.05,0.05,0.9
89,2,0,4,0.05,0.05,0.3,0.6,0,0.05,0.15,0.8
89,3,6,1,0.1,0.1,0.35,0.45,0,0,0.4,0.6
89,4,0,4,0.05,0.1,0.1,0.75,0,0.05,0.05,0.9
89,5,4,2,0.15,0.1,0.05,0.7,0.1,0.05,0,0.85
89,6,3,2,0,0.2,0.15,0.65,0,0.13,0.07,0.8
89,7,0,4,0,0.2,0,0.8,0,0.1,0,0.9
89,8,1,4,0.05,0.2,0.05,0.7,0,0.15,0,0.85
89,9,3,2,0.1,0.35,0.15,0.4,0,0.15,0.05,0.8
89,10,0,4,0.04,0.07,0.09,0.8,0,0.05,0.05,0.9
90,1,0,4,0.15,0.12,0.14,0.59,0.12,0.09,0.1,0.69
90,2,0,4,0.03,0.11,0.1,0.76,0.03,0.1,0.08,0.79
90,3,5,1,0.07,0.07,0.4,0.46,0.04,0.03,0.3,0.63
90,4,0,4,0.06,0.28,0.28,0.38,0.04,0.13,0.14,0.69
90,5,4,2,0.19,0.09,0.09,0.63,0.11,0.05,0.05,0.79
90,6,4,2,0.03,0.14,0.35,0.48,0.03,0.06,0.14,0.77
90,7,0,4,0.02,0.33,0.01,0.64,0.02,0.17,0.01,0.8
90,8,0,4,0.13,0.13,0.12,0.62,0.13,0.13,0.12,0.62
90,9,4,2,0.1,0.33,0.09,0.48,0.05,0.16,0.05,0.74
90,10,0,4,0.06,0.27,0.27,0.4,0.03,0.16,0.16,0.65
91,1,1,4,0.15,0.25,0,0.6,0,0.27,0.1,0.63
91,2,0,4,0,0,0.05,0.95,0,0,0.05,0.95
91,3,6,1,0,0,0,1,0,0,0,1
91,4,1,4,0,0,0,1,0,0,0,1
91,5,6,2,0.5,0,0,0.5,0.2,0,0,0.8
91,6,5,2,0,0.1,0,0.9,0,0.1,0,0.9
91,7,2,4,0,0.3,0,0.7,0,0.3,0,0.7
91,8,2,4,0,0,0.1,0.9,0,0,0.3,0.7
91,9,5,2,0,0.2,0,0.8,0,0.2,0,0.8
91,10,1,4,0,0.1,0,0.9,0,0.1,0,0.9
92,1,0,4,0.15,0.25,0.25,0.35,0.12,0.22,0.22,0.44
92,2,0,4,0.16,0.22,0.24,0.38,0.1,0.18,0.18,0.54
92,3,6,1,0.18,0.18,0.25,0.39,0.12,0.13,0.23,0.52
92,4,0,4,0.11,0.1,0.29,0.5,0.06,0.07,0.25,0.62
92,5,5,2,0.21,0.14,0.15,0.5,0.18,0.11,0.1,0.61
92,6,4,2,0.36,0.12,0.1,0.42,0.08,0.27,0.1,0.55
92,7,0,4,0.08,0.28,0.08,0.56,0.03,0.26,0.03,0.68
92,8,1,4,0.15,0.37,0.12,0.36,0.13,0.34,0.09,0.44
92,9,4,2,0.11,0.26,0.22,0.41,0.07,0.26,0.17,0.5
92,10,0,4,0.08,0.21,0.2,0.51,0.05,0.18,0.17,0.6
93,1,1,4,0.1,0.2,0.3,0.4,0.05,0.2,0.25,0.5
93,2,0,4,0.15,0.15,0.15,0.55,0.1,0.1,0.1,0.7
93,3,6,1,0.1,0.05,0.42,0.43,0.05,0.05,0.45,0.45
93,4,1,4,0.1,0.25,0.2,0.45,0.1,0.2,0.15,0.55
93,5,5,2,0.2,0.15,0.15,0.5,0.08,0.08,0.09,0.75
93,6,2,2,0.15,0.32,0.15,0.38,0.15,0.25,0.15,0.45
93,7,0,4,0,0.25,0,0.75,0,0.25,0,0.75
93,8,1,4,0.16,0.18,0.16,0.5,0.16,0.18,0.16,0.5
93,9,2,2,0.05,0.23,0.22,0.5,0.05,0.23,0.22,0.5
93,10,1,4,0.1,0.2,0.2,0.5,0.1,0.2,0.2,0.5
94,1,2,4,0.2,0.2,0.2,0.4,0.2,0.2,0.2,0.4
94,2,2,4,0.15,0.15,0.15,0.55,0.15,0.15,0.15,0.55
94,3,5,1,0.05,0.15,0.25,0.55,0.05,0.15,0.25,0.55
94,4,2,4,0.05,0.25,0.25,0.45,0.05,0.23,0.22,0.5
94,5,5,2,0.25,0.1,0.1,0.55,0.25,0.1,0.1,0.55
94,6,3,2,0.2,0.2,0.2,0.4,0.2,0.2,0.2,0.4
94,7,2,4,0.05,0.35,0.05,0.55,0.05,0.35,0.05,0.55
94,8,2,4,0.15,0.15,0.15,0.55,0.15,0.15,0.15,0.55
94,9,5,2,0.25,0.25,0.25,0.25,0.14,0.16,0.1,0.6
94,10,1,4,0.05,0.2,0.1,0.65,0.05,0.2,0.1,0.65
95,1,5,4,0.25,0.25,0.25,0.25,0.25,0.25,0.25,0.25
95,2,0,4,0.1,0.15,0.25,0.5,0.1,0.15,0.25,0.5
95,3,6,1,0,0,0.5,0.5,0,0,0.35,0.65
95,4,0,4,0.2,0.2,0.2,0.4,0.2,0.2,0.2,0.4
95,5,2,2,0.6,0,0,0.4,0.15,0.15,0.15,0.55
95,6,1,2,0.25,0.25,0.25,0.25,0.2,0.2,0.2,0.4
95,7,0,4,0,0.2,0.1,0.7,0,0,0,1
95,8,1,4,0.25,0.25,0.25,0.25,0,0,0.5,0.5
95,9,4,2,0.25,0.25,0.25,0.25,0.15,0.15,0.15,0.55
95,10,0,4,0.1,0.1,0.1,0.7,0.1,0.1,0.1,0.7
96,1,1,4,0.06,0.28,0.28,0.38,0.05,0.15,0.15,0.65
96,2,1,4,0.05,0.15,0.15,0.65,0.05,0.1,0.1,0.75
96,3,5,1,0.15,0.15,0.3,0.4,0.1,0.1,0.2,0.6
96,4,1,4,0,0.2,0.2,0.6,0,0.2,0.2,0.6
96,5,5,2,0.2,0.2,0.1,0.5,0.15,0.15,0.05,0.65
96,6,3,2,0.1,0.3,0.1,0.5,0.05,0.2,0.1,0.65
96,7,1,4,0,0.25,0,0.75,0,0.15,0,0.85
96,8,1,4,0.15,0.15,0.15,0.55,0.1,0.1,0.1,0.7
96,9,4,2,0.1,0.3,0.2,0.4,0.05,0.2,0.1,0.65
96,10,2,4,0.1,0.2,0.2,0.5,0,0.1,0.1,0.8
97,1,0,4,0.05,0.25,0.25,0.45,0.05,0.15,0.1,0.7
97,2,0,4,0.05,0.05,0.3,0.6,0,0,0.2,0.8
97,3,6,1,0.1,0.11,0.23,0.56,0,0,0,1
97,4,0,4,0.05,0.25,0.25,0.45,0,0.1,0.1,0.8
97,5,6,2,0.25,0.25,0.11,0.39,0,0,0,1
97,6,5,2,0.06,0.35,0.09,0.5,0,0.2,0,0.8
97,7,0,4,0.05,0.25,0.05,0.65,0,0.1,0,0.9
97,8,0,4,0.06,0.06,0.05,0.83,0,0,0,1
97,9,4,2,0.05,0.3,0.05,0.6,0,0.3,0,0.7
97,10,0,4,0.05,0.25,0.25,0.45,0,0.1,0.1,0.8
98,1,1,4,0,0,0.4,0.6,0,0,0.2,0.8
98,2,1,4,0,0,0.25,0.75,0,0,0.25,0.75
98,3,5,1,0,0,0.4,0.6,0,0,0.32,0.68
98,4,1,4,0,0.36,0.15,0.49,0.1,0.15,0.15,0.6
98,5,3,2,0.25,0.25,0.25,0.25,0.1,0.1,0.1,0.7
98,6,4,2,0.25,0.25,0.25,0.25,0.1,0.1,0.1,0.7
98,7,1,4,0.1,0.1,0.1,0.7,0.1,0.1,0.1,0.7
98,8,1,4,0.1,0.1,0.1,0.7,0.1,0.1,0.1,0.7
98,9,2,2,0.1,0.7,0.1,0.1,0.1,0.1,0.1,0.7
98,10,1,4,0.1,0.1,0.1,0.7,0.1,0.15,0.1,0.65
99,1,1,4,0.08,0.2,0.15,0.57,0.08,0.14,0.13,0.65
99,2,1,4,0.06,0.1,0.1,0.74,0.03,0.09,0.09,0.79
99,3,2,1,0.02,0.11,0.1,0.77,0.02,0.07,0.06,0.85
99,4,1,4,0.03,0.08,0.18,0.71,0.03,0.08,0.07,0.82
99,5,2,2,0.08,0.1,0.09,0.73,0.06,0.09,0.07,0.78
99,6,1,2,0.05,0.66,0.05,0.24,0.05,0.21,0.04,0.7
99,7,1,4,0.04,0.2,0.05,0.71,0.03,0.13,0.03,0.81
99,8,1,4,0.06,0.31,0.21,0.42,0.05,0.24,0.16,0.55
99,9,1,2,0.12,0.29,0.07,0.52,0.08,0.19,0.03,0.7
99,10,1,4,0.08,0.18,0.18,0.56,0.04,0.11,0.11,0.74
100,1,0,4,0.07,0.33,0.16,0.44,0.14,0.15,0.16,0.55
100,2,0,4,0.06,0.31,0.17,0.46,0.18,0.18,0.18,0.46
100,3,6,1,0.13,0.29,0.19,0.39,0.07,0.08,0.07,0.78
100,4,0,4,0.11,0.18,0.29,0.42,0.11,0.18,0.29,0.42
100,5,5,2,0.13,0.11,0.07,0.69,0.01,0,0.03,0.96
100,6,5,2,0.03,0.68,0.02,0.27,0.04,0.13,0.02,0.81
100,7,0,4,0.08,0.31,0,0.61,0.08,0.31,0,0.61
100,8,0,4,0.02,0.33,0.04,0.61,0.02,0.33,0.04,0.61
100,9,2,2,0.09,0.42,0.06,0.43,0.09,0.2,0.05,0.66
100,10,0,4,0,0.15,0.11,0.74,0,0.08,0.07,0.85
101,1,0,4,0,0.14,0.17,0.69,0,0.1,0.09,0.81
101,2,0,4,0,0.15,0.11,0.74,0,0.07,0.04,0.89
101,3,6,1,0.12,0.11,0.22,0.55,0.06,0.15,0.11,0.68
101,4,0,4,0.08,0.22,0.28,0.42,0.02,0.11,0.14,0.73
101,5,5,2,0.16,0.06,0.13,0.65,0.1,0.03,0.06,0.81
101,6,4,2,0.02,0.36,0.09,0.53,0.01,0.2,0.05,0.74
101,7,0,4,0,0.29,0,0.71,0,0.15,0,0.85
101,8,0,4,0.13,0.13,0.12,0.62,0.05,0.05,0.05,0.85
101,9,5,2,0.08,0.14,0.13,0.65,0.03,0.07,0.06,0.84
101,10,0,4,0.07,0.24,0.24,0.45,0.03,0.1,0.1,0.77
102,1,1,4,0.6,0.15,0.15,0.1,0.64,0.14,0.13,0.09
102,2,6,4,0.1,0.2,0.1,0.6,0.05,0.1,0.05,0.8
102,3,6,1,0,0,0.1,0.9,0,0,0,1
102,4,2,4,0.07,0.08,0.25,0.6,0,0,0,1
102,5,6,2,0.05,0.05,0.1,0.8,0,0,0,1
102,6,2,2,0.2,0.25,0.15,0.4,0.2,0.25,0.15,0.4
102,7,0,4,0,0.15,0,0.85,0,0.15,0,0.85
102,8,3,4,0.25,0.25,0.25,0.25,0.1,0.3,0.1,0.5
102,9,4,2,0.11,0.34,0.15,0.4,0.11,0.26,0.15,0.48
102,10,1,4,0.07,0.14,0.06,0.73,0.07,0.14,0.06,0.73
103,1,0,4,0.11,0.31,0,0.58,0.05,0.13,0,0.82
103,2,0,4,0.06,0.13,0.13,0.68,0.04,0.08,0.08,0.8
103,3,6,1,0.14,0.16,0.17,0.53,0.04,0.04,0.08,0.84
103,4,0,4,0.05,0.11,0.14,0.7,0.05,0.05,0.05,0.85
103,5,5,2,0.1,0.06,0.04,0.8,0.1,0.06,0.04,0.8
103,6,5,2,0,0.25,0.12,0.63,0,0.25,0.12,0.63
103,7,1,4,0.04,0.25,0.05,0.66,0.04,0.2,0.05,0.71
103,8,1,4,0.2,0.18,0.17,0.45,0.13,0.12,0.13,0.62
103,9,4,2,0.25,0.25,0.25,0.25,0.07,0.22,0.11,0.6
103,10,1,4,0.01,0.21,0.1,0.68,0.01,0.21,0.1,0.68
