Site_id,Subject_id,Time_stamp,Phase_number,Trial_number,Trial_time,Ground_Truth,Surprise,Surprise_time,Probabilities_score,Allocation_score,Number_probability_sets,Number_groups,Max_probs_in_set,Layer_type_1,Layer_type_2,Layer_type_3,Layer_type_4,Layer_type_5,Layer_Best_INT_1,Layer_Best_INT_2,Layer_Best_INT_3,Layer_Best_INT_4,Layer_Best_INT_5,Layer_Best_SIGINT_1,Layer_Best_SIGINT_2,Layer_Best_SIGINT_3,Layer_Best_SIGINT_4,Layer_Best_SIGINT_5,Layer_Surprise_1,Layer_Surprise_2,Layer_Surprise_3,Layer_Surprise_4,Layer_Surprise_5,Layer_Surprise_Time_1,Layer_Surprise_Time_2,Layer_Surprise_Time_3,Layer_Surprise_Time_4,Layer_Surprise_Time_5,Human_probs_1_1,Human_probs_1_2,Human_probs_1_3,Human_probs_1_4,Human_probs_2_1,Human_probs_2_2,Human_probs_2_3,Human_probs_2_4,Human_probs_3_1,Human_probs_3_2,Human_probs_3_3,Human_probs_3_4,Human_probs_4_1,Human_probs_4_2,Human_probs_4_3,Human_probs_4_4,Human_probs_5_1,Human_probs_5_2,Human_probs_5_3,Human_probs_5_4,Raw_human_probs_1_1,Raw_human_probs_1_2,Raw_human_probs_1_3,Raw_human_probs_1_4,Raw_human_probs_2_1,Raw_human_probs_2_2,Raw_human_probs_2_3,Raw_human_probs_2_4,Raw_human_probs_3_1,Raw_human_probs_3_2,Raw_human_probs_3_3,Raw_human_probs_3_4,Raw_human_probs_4_1,Raw_human_probs_4_2,Raw_human_probs_4_3,Raw_human_probs_4_4,Raw_human_probs_5_1,Raw_human_probs_5_2,Raw_human_probs_5_3,Raw_human_probs_5_4,Normative_probs_1_1,Normative_probs_1_2,Normative_probs_1_3,Normative_probs_1_4,Normative_probs_2_1,Normative_probs_2_2,Normative_probs_2_3,Normative_probs_2_4,Normative_probs_3_1,Normative_probs_3_2,Normative_probs_3_3,Normative_probs_3_4,Normative_probs_4_1,Normative_probs_4_2,Normative_probs_4_3,Normative_probs_4_4,Normative_probs_5_1,Normative_probs_5_2,Normative_probs_5_3,Normative_probs_5_4,Probs_Time_1,Probs_Time_2,Probs_Time_3,Probs_Time_4,Probs_Time_5,Norm_allocation_1,Norm_allocation_2,Norm_allocation_3,Norm_allocation_4,Raw_allocation_1,Raw_allocation_2,Raw_allocation_3,Raw_allocation_4,Allocation_Time,Center_X_1,Center_X_2,Center_X_3,Center_X_4,Center_Y_1,Center_Y_2,Center_Y_3,Center_Y_4,Circle_R_1,Circle_R_2,Circle_R_3,Circle_R_4,Normative_Center_X_1,Normative_Center_X_2,Normative_Center_X_3,Normative_Center_X_4,Normative_Center_Y_1,Normative_Center_Y_2,Normative_Center_Y_3,Normative_Center_Y_4,BaseRate_1,BaseRate_2,BaseRate_3,BaseRate_4,Sigma_X_1,Sigma_X_2,Sigma_X_3,Sigma_X_4,Sigma_Y_1,Sigma_Y_2,Sigma_Y_3,Sigma_Y_4,Centers_Circles_Time,Distance_1,Distance_2,Distance_3,Distance_4,Subject_Distance_1,Subject_Distance_2,Subject_Distance_3,Subject_Distance_4
NaN,115,NaN,2,1,189477,D,2,9922,62.82239510192412,0.0,1,4,4,NaN,NaN,NaN,NaN,NaN,NaN,NaN,NaN,NaN,NaN,NaN,NaN,NaN,NaN,NaN,NaN,NaN,NaN,NaN,NaN,NaN,NaN,NaN,NaN,NaN,50.0,10.0,10.0,30.0,NaN,NaN,NaN,NaN,NaN,NaN,NaN,NaN,NaN,NaN,NaN,NaN,NaN,NaN,NaN,NaN,50.0,10.0,10.0,30.0,NaN,NaN,NaN,NaN,NaN,NaN,NaN,NaN,NaN,NaN,NaN,NaN,NaN,NaN,NaN,NaN,93.5899242486648,5.796821042083418E-13,4.1582593161356725,2.2518164351989527,NaN,NaN,NaN,NaN,NaN,NaN,NaN,NaN,NaN,NaN,NaN,NaN,NaN,NaN,NaN,NaN,34851,NaN,NaN,NaN,NaN,100,0,0,0,100,0,0,0,11092,48.103792415169664,23.55289421157685,82.03592814371258,68.46307385229541,59.68063872255489,22.155688622754482,65.46906187624751,25.34930139720558,28.944868751991454,9.310901229293897,18.173540343457148,10.478566665394563,53.5,23.0,83.4,66.33333333333333,52.25,22.0,66.8,19.333333333333332,0.2105263157894737,0.10526315789473686,0.5263157894736843,0.15789473684210528,21.661457707181203,3.605551275463989,13.989281611290838,7.475887164001935,21.661457707181203,3.605551275463989,13.989281611290838,7.475887164001935,129152,NaN,NaN,NaN,NaN,NaN,NaN,NaN,NaN,
NaN,115,NaN,2,2,181007,D,2,5397,53.53153693113556,100.0,1,4,4,NaN,NaN,NaN,NaN,NaN,NaN,NaN,NaN,NaN,NaN,NaN,NaN,NaN,NaN,NaN,NaN,NaN,NaN,NaN,NaN,NaN,NaN,NaN,NaN,NaN,31.0,4.0,26.0,39.0,NaN,NaN,NaN,NaN,NaN,NaN,NaN,NaN,NaN,NaN,NaN,NaN,NaN,NaN,NaN,NaN,50.0,6.0,42.0,65.0,NaN,NaN,NaN,NaN,NaN,NaN,NaN,NaN,NaN,NaN,NaN,NaN,NaN,NaN,NaN,NaN,6.6372604206019865,5.751838207617204E-19,0.45920433603395866,92.90353524336406,NaN,NaN,NaN,NaN,NaN,NaN,NaN,NaN,NaN,NaN,NaN,NaN,NaN,NaN,NaN,NaN,36878,NaN,NaN,NaN,NaN,0,0,0,100,0,0,0,100,10140,51.097804391217565,25.548902195608783,78.84231536926148,68.8622754491018,48.10379241516966,21.556886227544908,71.25748502994011,25.149700598802397,32.80808152977689,9.310901229293897,22.558422700431336,15.279568230742221,54.375,25.0,79.42857142857143,67.9090909090909,50.625,22.333333333333332,72.71428571428571,25.545454545454547,0.20512820512820512,0.15384615384615385,0.358974358974359,0.28205128205128205,19.601897229605097,5.811865258054231,14.85199086496693,11.696223873223444,19.601897229605097,5.811865258054231,14.85199086496693,11.696223873223444,119122,NaN,NaN,NaN,NaN,NaN,NaN,NaN,NaN,
NaN,115,NaN,2,3,177341,B,1,5055,73.90195707108911,100.0,1,4,4,NaN,NaN,NaN,NaN,NaN,NaN,NaN,NaN,NaN,NaN,NaN,NaN,NaN,NaN,NaN,NaN,NaN,NaN,NaN,NaN,NaN,NaN,NaN,NaN,NaN,23.0,68.0,0.0,9.0,NaN,NaN,NaN,NaN,NaN,NaN,NaN,NaN,NaN,NaN,NaN,NaN,NaN,NaN,NaN,NaN,25.0,75.0,1.0,10.0,NaN,NaN,NaN,NaN,NaN,NaN,NaN,NaN,NaN,NaN,NaN,NaN,NaN,NaN,NaN,NaN,1.4497345407708206,98.5312008353298,0.007047781638187992,0.012016842261187148,NaN,NaN,NaN,NaN,NaN,NaN,NaN,NaN,NaN,NaN,NaN,NaN,NaN,NaN,NaN,NaN,19859,NaN,NaN,NaN,NaN,0,100,0,0,0,100,0,0,4025,48.902195608782435,25.548902195608783,76.64670658682635,69.46107784431138,51.49700598802395,21.556886227544908,70.65868263473054,28.54291417165669,32.39318645350346,9.310901229293897,27.35696241937631,20.81693750464182,50.77777777777778,25.125,75.25,73.0909090909091,49.666666666666664,21.125,70.9,28.772727272727273,0.15254237288135594,0.13559322033898305,0.33898305084745756,0.3728813559322034,19.924239223668625,5.348773223833667,17.562424377061387,12.418536198856692,19.924239223668625,5.348773223833667,17.562424377061387,12.418536198856692,145220,NaN,NaN,NaN,NaN,NaN,NaN,NaN,NaN,
NaN,115,NaN,2,4,192676,C,2,6286,66.42555032530181,100.0,1,4,4,NaN,NaN,NaN,NaN,NaN,NaN,NaN,NaN,NaN,NaN,NaN,NaN,NaN,NaN,NaN,NaN,NaN,NaN,NaN,NaN,NaN,NaN,NaN,NaN,NaN,36.0,1.0,42.0,21.0,NaN,NaN,NaN,NaN,NaN,NaN,NaN,NaN,NaN,NaN,NaN,NaN,NaN,NaN,NaN,NaN,50.0,2.0,60.0,30.0,NaN,NaN,NaN,NaN,NaN,NaN,NaN,NaN,NaN,NaN,NaN,NaN,NaN,NaN,NaN,NaN,14.543004342087027,2.3834202163833105E-28,84.85759930130018,0.5993963566127853,NaN,NaN,NaN,NaN,NaN,NaN,NaN,NaN,NaN,NaN,NaN,NaN,NaN,NaN,NaN,NaN,35817,NaN,NaN,NaN,NaN,0,0,100,0,0,0,100,0,3230,48.902195608782435,25.34930139720559,76.64670658682635,69.46107784431138,51.49700598802395,21.9560878243513,70.65868263473054,28.54291417165669,32.39318645350346,7.3609137383576,27.35696241937631,22.395351898245956,49.81818181818182,25.266666666666666,75.0,72.6896551724138,50.63636363636363,22.933333333333334,73.95833333333333,29.724137931034484,0.13924050632911392,0.189873417721519,0.3037974683544304,0.3670886075949367,18.138584963078294,5.427911405155967,17.698256937085954,13.453624047073712,18.138584963078294,5.427911405155967,17.698256937085954,13.453624047073712,143037,NaN,NaN,NaN,NaN,NaN,NaN,NaN,NaN,
NaN,115,NaN,2,5,223735,C,1,4150,72.02454707203121,100.0,1,4,4,NaN,NaN,NaN,NaN,NaN,NaN,NaN,NaN,NaN,NaN,NaN,NaN,NaN,NaN,NaN,NaN,NaN,NaN,NaN,NaN,NaN,NaN,NaN,NaN,NaN,34.0,0.0,50.0,16.0,NaN,NaN,NaN,NaN,NaN,NaN,NaN,NaN,NaN,NaN,NaN,NaN,NaN,NaN,NaN,NaN,50.0,1.0,75.0,25.0,NaN,NaN,NaN,NaN,NaN,NaN,NaN,NaN,NaN,NaN,NaN,NaN,NaN,NaN,NaN,NaN,11.94491573816154,2.7958330892678823E-37,88.03255115872304,0.022533103115419617,NaN,NaN,NaN,NaN,NaN,NaN,NaN,NaN,NaN,NaN,NaN,NaN,NaN,NaN,NaN,NaN,19515,NaN,NaN,NaN,NaN,0,0,100,0,0,0,100,0,2449,50.69860279441118,23.952095808383234,76.44710578842316,69.46107784431138,51.69660678642715,22.35528942115768,71.8562874251497,28.54291417165669,29.218857242528987,8.127454319961013,27.35696241937631,23.537665498615457,51.083333333333336,25.09090909090909,75.75,73.16216216216216,51.666666666666664,24.181818181818183,73.28571428571429,30.35135135135135,0.12121212121212122,0.2222222222222222,0.2828282828282828,0.37373737373737376,17.782931110727752,5.400107130862627,16.734782151957322,14.203853426266324,17.782931110727752,5.400107130862627,16.734782151957322,14.203853426266324,191974,NaN,NaN,NaN,NaN,NaN,NaN,NaN,NaN,
NaN,116,NaN,2,1,186249,D,2,8674,57.10356076210689,0.0,1,4,4,NaN,NaN,NaN,NaN,NaN,NaN,NaN,NaN,NaN,NaN,NaN,NaN,NaN,NaN,NaN,NaN,NaN,NaN,NaN,NaN,NaN,NaN,NaN,NaN,NaN,50.0,10.0,0.0,40.0,NaN,NaN,NaN,NaN,NaN,NaN,NaN,NaN,NaN,NaN,NaN,NaN,NaN,NaN,NaN,NaN,50.0,10.0,0.0,40.0,NaN,NaN,NaN,NaN,NaN,NaN,NaN,NaN,NaN,NaN,NaN,NaN,NaN,NaN,NaN,NaN,93.5899242486648,5.796821042083418E-13,4.1582593161356725,2.2518164351989527,NaN,NaN,NaN,NaN,NaN,NaN,NaN,NaN,NaN,NaN,NaN,NaN,NaN,NaN,NaN,NaN,42822,NaN,NaN,NaN,NaN,100,0,0,0,100,0,0,0,20202,48.18481848184819,22.112211221122113,84.15841584158416,68.97689768976898,51.15511551155115,22.607260726072596,65.01650165016501,33.33333333333333,25.183269904336175,7.189115812142551,22.7249951576833,16.0091522582639,53.5,23.0,83.4,66.33333333333333,52.25,22.0,66.8,19.333333333333332,0.2105263157894737,0.10526315789473686,0.5263157894736843,0.15789473684210528,21.661457707181203,3.605551275463989,13.989281611290838,7.475887164001935,21.661457707181203,3.605551275463989,13.989281611290838,7.475887164001935,111509,NaN,NaN,NaN,NaN,NaN,NaN,NaN,NaN,
NaN,116,NaN,2,2,57268,D,2,7675,74.22150811724633,100.0,1,4,4,NaN,NaN,NaN,NaN,NaN,NaN,NaN,NaN,NaN,NaN,NaN,NaN,NaN,NaN,NaN,NaN,NaN,NaN,NaN,NaN,NaN,NaN,NaN,NaN,NaN,0.0,0.0,25.0,75.0,NaN,NaN,NaN,NaN,NaN,NaN,NaN,NaN,NaN,NaN,NaN,NaN,NaN,NaN,NaN,NaN,0.0,0.0,25.0,75.0,NaN,NaN,NaN,NaN,NaN,NaN,NaN,NaN,NaN,NaN,NaN,NaN,NaN,NaN,NaN,NaN,6.6372604206019865,5.751838207617204E-19,0.45920433603395866,92.90353524336406,NaN,NaN,NaN,NaN,NaN,NaN,NaN,NaN,NaN,NaN,NaN,NaN,NaN,NaN,NaN,NaN,24664,NaN,NaN,NaN,NaN,0,0,0,100,0,0,0,100,5351,48.18481848184819,22.112211221122113,84.15841584158416,64.52145214521452,51.15511551155115,22.607260726072596,65.01650165016501,25.577557755775572,25.183269904336175,7.189115812142551,22.7249951576833,16.0091522582639,54.375,25.0,79.42857142857143,67.9090909090909,50.625,22.333333333333332,72.71428571428571,25.545454545454547,0.20512820512820512,0.15384615384615385,0.358974358974359,0.28205128205128205,19.601897229605097,5.811865258054231,14.85199086496693,11.696223873223444,19.601897229605097,5.811865258054231,14.85199086496693,11.696223873223444,16801,NaN,NaN,NaN,NaN,NaN,NaN,NaN,NaN,
NaN,116,NaN,2,3,45162,B,2,4602,100.0,100.0,1,4,4,NaN,NaN,NaN,NaN,NaN,NaN,NaN,NaN,NaN,NaN,NaN,NaN,NaN,NaN,NaN,NaN,NaN,NaN,NaN,NaN,NaN,NaN,NaN,NaN,NaN,0.0,100.0,0.0,0.0,NaN,NaN,NaN,NaN,NaN,NaN,NaN,NaN,NaN,NaN,NaN,NaN,NaN,NaN,NaN,NaN,0.0,100.0,0.0,0.0,NaN,NaN,NaN,NaN,NaN,NaN,NaN,NaN,NaN,NaN,NaN,NaN,NaN,NaN,NaN,NaN,1.4497345407708206,98.5312008353298,0.007047781638187992,0.012016842261187148,NaN,NaN,NaN,NaN,NaN,NaN,NaN,NaN,NaN,NaN,NaN,NaN,NaN,NaN,NaN,NaN,9782,NaN,NaN,NaN,NaN,0,100,0,0,0,100,0,0,6364,48.18481848184819,22.112211221122113,84.15841584158416,73.10231023102311,51.15511551155115,22.607260726072596,65.01650165016501,32.67326732673267,25.183269904336175,7.189115812142551,22.7249951576833,16.0091522582639,50.77777777777778,25.125,75.25,73.0909090909091,49.666666666666664,21.125,70.9,28.772727272727273,0.15254237288135594,0.13559322033898305,0.33898305084745756,0.3728813559322034,19.924239223668625,5.348773223833667,17.562424377061387,12.418536198856692,19.924239223668625,5.348773223833667,17.562424377061387,12.418536198856692,21356,NaN,NaN,NaN,NaN,NaN,NaN,NaN,NaN,
NaN,116,NaN,2,4,71370,C,2,6957,76.71020887885204,100.0,1,4,4,NaN,NaN,NaN,NaN,NaN,NaN,NaN,NaN,NaN,NaN,NaN,NaN,NaN,NaN,NaN,NaN,NaN,NaN,NaN,NaN,NaN,NaN,NaN,NaN,NaN,50.0,0.0,50.0,0.0,NaN,NaN,NaN,NaN,NaN,NaN,NaN,NaN,NaN,NaN,NaN,NaN,NaN,NaN,NaN,NaN,50.0,0.0,50.0,0.0,NaN,NaN,NaN,NaN,NaN,NaN,NaN,NaN,NaN,NaN,NaN,NaN,NaN,NaN,NaN,NaN,14.543004342087027,2.3834202163833105E-28,84.85759930130018,0.5993963566127853,NaN,NaN,NaN,NaN,NaN,NaN,NaN,NaN,NaN,NaN,NaN,NaN,NaN,NaN,NaN,NaN,19828,NaN,NaN,NaN,NaN,0,0,100,0,0,0,100,0,9235,48.18481848184819,22.112211221122113,79.70297029702971,73.10231023102311,51.15511551155115,22.607260726072596,74.0924092409241,32.67326732673267,25.183269904336175,7.189115812142551,22.7249951576833,19.74138142407681,49.81818181818182,25.266666666666666,75.0,72.6896551724138,50.63636363636363,22.933333333333334,73.95833333333333,29.724137931034484,0.13924050632911392,0.189873417721519,0.3037974683544304,0.3670886075949367,18.138584963078294,5.427911405155967,17.698256937085954,13.453624047073712,18.138584963078294,5.427911405155967,17.698256937085954,13.453624047073712,32120,NaN,NaN,NaN,NaN,NaN,NaN,NaN,NaN,
NaN,116,NaN,2,5,41496,C,2,5413,94.9747263265281,100.0,1,4,4,NaN,NaN,NaN,NaN,NaN,NaN,NaN,NaN,NaN,NaN,NaN,NaN,NaN,NaN,NaN,NaN,NaN,NaN,NaN,NaN,NaN,NaN,NaN,NaN,NaN,25.0,0.0,75.0,0.0,NaN,NaN,NaN,NaN,NaN,NaN,NaN,NaN,NaN,NaN,NaN,NaN,NaN,NaN,NaN,NaN,25.0,0.0,75.0,0.0,NaN,NaN,NaN,NaN,NaN,NaN,NaN,NaN,NaN,NaN,NaN,NaN,NaN,NaN,NaN,NaN,11.94491573816154,2.7958330892678823E-37,88.03255115872304,0.022533103115419617,NaN,NaN,NaN,NaN,NaN,NaN,NaN,NaN,NaN,NaN,NaN,NaN,NaN,NaN,NaN,NaN,18315,NaN,NaN,NaN,NaN,0,0,100,0,0,0,100,0,4306,48.18481848184819,22.112211221122113,79.70297029702971,73.10231023102311,51.15511551155115,22.607260726072596,74.0924092409241,32.67326732673267,25.183269904336175,7.189115812142551,22.7249951576833,19.74138142407681,51.083333333333336,25.09090909090909,75.75,73.16216216216216,51.666666666666664,24.181818181818183,73.28571428571429,30.35135135135135,0.12121212121212122,0.2222222222222222,0.2828282828282828,0.37373737373737376,17.782931110727752,5.400107130862627,16.734782151957322,14.203853426266324,17.782931110727752,5.400107130862627,16.734782151957322,14.203853426266324,11185,NaN,NaN,NaN,NaN,NaN,NaN,NaN,NaN,
NaN,117,NaN,2,1,196934,D,3,11154,36.754817654474785,0.0,1,4,4,NaN,NaN,NaN,NaN,NaN,NaN,NaN,NaN,NaN,NaN,NaN,NaN,NaN,NaN,NaN,NaN,NaN,NaN,NaN,NaN,NaN,NaN,NaN,NaN,NaN,27.0,15.0,52.0,6.0,NaN,NaN,NaN,NaN,NaN,NaN,NaN,NaN,NaN,NaN,NaN,NaN,NaN,NaN,NaN,NaN,40.0,22.0,80.0,10.0,NaN,NaN,NaN,NaN,NaN,NaN,NaN,NaN,NaN,NaN,NaN,NaN,NaN,NaN,NaN,NaN,93.5899242486648,5.796821042083418E-13,4.1582593161356725,2.2518164351989527,NaN,NaN,NaN,NaN,NaN,NaN,NaN,NaN,NaN,NaN,NaN,NaN,NaN,NaN,NaN,NaN,34616,NaN,NaN,NaN,NaN,0,0,100,0,0,0,100,0,12278,57.684630738522955,22.954091816367267,83.43313373253493,67.46506986027944,57.684630738522955,22.155688622754482,69.86027944111777,18.562874251497007,27.88488162500506,5.0,18.515596652905085,11.023314388410443,53.5,23.0,83.4,66.33333333333333,52.25,22.0,66.8,19.333333333333332,0.2105263157894737,0.10526315789473686,0.5263157894736843,0.15789473684210528,21.661457707181203,3.605551275463989,13.989281611290838,7.475887164001935,21.661457707181203,3.605551275463989,13.989281611290838,7.475887164001935,122694,NaN,NaN,NaN,NaN,NaN,NaN,NaN,NaN,
NaN,117,NaN,2,2,123022,D,3,8361,22.43085423545412,100.0,1,4,4,NaN,NaN,NaN,NaN,NaN,NaN,NaN,NaN,NaN,NaN,NaN,NaN,NaN,NaN,NaN,NaN,NaN,NaN,NaN,NaN,NaN,NaN,NaN,NaN,NaN,25.0,11.0,49.0,15.0,NaN,NaN,NaN,NaN,NaN,NaN,NaN,NaN,NaN,NaN,NaN,NaN,NaN,NaN,NaN,NaN,40.0,17.0,82.0,26.0,NaN,NaN,NaN,NaN,NaN,NaN,NaN,NaN,NaN,NaN,NaN,NaN,NaN,NaN,NaN,NaN,6.6372604206019865,5.751838207617204E-19,0.45920433603395866,92.90353524336406,NaN,NaN,NaN,NaN,NaN,NaN,NaN,NaN,NaN,NaN,NaN,NaN,NaN,NaN,NaN,NaN,25007,NaN,NaN,NaN,NaN,0,0,0,100,0,0,0,100,14664,58.88223552894212,24.75049900199601,83.43313373253493,70.85828343313374,52.8942115768463,21.35728542914171,69.86027944111777,25.74850299401197,25.62986174734455,7.473710669400818,24.074868316670017,16.12942423220513,54.375,25.0,79.42857142857143,67.9090909090909,50.625,22.333333333333332,72.71428571428571,25.545454545454547,0.20512820512820512,0.15384615384615385,0.358974358974359,0.28205128205128205,19.601897229605097,5.811865258054231,14.85199086496693,11.696223873223444,19.601897229605097,5.811865258054231,14.85199086496693,11.696223873223444,65988,NaN,NaN,NaN,NaN,NaN,NaN,NaN,NaN,
NaN,117,NaN,2,3,105971,B,1,17363,84.712961528288,100.0,1,4,4,NaN,NaN,NaN,NaN,NaN,NaN,NaN,NaN,NaN,NaN,NaN,NaN,NaN,NaN,NaN,NaN,NaN,NaN,NaN,NaN,NaN,NaN,NaN,NaN,NaN,19.0,81.0,0.0,0.0,NaN,NaN,NaN,NaN,NaN,NaN,NaN,NaN,NaN,NaN,NaN,NaN,NaN,NaN,NaN,NaN,17.0,77.0,0.0,0.0,NaN,NaN,NaN,NaN,NaN,NaN,NaN,NaN,NaN,NaN,NaN,NaN,NaN,NaN,NaN,NaN,1.4497345407708206,98.5312008353298,0.007047781638187992,0.012016842261187148,NaN,NaN,NaN,NaN,NaN,NaN,NaN,NaN,NaN,NaN,NaN,NaN,NaN,NaN,NaN,NaN,24586,NaN,NaN,NaN,NaN,0,100,0,0,0,100,0,0,5538,51.69660678642715,24.75049900199601,74.65069860279442,74.05189620758483,48.10379241516966,21.35728542914171,72.65469061876247,26.34730538922156,31.082657689416042,6.547393000741205,25.708241899029925,16.842333820142905,50.77777777777778,25.125,75.25,73.0909090909091,49.666666666666664,21.125,70.9,28.772727272727273,0.15254237288135594,0.13559322033898305,0.33898305084745756,0.3728813559322034,19.924239223668625,5.348773223833667,17.562424377061387,12.418536198856692,19.924239223668625,5.348773223833667,17.562424377061387,12.418536198856692,52993,NaN,NaN,NaN,NaN,NaN,NaN,NaN,NaN,
NaN,117,NaN,2,4,97502,C,2,6146,91.30580185013677,100.0,1,4,4,NaN,NaN,NaN,NaN,NaN,NaN,NaN,NaN,NaN,NaN,NaN,NaN,NaN,NaN,NaN,NaN,NaN,NaN,NaN,NaN,NaN,NaN,NaN,NaN,NaN,33.0,0.0,65.0,2.0,NaN,NaN,NaN,NaN,NaN,NaN,NaN,NaN,NaN,NaN,NaN,NaN,NaN,NaN,NaN,NaN,40.0,0.0,80.0,3.0,NaN,NaN,NaN,NaN,NaN,NaN,NaN,NaN,NaN,NaN,NaN,NaN,NaN,NaN,NaN,NaN,14.543004342087027,2.3834202163833105E-28,84.85759930130018,0.5993963566127853,NaN,NaN,NaN,NaN,NaN,NaN,NaN,NaN,NaN,NaN,NaN,NaN,NaN,NaN,NaN,NaN,25990,NaN,NaN,NaN,NaN,0,0,100,0,0,0,100,0,4337,52.495009980039924,25.74850299401198,72.65469061876247,71.25748502994013,47.10578842315369,21.35728542914171,70.65868263473054,31.736526946107787,28.291256910023176,6.547393000741205,26.469504317724965,20.213954333209035,49.81818181818182,25.266666666666666,75.0,72.6896551724138,50.63636363636363,22.933333333333334,73.95833333333333,29.724137931034484,0.13924050632911392,0.189873417721519,0.3037974683544304,0.3670886075949367,18.138584963078294,5.427911405155967,17.698256937085954,13.453624047073712,18.138584963078294,5.427911405155967,17.698256937085954,13.453624047073712,56006,NaN,NaN,NaN,NaN,NaN,NaN,NaN,NaN,
NaN,117,NaN,2,5,102694,C,2,6412,97.81118414139331,100.0,1,4,4,NaN,NaN,NaN,NaN,NaN,NaN,NaN,NaN,NaN,NaN,NaN,NaN,NaN,NaN,NaN,NaN,NaN,NaN,NaN,NaN,NaN,NaN,NaN,NaN,NaN,20.0,0.0,80.0,0.0,NaN,NaN,NaN,NaN,NaN,NaN,NaN,NaN,NaN,NaN,NaN,NaN,NaN,NaN,NaN,NaN,23.0,0.0,95.0,0.0,NaN,NaN,NaN,NaN,NaN,NaN,NaN,NaN,NaN,NaN,NaN,NaN,NaN,NaN,NaN,NaN,11.94491573816154,2.7958330892678823E-37,88.03255115872304,0.022533103115419617,NaN,NaN,NaN,NaN,NaN,NaN,NaN,NaN,NaN,NaN,NaN,NaN,NaN,NaN,NaN,NaN,28487,NaN,NaN,NaN,NaN,0,0,100,0,0,0,100,0,3869,54.89021956087824,26.746506986027946,69.66067864271457,72.45508982035929,50.0998003992016,21.9560878243513,74.25149700598803,31.93612774451097,28.291256910023176,8.075819690277006,24.42725628958872,20.213954333209035,51.083333333333336,25.09090909090909,75.75,73.16216216216216,51.666666666666664,24.181818181818183,73.28571428571429,30.35135135135135,0.12121212121212122,0.2222222222222222,0.2828282828282828,0.37373737373737376,17.782931110727752,5.400107130862627,16.734782151957322,14.203853426266324,17.782931110727752,5.400107130862627,16.734782151957322,14.203853426266324,42634,NaN,NaN,NaN,NaN,NaN,NaN,NaN,NaN,
NaN,112,NaN,2,1,200257,D,3,14742,65.86675751258495,0.0,1,4,4,NaN,NaN,NaN,NaN,NaN,NaN,NaN,NaN,NaN,NaN,NaN,NaN,NaN,NaN,NaN,NaN,NaN,NaN,NaN,NaN,NaN,NaN,NaN,NaN,NaN,52.0,16.0,16.0,16.0,NaN,NaN,NaN,NaN,NaN,NaN,NaN,NaN,NaN,NaN,NaN,NaN,NaN,NaN,NaN,NaN,80.0,25.0,25.0,25.0,NaN,NaN,NaN,NaN,NaN,NaN,NaN,NaN,NaN,NaN,NaN,NaN,NaN,NaN,NaN,NaN,93.5899242486648,5.796821042083418E-13,4.1582593161356725,2.2518164351989527,NaN,NaN,NaN,NaN,NaN,NaN,NaN,NaN,NaN,NaN,NaN,NaN,NaN,NaN,NaN,NaN,29110,NaN,NaN,NaN,NaN,100,0,0,0,100,0,0,0,7504,43.93305439330544,22.315202231520225,82.70571827057182,66.10878661087867,61.366806136680616,21.896792189679218,67.78242677824268,19.525801952580196,26.508476720708806,7.736501114844449,22.801534524614564,13.238635955463641,53.5,23.0,83.4,66.33333333333333,52.25,22.0,66.8,19.333333333333332,0.2105263157894737,0.10526315789473686,0.5263157894736843,0.15789473684210528,21.661457707181203,3.605551275463989,13.989281611290838,7.475887164001935,21.661457707181203,3.605551275463989,13.989281611290838,7.475887164001935,134784,NaN,NaN,NaN,NaN,NaN,NaN,NaN,NaN,
NaN,112,NaN,2,2,121041,D,3,8144,54.31138068291479,100.0,1,4,4,NaN,NaN,NaN,NaN,NaN,NaN,NaN,NaN,NaN,NaN,NaN,NaN,NaN,NaN,NaN,NaN,NaN,NaN,NaN,NaN,NaN,NaN,NaN,NaN,NaN,40.0,0.0,20.0,40.0,NaN,NaN,NaN,NaN,NaN,NaN,NaN,NaN,NaN,NaN,NaN,NaN,NaN,NaN,NaN,NaN,40.0,0.0,20.0,40.0,NaN,NaN,NaN,NaN,NaN,NaN,NaN,NaN,NaN,NaN,NaN,NaN,NaN,NaN,NaN,NaN,6.6372604206019865,5.751838207617204E-19,0.45920433603395866,92.90353524336406,NaN,NaN,NaN,NaN,NaN,NaN,NaN,NaN,NaN,NaN,NaN,NaN,NaN,NaN,NaN,NaN,39624,NaN,NaN,NaN,NaN,0,0,0,100,0,0,0,100,13791,43.93305439330544,22.315202231520225,82.70571827057182,65.82984658298466,61.366806136680616,21.896792189679218,67.78242677824268,22.873082287308222,39.826199136901224,10.783476585817404,27.810544603624184,18.775171268758317,54.375,25.0,79.42857142857143,67.9090909090909,50.625,22.333333333333332,72.71428571428571,25.545454545454547,0.20512820512820512,0.15384615384615385,0.358974358974359,0.28205128205128205,19.601897229605097,5.811865258054231,14.85199086496693,11.696223873223444,19.601897229605097,5.811865258054231,14.85199086496693,11.696223873223444,54537,NaN,NaN,NaN,NaN,NaN,NaN,NaN,NaN,
NaN,112,NaN,2,3,173965,B,0,7489,95.01864631449513,100.0,1,4,4,NaN,NaN,NaN,NaN,NaN,NaN,NaN,NaN,NaN,NaN,NaN,NaN,NaN,NaN,NaN,NaN,NaN,NaN,NaN,NaN,NaN,NaN,NaN,NaN,NaN,5.0,90.0,5.0,0.0,NaN,NaN,NaN,NaN,NaN,NaN,NaN,NaN,NaN,NaN,NaN,NaN,NaN,NaN,NaN,NaN,5.0,90.0,5.0,0.0,NaN,NaN,NaN,NaN,NaN,NaN,NaN,NaN,NaN,NaN,NaN,NaN,NaN,NaN,NaN,NaN,1.4497345407708206,98.5312008353298,0.007047781638187992,0.012016842261187148,NaN,NaN,NaN,NaN,NaN,NaN,NaN,NaN,NaN,NaN,NaN,NaN,NaN,NaN,NaN,NaN,79001,NaN,NaN,NaN,NaN,0,100,0,0,0,100,0,0,9376,52.58019525801953,22.315202231520225,82.70571827057182,75.17433751743376,54.25383542538354,21.896792189679218,67.78242677824268,26.778242677824267,28.085811934486753,10.783476585817404,34.539601824482666,18.775171268758317,50.77777777777778,25.125,75.25,73.0909090909091,49.666666666666664,21.125,70.9,28.772727272727273,0.15254237288135594,0.13559322033898305,0.33898305084745756,0.3728813559322034,19.924239223668625,5.348773223833667,17.562424377061387,12.418536198856692,19.924239223668625,5.348773223833667,17.562424377061387,12.418536198856692,56945,NaN,NaN,NaN,NaN,NaN,NaN,NaN,NaN,
NaN,112,NaN,2,4,96380,C,1,12511,76.71020887885204,100.0,1,4,4,NaN,NaN,NaN,NaN,NaN,NaN,NaN,NaN,NaN,NaN,NaN,NaN,NaN,NaN,NaN,NaN,NaN,NaN,NaN,NaN,NaN,NaN,NaN,NaN,NaN,50.0,0.0,50.0,0.0,NaN,NaN,NaN,NaN,NaN,NaN,NaN,NaN,NaN,NaN,NaN,NaN,NaN,NaN,NaN,NaN,25.0,0.0,25.0,0.0,NaN,NaN,NaN,NaN,NaN,NaN,NaN,NaN,NaN,NaN,NaN,NaN,NaN,NaN,NaN,NaN,14.543004342087027,2.3834202163833105E-28,84.85759930130018,0.5993963566127853,NaN,NaN,NaN,NaN,NaN,NaN,NaN,NaN,NaN,NaN,NaN,NaN,NaN,NaN,NaN,NaN,29657,NaN,NaN,NaN,NaN,0,0,100,0,0,0,100,0,6163,52.58019525801953,22.315202231520225,82.70571827057182,73.91910739191074,54.25383542538354,21.896792189679218,67.78242677824268,29.288702928870293,28.085811934486753,10.783476585817404,36.300805545322035,23.24174779634188,49.81818181818182,25.266666666666666,75.0,72.6896551724138,50.63636363636363,22.933333333333334,73.95833333333333,29.724137931034484,0.13924050632911392,0.189873417721519,0.3037974683544304,0.3670886075949367,18.138584963078294,5.427911405155967,17.698256937085954,13.453624047073712,18.138584963078294,5.427911405155967,17.698256937085954,13.453624047073712,44929,NaN,NaN,NaN,NaN,NaN,NaN,NaN,NaN,
NaN,112,NaN,2,5,63806,C,2,12449,72.62756334782267,100.0,1,4,4,NaN,NaN,NaN,NaN,NaN,NaN,NaN,NaN,NaN,NaN,NaN,NaN,NaN,NaN,NaN,NaN,NaN,NaN,NaN,NaN,NaN,NaN,NaN,NaN,NaN,50.0,0.0,50.0,0.0,NaN,NaN,NaN,NaN,NaN,NaN,NaN,NaN,NaN,NaN,NaN,NaN,NaN,NaN,NaN,NaN,25.0,0.0,25.0,0.0,NaN,NaN,NaN,NaN,NaN,NaN,NaN,NaN,NaN,NaN,NaN,NaN,NaN,NaN,NaN,NaN,11.94491573816154,2.7958330892678823E-37,88.03255115872304,0.022533103115419617,NaN,NaN,NaN,NaN,NaN,NaN,NaN,NaN,NaN,NaN,NaN,NaN,NaN,NaN,NaN,NaN,8393,NaN,NaN,NaN,NaN,0,0,100,0,0,0,100,0,16709,52.58019525801953,22.315202231520225,82.70571827057182,71.82705718270572,54.25383542538354,21.896792189679218,67.78242677824268,27.475592747559276,28.085811934486753,10.783476585817404,36.300805545322035,23.175955098262374,51.083333333333336,25.09090909090909,75.75,73.16216216216216,51.666666666666664,24.181818181818183,73.28571428571429,30.35135135135135,0.12121212121212122,0.2222222222222222,0.2828282828282828,0.37373737373737376,17.782931110727752,5.400107130862627,16.734782151957322,14.203853426266324,17.782931110727752,5.400107130862627,16.734782151957322,14.203853426266324,22824,NaN,NaN,NaN,NaN,NaN,NaN,NaN,NaN,
NaN,m113,NaN,2,1,167087,D,4,9033,71.82964007145587,0.0,1,4,4,NaN,NaN,NaN,NaN,NaN,NaN,NaN,NaN,NaN,NaN,NaN,NaN,NaN,NaN,NaN,NaN,NaN,NaN,NaN,NaN,NaN,NaN,NaN,NaN,NaN,57.0,9.0,22.0,12.0,NaN,NaN,NaN,NaN,NaN,NaN,NaN,NaN,NaN,NaN,NaN,NaN,NaN,NaN,NaN,NaN,90.0,13.0,35.0,20.0,NaN,NaN,NaN,NaN,NaN,NaN,NaN,NaN,NaN,NaN,NaN,NaN,NaN,NaN,NaN,NaN,93.5899242486648,5.796821042083418E-13,4.1582593161356725,2.2518164351989527,NaN,NaN,NaN,NaN,NaN,NaN,NaN,NaN,NaN,NaN,NaN,NaN,NaN,NaN,NaN,NaN,34037,NaN,NaN,NaN,NaN,100,0,0,0,100,0,0,0,13275,49.651324965132495,22.175732217573223,86.47140864714086,66.10878661087867,59.5536959553696,21.896792189679218,65.13249651324965,18.410041841004187,27.250956050058385,4.946763696225436,27.62386628337333,12.380664446957958,53.5,23.0,83.4,66.33333333333333,52.25,22.0,66.8,19.333333333333332,0.2105263157894737,0.10526315789473686,0.5263157894736843,0.15789473684210528,21.661457707181203,3.605551275463989,13.989281611290838,7.475887164001935,21.661457707181203,3.605551275463989,13.989281611290838,7.475887164001935,102006,NaN,NaN,NaN,NaN,NaN,NaN,NaN,NaN,
NaN,m113,NaN,2,2,73568,D,1,10374,61.39762090131838,100.0,1,4,4,NaN,NaN,NaN,NaN,NaN,NaN,NaN,NaN,NaN,NaN,NaN,NaN,NaN,NaN,NaN,NaN,NaN,NaN,NaN,NaN,NaN,NaN,NaN,NaN,NaN,27.0,0.0,26.0,47.0,NaN,NaN,NaN,NaN,NaN,NaN,NaN,NaN,NaN,NaN,NaN,NaN,NaN,NaN,NaN,NaN,45.0,0.0,42.0,80.0,NaN,NaN,NaN,NaN,NaN,NaN,NaN,NaN,NaN,NaN,NaN,NaN,NaN,NaN,NaN,NaN,6.6372604206019865,5.751838207617204E-19,0.45920433603395866,92.90353524336406,NaN,NaN,NaN,NaN,NaN,NaN,NaN,NaN,NaN,NaN,NaN,NaN,NaN,NaN,NaN,NaN,25740,NaN,NaN,NaN,NaN,0,0,0,100,0,0,0,100,6739,49.651324965132495,22.175732217573223,86.47140864714086,66.10878661087867,59.5536959553696,21.896792189679218,65.13249651324965,18.410041841004187,30.486562731291833,10.11614382470772,27.62386628337333,25.285648126454934,54.375,25.0,79.42857142857143,67.9090909090909,50.625,22.333333333333332,72.71428571428571,25.545454545454547,0.20512820512820512,0.15384615384615385,0.358974358974359,0.28205128205128205,19.601897229605097,5.811865258054231,14.85199086496693,11.696223873223444,19.601897229605097,5.811865258054231,14.85199086496693,11.696223873223444,26129,NaN,NaN,NaN,NaN,NaN,NaN,NaN,NaN,
NaN,m113,NaN,2,3,68452,B,0,8487,93.24566881518194,100.0,1,4,4,NaN,NaN,NaN,NaN,NaN,NaN,NaN,NaN,NaN,NaN,NaN,NaN,NaN,NaN,NaN,NaN,NaN,NaN,NaN,NaN,NaN,NaN,NaN,NaN,NaN,10.0,90.0,0.0,0.0,NaN,NaN,NaN,NaN,NaN,NaN,NaN,NaN,NaN,NaN,NaN,NaN,NaN,NaN,NaN,NaN,10.0,100.0,0.0,0.0,NaN,NaN,NaN,NaN,NaN,NaN,NaN,NaN,NaN,NaN,NaN,NaN,NaN,NaN,NaN,NaN,1.4497345407708206,98.5312008353298,0.007047781638187992,0.012016842261187148,NaN,NaN,NaN,NaN,NaN,NaN,NaN,NaN,NaN,NaN,NaN,NaN,NaN,NaN,NaN,NaN,14726,NaN,NaN,NaN,NaN,0,100,0,0,0,100,0,0,3354,54.532775453277544,22.175732217573223,78.10320781032078,72.10599721059972,49.09344490934449,21.896792189679218,75.87168758716876,29.14923291492329,30.33432725492314,10.11614382470772,28.608016370771185,18.206580368449487,50.77777777777778,25.125,75.25,73.0909090909091,49.666666666666664,21.125,70.9,28.772727272727273,0.15254237288135594,0.13559322033898305,0.33898305084745756,0.3728813559322034,19.924239223668625,5.348773223833667,17.562424377061387,12.418536198856692,19.924239223668625,5.348773223833667,17.562424377061387,12.418536198856692,36098,NaN,NaN,NaN,NaN,NaN,NaN,NaN,NaN,
NaN,m113,NaN,2,4,70793,C,1,10374,88.76768098433875,100.0,1,4,4,NaN,NaN,NaN,NaN,NaN,NaN,NaN,NaN,NaN,NaN,NaN,NaN,NaN,NaN,NaN,NaN,NaN,NaN,NaN,NaN,NaN,NaN,NaN,NaN,NaN,34.0,0.0,62.0,4.0,NaN,NaN,NaN,NaN,NaN,NaN,NaN,NaN,NaN,NaN,NaN,NaN,NaN,NaN,NaN,NaN,34.0,0.0,63.0,5.0,NaN,NaN,NaN,NaN,NaN,NaN,NaN,NaN,NaN,NaN,NaN,NaN,NaN,NaN,NaN,NaN,14.543004342087027,2.3834202163833105E-28,84.85759930130018,0.5993963566127853,NaN,NaN,NaN,NaN,NaN,NaN,NaN,NaN,NaN,NaN,NaN,NaN,NaN,NaN,NaN,NaN,34320,NaN,NaN,NaN,NaN,0,0,100,0,0,0,100,0,5725,54.532775453277544,22.175732217573223,78.10320781032078,71.54811715481172,49.09344490934449,21.896792189679218,75.87168758716876,29.707112970711293,30.33432725492314,10.11614382470772,28.608016370771185,18.206580368449487,49.81818181818182,25.266666666666666,75.0,72.6896551724138,50.63636363636363,22.933333333333334,73.95833333333333,29.724137931034484,0.13924050632911392,0.189873417721519,0.3037974683544304,0.3670886075949367,18.138584963078294,5.427911405155967,17.698256937085954,13.453624047073712,18.138584963078294,5.427911405155967,17.698256937085954,13.453624047073712,11653,NaN,NaN,NaN,NaN,NaN,NaN,NaN,NaN,
NaN,m113,NaN,2,5,47408,C,1,13604,91.42666273821982,100.0,1,4,4,NaN,NaN,NaN,NaN,NaN,NaN,NaN,NaN,NaN,NaN,NaN,NaN,NaN,NaN,NaN,NaN,NaN,NaN,NaN,NaN,NaN,NaN,NaN,NaN,NaN,30.0,0.0,70.0,0.0,NaN,NaN,NaN,NaN,NaN,NaN,NaN,NaN,NaN,NaN,NaN,NaN,NaN,NaN,NaN,NaN,30.0,0.0,70.0,0.0,NaN,NaN,NaN,NaN,NaN,NaN,NaN,NaN,NaN,NaN,NaN,NaN,NaN,NaN,NaN,NaN,11.94491573816154,2.7958330892678823E-37,88.03255115872304,0.022533103115419617,NaN,NaN,NaN,NaN,NaN,NaN,NaN,NaN,NaN,NaN,NaN,NaN,NaN,NaN,NaN,NaN,17769,NaN,NaN,NaN,NaN,0,0,100,0,0,0,100,0,4180,54.532775453277544,22.175732217573223,78.10320781032078,71.40864714086472,49.09344490934449,21.896792189679218,75.87168758716876,30.404463040446302,30.33432725492314,10.11614382470772,28.608016370771185,20.225075655157216,51.083333333333336,25.09090909090909,75.75,73.16216216216216,51.666666666666664,24.181818181818183,73.28571428571429,30.35135135135135,0.12121212121212122,0.2222222222222222,0.2828282828282828,0.37373737373737376,17.782931110727752,5.400107130862627,16.734782151957322,14.203853426266324,17.782931110727752,5.400107130862627,16.734782151957322,14.203853426266324,8408,NaN,NaN,NaN,NaN,NaN,NaN,NaN,NaN,
NaN,m114,NaN,2,1,256965,D,1,11888,33.22134585819406,0.0,1,4,4,NaN,NaN,NaN,NaN,NaN,NaN,NaN,NaN,NaN,NaN,NaN,NaN,NaN,NaN,NaN,NaN,NaN,NaN,NaN,NaN,NaN,NaN,NaN,NaN,NaN,24.0,8.0,30.0,38.0,NaN,NaN,NaN,NaN,NaN,NaN,NaN,NaN,NaN,NaN,NaN,NaN,NaN,NaN,NaN,NaN,36.0,11.0,47.0,60.0,NaN,NaN,NaN,NaN,NaN,NaN,NaN,NaN,NaN,NaN,NaN,NaN,NaN,NaN,NaN,NaN,93.5899242486648,5.796821042083418E-13,4.1582593161356725,2.2518164351989527,NaN,NaN,NaN,NaN,NaN,NaN,NaN,NaN,NaN,NaN,NaN,NaN,NaN,NaN,NaN,NaN,29814,NaN,NaN,NaN,NaN,100,0,0,0,100,0,0,0,30407,44.90934449093445,22.594142259414227,84.65829846582984,66.24825662482566,81.31101813110182,24.128312412831235,75.59274755927476,24.54672245467225,9.493186094974421,5.91721155804642,18.395772332201343,8.214535186960791,53.5,23.0,83.4,66.33333333333333,52.25,22.0,66.8,19.333333333333332,0.2105263157894737,0.10526315789473686,0.5263157894736843,0.15789473684210528,21.661457707181203,3.605551275463989,13.989281611290838,7.475887164001935,21.661457707181203,3.605551275463989,13.989281611290838,7.475887164001935,171830,NaN,NaN,NaN,NaN,NaN,NaN,NaN,NaN,
NaN,m114,NaN,2,2,100327,D,1,6068,93.68422178999282,100.0,1,4,4,NaN,NaN,NaN,NaN,NaN,NaN,NaN,NaN,NaN,NaN,NaN,NaN,NaN,NaN,NaN,NaN,NaN,NaN,NaN,NaN,NaN,NaN,NaN,NaN,NaN,20.0,0.0,0.0,80.0,NaN,NaN,NaN,NaN,NaN,NaN,NaN,NaN,NaN,NaN,NaN,NaN,NaN,NaN,NaN,NaN,20.0,0.0,0.0,80.0,NaN,NaN,NaN,NaN,NaN,NaN,NaN,NaN,NaN,NaN,NaN,NaN,NaN,NaN,NaN,NaN,6.6372604206019865,5.751838207617204E-19,0.45920433603395866,92.90353524336406,NaN,NaN,NaN,NaN,NaN,NaN,NaN,NaN,NaN,NaN,NaN,NaN,NaN,NaN,NaN,NaN,26209,NaN,NaN,NaN,NaN,0,0,0,100,0,0,0,100,5383,39.8884239888424,22.594142259414227,82.14783821478382,66.24825662482566,75.31380753138075,24.128312412831235,74.61645746164575,24.54672245467225,18.80570970141356,8.538481375182126,22.678356066028286,15.779230821457123,54.375,25.0,79.42857142857143,67.9090909090909,50.625,22.333333333333332,72.71428571428571,25.545454545454547,0.20512820512820512,0.15384615384615385,0.358974358974359,0.28205128205128205,19.601897229605097,5.811865258054231,14.85199086496693,11.696223873223444,19.601897229605097,5.811865258054231,14.85199086496693,11.696223873223444,57441,NaN,NaN,NaN,NaN,NaN,NaN,NaN,NaN,
NaN,m114,NaN,2,3,78907,B,0,15070,1.2360132319254051,100.0,1,4,4,NaN,NaN,NaN,NaN,NaN,NaN,NaN,NaN,NaN,NaN,NaN,NaN,NaN,NaN,NaN,NaN,NaN,NaN,NaN,NaN,NaN,NaN,NaN,NaN,NaN,10.0,0.0,0.0,90.0,NaN,NaN,NaN,NaN,NaN,NaN,NaN,NaN,NaN,NaN,NaN,NaN,NaN,NaN,NaN,NaN,10.0,0.0,0.0,90.0,NaN,NaN,NaN,NaN,NaN,NaN,NaN,NaN,NaN,NaN,NaN,NaN,NaN,NaN,NaN,NaN,1.4497345407708206,98.5312008353298,0.007047781638187992,0.012016842261187148,NaN,NaN,NaN,NaN,NaN,NaN,NaN,NaN,NaN,NaN,NaN,NaN,NaN,NaN,NaN,NaN,20109,NaN,NaN,NaN,NaN,0,100,0,0,0,100,0,0,9329,39.8884239888424,22.594142259414227,82.14783821478382,66.24825662482566,75.31380753138075,24.128312412831235,74.61645746164575,24.54672245467225,18.80570970141356,8.538481375182126,22.678356066028286,23.20573158805364,50.77777777777778,25.125,75.25,73.0909090909091,49.666666666666664,21.125,70.9,28.772727272727273,0.15254237288135594,0.13559322033898305,0.33898305084745756,0.3728813559322034,19.924239223668625,5.348773223833667,17.562424377061387,12.418536198856692,19.924239223668625,5.348773223833667,17.562424377061387,12.418536198856692,31279,NaN,NaN,NaN,NaN,NaN,NaN,NaN,NaN,
NaN,m114,NaN,2,4,219106,C,0,5336,93.34455921389375,100.0,1,4,4,NaN,NaN,NaN,NaN,NaN,NaN,NaN,NaN,NaN,NaN,NaN,NaN,NaN,NaN,NaN,NaN,NaN,NaN,NaN,NaN,NaN,NaN,NaN,NaN,NaN,5.0,0.0,95.0,0.0,NaN,NaN,NaN,NaN,NaN,NaN,NaN,NaN,NaN,NaN,NaN,NaN,NaN,NaN,NaN,NaN,5.0,0.0,95.0,0.0,NaN,NaN,NaN,NaN,NaN,NaN,NaN,NaN,NaN,NaN,NaN,NaN,NaN,NaN,NaN,NaN,14.543004342087027,2.3834202163833105E-28,84.85759930130018,0.5993963566127853,NaN,NaN,NaN,NaN,NaN,NaN,NaN,NaN,NaN,NaN,NaN,NaN,NaN,NaN,NaN,NaN,42432,NaN,NaN,NaN,NaN,0,0,100,0,0,0,100,0,6520,39.8884239888424,22.594142259414227,82.00836820083683,66.24825662482566,75.31380753138075,24.128312412831235,75.45327754532775,24.54672245467225,22.74045639718267,8.538481375182126,33.53608615819687,24.97175449602807,49.81818181818182,25.266666666666666,75.0,72.6896551724138,50.63636363636363,22.933333333333334,73.95833333333333,29.724137931034484,0.13924050632911392,0.189873417721519,0.3037974683544304,0.3670886075949367,18.138584963078294,5.427911405155967,17.698256937085954,13.453624047073712,18.138584963078294,5.427911405155967,17.698256937085954,13.453624047073712,161573,NaN,NaN,NaN,NaN,NaN,NaN,NaN,NaN,
NaN,m114,NaN,2,5,115988,C,4,9594,16.055170732049177,0.0,1,4,4,NaN,NaN,NaN,NaN,NaN,NaN,NaN,NaN,NaN,NaN,NaN,NaN,NaN,NaN,NaN,NaN,NaN,NaN,NaN,NaN,NaN,NaN,NaN,NaN,NaN,92.0,0.0,8.0,0.0,NaN,NaN,NaN,NaN,NaN,NaN,NaN,NaN,NaN,NaN,NaN,NaN,NaN,NaN,NaN,NaN,97.0,0.0,9.0,0.0,NaN,NaN,NaN,NaN,NaN,NaN,NaN,NaN,NaN,NaN,NaN,NaN,NaN,NaN,NaN,NaN,11.94491573816154,2.7958330892678823E-37,88.03255115872304,0.022533103115419617,NaN,NaN,NaN,NaN,NaN,NaN,NaN,NaN,NaN,NaN,NaN,NaN,NaN,NaN,NaN,NaN,22870,NaN,NaN,NaN,NaN,100,0,0,0,100,0,0,0,4493,40.1673640167364,21.757322175732217,80.3347280334728,68.6192468619247,73.64016736401673,22.175732217573227,77.12691771269178,28.591352859135284,23.023115786916563,9.87975495030674,28.111080014987962,24.566129642689727,51.083333333333336,25.09090909090909,75.75,73.16216216216216,51.666666666666664,24.181818181818183,73.28571428571429,30.35135135135135,0.12121212121212122,0.2222222222222222,0.2828282828282828,0.37373737373737376,17.782931110727752,5.400107130862627,16.734782151957322,14.203853426266324,17.782931110727752,5.400107130862627,16.734782151957322,14.203853426266324,73945,NaN,NaN,NaN,NaN,NaN,NaN,NaN,NaN,
NaN,m115,NaN,2,1,291283,D,2,24474,93.63600558438941,0.0,1,4,4,NaN,NaN,NaN,NaN,NaN,NaN,NaN,NaN,NaN,NaN,NaN,NaN,NaN,NaN,NaN,NaN,NaN,NaN,NaN,NaN,NaN,NaN,NaN,NaN,NaN,81.0,3.0,7.0,9.0,NaN,NaN,NaN,NaN,NaN,NaN,NaN,NaN,NaN,NaN,NaN,NaN,NaN,NaN,NaN,NaN,100.0,3.0,9.0,12.0,NaN,NaN,NaN,NaN,NaN,NaN,NaN,NaN,NaN,NaN,NaN,NaN,NaN,NaN,NaN,NaN,93.5899242486648,5.796821042083418E-13,4.1582593161356725,2.2518164351989527,NaN,NaN,NaN,NaN,NaN,NaN,NaN,NaN,NaN,NaN,NaN,NaN,NaN,NaN,NaN,NaN,112829,NaN,NaN,NaN,NaN,100,0,0,0,100,0,0,0,12137,50.0998003992016,23.15369261477046,79.24151696606786,66.86626746506987,58.68263473053892,22.554890219560875,68.26347305389221,20.95808383233532,28.343313373253494,7.794660355196264,21.402939619577165,11.377245508982043,53.5,23.0,83.4,66.33333333333333,52.25,22.0,66.8,19.333333333333332,0.2105263157894737,0.10526315789473686,0.5263157894736843,0.15789473684210528,21.661457707181203,3.605551275463989,13.989281611290838,7.475887164001935,21.661457707181203,3.605551275463989,13.989281611290838,7.475887164001935,121189,NaN,NaN,NaN,NaN,NaN,NaN,NaN,NaN,
NaN,m115,NaN,2,2,109089,D,0,10999,94.57560141557279,100.0,1,4,4,NaN,NaN,NaN,NaN,NaN,NaN,NaN,NaN,NaN,NaN,NaN,NaN,NaN,NaN,NaN,NaN,NaN,NaN,NaN,NaN,NaN,NaN,NaN,NaN,NaN,17.0,0.0,3.0,80.0,NaN,NaN,NaN,NaN,NaN,NaN,NaN,NaN,NaN,NaN,NaN,NaN,NaN,NaN,NaN,NaN,21.0,0.0,3.0,100.0,NaN,NaN,NaN,NaN,NaN,NaN,NaN,NaN,NaN,NaN,NaN,NaN,NaN,NaN,NaN,NaN,6.6372604206019865,5.751838207617204E-19,0.45920433603395866,92.90353524336406,NaN,NaN,NaN,NaN,NaN,NaN,NaN,NaN,NaN,NaN,NaN,NaN,NaN,NaN,NaN,NaN,28156,NaN,NaN,NaN,NaN,0,0,0,100,0,0,0,100,4920,51.097804391217565,23.15369261477046,79.24151696606786,69.86027944111777,52.09580838323353,22.554890219560875,68.26347305389221,24.351297405189612,28.343313373253494,7.794660355196264,21.402939619577165,16.316068117912828,54.375,25.0,79.42857142857143,67.9090909090909,50.625,22.333333333333332,72.71428571428571,25.545454545454547,0.20512820512820512,0.15384615384615385,0.358974358974359,0.28205128205128205,19.601897229605097,5.811865258054231,14.85199086496693,11.696223873223444,19.601897229605097,5.811865258054231,14.85199086496693,11.696223873223444,52470,NaN,NaN,NaN,NaN,NaN,NaN,NaN,NaN,
NaN,m115,NaN,2,3,128555,B,0,5801,97.60405685664031,100.0,1,4,4,NaN,NaN,NaN,NaN,NaN,NaN,NaN,NaN,NaN,NaN,NaN,NaN,NaN,NaN,NaN,NaN,NaN,NaN,NaN,NaN,NaN,NaN,NaN,NaN,NaN,5.0,95.0,0.0,0.0,NaN,NaN,NaN,NaN,NaN,NaN,NaN,NaN,NaN,NaN,NaN,NaN,NaN,NaN,NaN,NaN,5.0,100.0,0.0,0.0,NaN,NaN,NaN,NaN,NaN,NaN,NaN,NaN,NaN,NaN,NaN,NaN,NaN,NaN,NaN,NaN,1.4497345407708206,98.5312008353298,0.007047781638187992,0.012016842261187148,NaN,NaN,NaN,NaN,NaN,NaN,NaN,NaN,NaN,NaN,NaN,NaN,NaN,NaN,NaN,NaN,27195,NaN,NaN,NaN,NaN,0,100,0,0,0,100,0,0,4761,49.30139720558883,23.952095808383234,74.05189620758483,73.65269461077844,52.8942115768463,21.756487025948104,75.249500998004,27.345309381237527,26.031648096168983,6.613988633046265,26.175116286326958,18.217332070426558,50.77777777777778,25.125,75.25,73.0909090909091,49.666666666666664,21.125,70.9,28.772727272727273,0.15254237288135594,0.13559322033898305,0.33898305084745756,0.3728813559322034,19.924239223668625,5.348773223833667,17.562424377061387,12.418536198856692,19.924239223668625,5.348773223833667,17.562424377061387,12.418536198856692,80032,NaN,NaN,NaN,NaN,NaN,NaN,NaN,NaN,
NaN,m115,NaN,2,4,87585,C,1,5202,95.26916573169615,100.0,1,4,4,NaN,NaN,NaN,NaN,NaN,NaN,NaN,NaN,NaN,NaN,NaN,NaN,NaN,NaN,NaN,NaN,NaN,NaN,NaN,NaN,NaN,NaN,NaN,NaN,NaN,26.0,0.0,71.0,3.0,NaN,NaN,NaN,NaN,NaN,NaN,NaN,NaN,NaN,NaN,NaN,NaN,NaN,NaN,NaN,NaN,25.0,0.0,70.0,3.0,NaN,NaN,NaN,NaN,NaN,NaN,NaN,NaN,NaN,NaN,NaN,NaN,NaN,NaN,NaN,NaN,14.543004342087027,2.3834202163833105E-28,84.85759930130018,0.5993963566127853,NaN,NaN,NaN,NaN,NaN,NaN,NaN,NaN,NaN,NaN,NaN,NaN,NaN,NaN,NaN,NaN,19799,NaN,NaN,NaN,NaN,0,0,100,0,0,0,100,0,1986,53.49301397205589,26.347305389221557,74.8502994011976,71.6566866267465,53.293413173652695,22.155688622754482,74.6506986027944,28.343313373253494,23.62130192259327,6.613988633046265,26.175116286326958,19.96905985619834,49.81818181818182,25.266666666666666,75.0,72.6896551724138,50.63636363636363,22.933333333333334,73.95833333333333,29.724137931034484,0.13924050632911392,0.189873417721519,0.3037974683544304,0.3670886075949367,18.138584963078294,5.427911405155967,17.698256937085954,13.453624047073712,18.138584963078294,5.427911405155967,17.698256937085954,13.453624047073712,50272,NaN,NaN,NaN,NaN,NaN,NaN,NaN,NaN,
NaN,m115,NaN,2,5,70512,C,0,5753,99.83027219509606,100.0,1,4,4,NaN,NaN,NaN,NaN,NaN,NaN,NaN,NaN,NaN,NaN,NaN,NaN,NaN,NaN,NaN,NaN,NaN,NaN,NaN,NaN,NaN,NaN,NaN,NaN,NaN,14.0,0.0,86.0,0.0,NaN,NaN,NaN,NaN,NaN,NaN,NaN,NaN,NaN,NaN,NaN,NaN,NaN,NaN,NaN,NaN,15.0,0.0,99.0,0.0,NaN,NaN,NaN,NaN,NaN,NaN,NaN,NaN,NaN,NaN,NaN,NaN,NaN,NaN,NaN,NaN,11.94491573816154,2.7958330892678823E-37,88.03255115872304,0.022533103115419617,NaN,NaN,NaN,NaN,NaN,NaN,NaN,NaN,NaN,NaN,NaN,NaN,NaN,NaN,NaN,NaN,13084,NaN,NaN,NaN,NaN,0,0,100,0,0,0,100,0,3200,53.49301397205589,26.94610778443114,74.8502994011976,72.0558882235529,53.293413173652695,23.55289421157684,74.6506986027944,31.53692614770459,23.62130192259327,7.786989701848769,24.55819958611962,21.233810249466956,51.083333333333336,25.09090909090909,75.75,73.16216216216216,51.666666666666664,24.181818181818183,73.28571428571429,30.35135135135135,0.12121212121212122,0.2222222222222222,0.2828282828282828,0.37373737373737376,17.782931110727752,5.400107130862627,16.734782151957322,14.203853426266324,17.782931110727752,5.400107130862627,16.734782151957322,14.203853426266324,44234,NaN,NaN,NaN,NaN,NaN,NaN,NaN,NaN,
NaN,m116,NaN,2,1,302434,D,3,16396,60.133872938436895,100.0,1,4,4,NaN,NaN,NaN,NaN,NaN,NaN,NaN,NaN,NaN,NaN,NaN,NaN,NaN,NaN,NaN,NaN,NaN,NaN,NaN,NaN,NaN,NaN,NaN,NaN,NaN,47.0,18.0,15.0,20.0,NaN,NaN,NaN,NaN,NaN,NaN,NaN,NaN,NaN,NaN,NaN,NaN,NaN,NaN,NaN,NaN,75.0,30.0,25.0,33.0,NaN,NaN,NaN,NaN,NaN,NaN,NaN,NaN,NaN,NaN,NaN,NaN,NaN,NaN,NaN,NaN,93.5899242486648,5.796821042083418E-13,4.1582593161356725,2.2518164351989527,NaN,NaN,NaN,NaN,NaN,NaN,NaN,NaN,NaN,NaN,NaN,NaN,NaN,NaN,NaN,NaN,80714,NaN,NaN,NaN,NaN,0,0,0,100,0,0,0,100,33680,41.84100418410042,22.733612273361228,82.42677824267783,68.75871687587168,57.74058577405858,23.84937238493724,71.26917712691771,25.244072524407258,32.130513246440145,5.0,18.7310876876925,7.070455707468106,53.5,23.0,83.4,66.33333333333333,52.25,22.0,66.8,19.333333333333332,0.2105263157894737,0.10526315789473686,0.5263157894736843,0.15789473684210528,21.661457707181203,3.605551275463989,13.989281611290838,7.475887164001935,21.661457707181203,3.605551275463989,13.989281611290838,7.475887164001935,163408,NaN,NaN,NaN,NaN,NaN,NaN,NaN,NaN,
NaN,m116,NaN,2,2,328935,D,3,7846,41.17290963097433,100.0,1,4,4,NaN,NaN,NaN,NaN,NaN,NaN,NaN,NaN,NaN,NaN,NaN,NaN,NaN,NaN,NaN,NaN,NaN,NaN,NaN,NaN,NaN,NaN,NaN,NaN,NaN,28.0,21.0,22.0,29.0,NaN,NaN,NaN,NaN,NaN,NaN,NaN,NaN,NaN,NaN,NaN,NaN,NaN,NaN,NaN,NaN,46.0,35.0,38.0,50.0,NaN,NaN,NaN,NaN,NaN,NaN,NaN,NaN,NaN,NaN,NaN,NaN,NaN,NaN,NaN,NaN,6.6372604206019865,5.751838207617204E-19,0.45920433603395866,92.90353524336406,NaN,NaN,NaN,NaN,NaN,NaN,NaN,NaN,NaN,NaN,NaN,NaN,NaN,NaN,NaN,NaN,64520,NaN,NaN,NaN,NaN,0,0,0,100,0,0,0,100,41168,47.28033472803347,25.10460251046025,82.42677824267783,66.52719665271967,56.76429567642957,22.036262203626222,71.26917712691771,22.594142259414227,31.684566811483236,9.402596257005957,18.7310876876925,17.97216033047241,54.375,25.0,79.42857142857143,67.9090909090909,50.625,22.333333333333332,72.71428571428571,25.545454545454547,0.20512820512820512,0.15384615384615385,0.358974358974359,0.28205128205128205,19.601897229605097,5.811865258054231,14.85199086496693,11.696223873223444,19.601897229605097,5.811865258054231,14.85199086496693,11.696223873223444,205278,NaN,NaN,NaN,NaN,NaN,NaN,NaN,NaN,
NaN,m116,NaN,2,3,417527,B,1,8986,50.57416429698615,100.0,1,4,4,NaN,NaN,NaN,NaN,NaN,NaN,NaN,NaN,NaN,NaN,NaN,NaN,NaN,NaN,NaN,NaN,NaN,NaN,NaN,NaN,NaN,NaN,NaN,NaN,NaN,22.0,44.0,14.0,20.0,NaN,NaN,NaN,NaN,NaN,NaN,NaN,NaN,NaN,NaN,NaN,NaN,NaN,NaN,NaN,NaN,36.0,75.0,25.0,34.0,NaN,NaN,NaN,NaN,NaN,NaN,NaN,NaN,NaN,NaN,NaN,NaN,NaN,NaN,NaN,NaN,1.4497345407708206,98.5312008353298,0.007047781638187992,0.012016842261187148,NaN,NaN,NaN,NaN,NaN,NaN,NaN,NaN,NaN,NaN,NaN,NaN,NaN,NaN,NaN,NaN,23774,NaN,NaN,NaN,NaN,0,100,0,0,0,100,0,0,4462,42.11994421199442,27.336122733612275,82.42677824267783,63.73779637377964,59.13528591352859,20.0836820083682,71.26917712691771,24.26778242677824,30.163272489905545,6.834030683403071,18.7310876876925,22.287727158502538,50.77777777777778,25.125,75.25,73.0909090909091,49.666666666666664,21.125,70.9,28.772727272727273,0.15254237288135594,0.13559322033898305,0.33898305084745756,0.3728813559322034,19.924239223668625,5.348773223833667,17.562424377061387,12.418536198856692,19.924239223668625,5.348773223833667,17.562424377061387,12.418536198856692,376421,NaN,NaN,NaN,NaN,NaN,NaN,NaN,NaN,
NaN,m116,NaN,2,4,344261,C,3,7129,55.03040807291305,100.0,1,4,4,NaN,NaN,NaN,NaN,NaN,NaN,NaN,NaN,NaN,NaN,NaN,NaN,NaN,NaN,NaN,NaN,NaN,NaN,NaN,NaN,NaN,NaN,NaN,NaN,NaN,33.0,15.0,33.0,19.0,NaN,NaN,NaN,NaN,NaN,NaN,NaN,NaN,NaN,NaN,NaN,NaN,NaN,NaN,NaN,NaN,55.0,25.0,55.0,33.0,NaN,NaN,NaN,NaN,NaN,NaN,NaN,NaN,NaN,NaN,NaN,NaN,NaN,NaN,NaN,NaN,14.543004342087027,2.3834202163833105E-28,84.85759930130018,0.5993963566127853,NaN,NaN,NaN,NaN,NaN,NaN,NaN,NaN,NaN,NaN,NaN,NaN,NaN,NaN,NaN,NaN,31527,NaN,NaN,NaN,NaN,0,0,100,0,0,0,100,0,8159,42.11994421199442,27.615062761506277,88.84239888423988,70.43235704323571,59.13528591352859,22.873082287308222,72.66387726638773,26.080892608089258,30.163272489905545,8.808721157399233,28.505500931371284,22.74900865637828,49.81818181818182,25.266666666666666,75.0,72.6896551724138,50.63636363636363,22.933333333333334,73.95833333333333,29.724137931034484,0.13924050632911392,0.189873417721519,0.3037974683544304,0.3670886075949367,18.138584963078294,5.427911405155967,17.698256937085954,13.453624047073712,18.138584963078294,5.427911405155967,17.698256937085954,13.453624047073712,290020,NaN,NaN,NaN,NaN,NaN,NaN,NaN,NaN,
NaN,m116,NaN,2,5,187219,C,4,10811,55.481644259330224,100.0,1,4,4,NaN,NaN,NaN,NaN,NaN,NaN,NaN,NaN,NaN,NaN,NaN,NaN,NaN,NaN,NaN,NaN,NaN,NaN,NaN,NaN,NaN,NaN,NaN,NaN,NaN,38.0,15.0,35.0,12.0,NaN,NaN,NaN,NaN,NaN,NaN,NaN,NaN,NaN,NaN,NaN,NaN,NaN,NaN,NaN,NaN,47.0,18.0,45.0,16.0,NaN,NaN,NaN,NaN,NaN,NaN,NaN,NaN,NaN,NaN,NaN,NaN,NaN,NaN,NaN,NaN,11.94491573816154,2.7958330892678823E-37,88.03255115872304,0.022533103115419617,NaN,NaN,NaN,NaN,NaN,NaN,NaN,NaN,NaN,NaN,NaN,NaN,NaN,NaN,NaN,NaN,23291,NaN,NaN,NaN,NaN,0,0,100,0,0,0,100,0,4929,42.11994421199442,27.615062761506277,88.84239888423988,66.10878661087867,59.13528591352859,22.873082287308222,72.66387726638773,24.26778242677824,30.163272489905545,8.808721157399233,28.505500931371284,27.675925772964952,51.083333333333336,25.09090909090909,75.75,73.16216216216216,51.666666666666664,24.181818181818183,73.28571428571429,30.35135135135135,0.12121212121212122,0.2222222222222222,0.2828282828282828,0.37373737373737376,17.782931110727752,5.400107130862627,16.734782151957322,14.203853426266324,17.782931110727752,5.400107130862627,16.734782151957322,14.203853426266324,134756,NaN,NaN,NaN,NaN,NaN,NaN,NaN,NaN,
NaN,m117,NaN,2,1,176652,D,3,15724,88.79877946615309,0.0,1,4,4,NaN,NaN,NaN,NaN,NaN,NaN,NaN,NaN,NaN,NaN,NaN,NaN,NaN,NaN,NaN,NaN,NaN,NaN,NaN,NaN,NaN,NaN,NaN,NaN,NaN,76.0,7.0,6.0,11.0,NaN,NaN,NaN,NaN,NaN,NaN,NaN,NaN,NaN,NaN,NaN,NaN,NaN,NaN,NaN,NaN,76.0,7.0,6.0,11.0,NaN,NaN,NaN,NaN,NaN,NaN,NaN,NaN,NaN,NaN,NaN,NaN,NaN,NaN,NaN,NaN,93.5899242486648,5.796821042083418E-13,4.1582593161356725,2.2518164351989527,NaN,NaN,NaN,NaN,NaN,NaN,NaN,NaN,NaN,NaN,NaN,NaN,NaN,NaN,NaN,NaN,43492,NaN,NaN,NaN,NaN,100,0,0,0,100,0,0,0,7363,46.72245467224547,21.896792189679218,84.23988842398884,68.20083682008368,57.46164574616457,21.757322175732213,67.64295676429568,25.941422594142253,30.430362722877394,6.94134847315443,19.95201298704119,10.559270979496622,53.5,23.0,83.4,66.33333333333333,52.25,22.0,66.8,19.333333333333332,0.2105263157894737,0.10526315789473686,0.5263157894736843,0.15789473684210528,21.661457707181203,3.605551275463989,13.989281611290838,7.475887164001935,21.661457707181203,3.605551275463989,13.989281611290838,7.475887164001935,107732,NaN,NaN,NaN,NaN,NaN,NaN,NaN,NaN,
NaN,m117,NaN,2,2,124893,D,1,6879,84.01072429237371,100.0,1,4,4,NaN,NaN,NaN,NaN,NaN,NaN,NaN,NaN,NaN,NaN,NaN,NaN,NaN,NaN,NaN,NaN,NaN,NaN,NaN,NaN,NaN,NaN,NaN,NaN,NaN,24.0,1.0,8.0,67.0,NaN,NaN,NaN,NaN,NaN,NaN,NaN,NaN,NaN,NaN,NaN,NaN,NaN,NaN,NaN,NaN,24.0,1.0,8.0,67.0,NaN,NaN,NaN,NaN,NaN,NaN,NaN,NaN,NaN,NaN,NaN,NaN,NaN,NaN,NaN,NaN,6.6372604206019865,5.751838207617204E-19,0.45920433603395866,92.90353524336406,NaN,NaN,NaN,NaN,NaN,NaN,NaN,NaN,NaN,NaN,NaN,NaN,NaN,NaN,NaN,NaN,35973,NaN,NaN,NaN,NaN,0,0,0,100,0,0,0,100,12620,46.72245467224547,21.896792189679218,77.12691771269178,68.20083682008368,57.46164574616457,23.57043235704323,68.34030683403068,25.941422594142253,30.430362722877394,12.73384904938726,28.75789167772315,21.903897789084088,54.375,25.0,79.42857142857143,67.9090909090909,50.625,22.333333333333332,72.71428571428571,25.545454545454547,0.20512820512820512,0.15384615384615385,0.358974358974359,0.28205128205128205,19.601897229605097,5.811865258054231,14.85199086496693,11.696223873223444,19.601897229605097,5.811865258054231,14.85199086496693,11.696223873223444,64366,NaN,NaN,NaN,NaN,NaN,NaN,NaN,NaN,
NaN,m117,NaN,2,3,111410,B,0,5803,97.97163246384748,100.0,1,4,4,NaN,NaN,NaN,NaN,NaN,NaN,NaN,NaN,NaN,NaN,NaN,NaN,NaN,NaN,NaN,NaN,NaN,NaN,NaN,NaN,NaN,NaN,NaN,NaN,NaN,4.0,93.0,1.0,2.0,NaN,NaN,NaN,NaN,NaN,NaN,NaN,NaN,NaN,NaN,NaN,NaN,NaN,NaN,NaN,NaN,4.0,93.0,1.0,2.0,NaN,NaN,NaN,NaN,NaN,NaN,NaN,NaN,NaN,NaN,NaN,NaN,NaN,NaN,NaN,NaN,1.4497345407708206,98.5312008353298,0.007047781638187992,0.012016842261187148,NaN,NaN,NaN,NaN,NaN,NaN,NaN,NaN,NaN,NaN,NaN,NaN,NaN,NaN,NaN,NaN,32774,NaN,NaN,NaN,NaN,0,100,0,0,0,100,0,0,5148,46.72245467224547,21.896792189679218,72.94281729428172,70.5718270571827,57.46164574616457,23.57043235704323,70.0139470013947,31.380753138075306,32.18827723682378,12.73384904938726,32.87767080863906,25.697704892626128,50.77777777777778,25.125,75.25,73.0909090909091,49.666666666666664,21.125,70.9,28.772727272727273,0.15254237288135594,0.13559322033898305,0.33898305084745756,0.3728813559322034,19.924239223668625,5.348773223833667,17.562424377061387,12.418536198856692,19.924239223668625,5.348773223833667,17.562424377061387,12.418536198856692,64846,NaN,NaN,NaN,NaN,NaN,NaN,NaN,NaN,
NaN,m117,NaN,2,4,109319,C,1,3603,96.71576538647052,100.0,1,4,4,NaN,NaN,NaN,NaN,NaN,NaN,NaN,NaN,NaN,NaN,NaN,NaN,NaN,NaN,NaN,NaN,NaN,NaN,NaN,NaN,NaN,NaN,NaN,NaN,NaN,23.0,1.0,73.0,3.0,NaN,NaN,NaN,NaN,NaN,NaN,NaN,NaN,NaN,NaN,NaN,NaN,NaN,NaN,NaN,NaN,23.0,1.0,73.0,3.0,NaN,NaN,NaN,NaN,NaN,NaN,NaN,NaN,NaN,NaN,NaN,NaN,NaN,NaN,NaN,NaN,14.543004342087027,2.3834202163833105E-28,84.85759930130018,0.5993963566127853,NaN,NaN,NaN,NaN,NaN,NaN,NaN,NaN,NaN,NaN,NaN,NaN,NaN,NaN,NaN,NaN,47733,NaN,NaN,NaN,NaN,0,0,100,0,0,0,100,0,4383,50.348675034867505,21.896792189679218,72.94281729428172,70.5718270571827,52.16178521617852,23.57043235704323,70.0139470013947,31.380753138075306,32.18827723682378,12.73384904938726,32.87767080863906,26.78732121792339,49.81818181818182,25.266666666666666,75.0,72.6896551724138,50.63636363636363,22.933333333333334,73.95833333333333,29.724137931034484,0.13924050632911392,0.189873417721519,0.3037974683544304,0.3670886075949367,18.138584963078294,5.427911405155967,17.698256937085954,13.453624047073712,18.138584963078294,5.427911405155967,17.698256937085954,13.453624047073712,50526,NaN,NaN,NaN,NaN,NaN,NaN,NaN,NaN,
NaN,m117,NaN,2,5,69216,C,1,4633,92.50132508562008,100.0,1,4,4,NaN,NaN,NaN,NaN,NaN,NaN,NaN,NaN,NaN,NaN,NaN,NaN,NaN,NaN,NaN,NaN,NaN,NaN,NaN,NaN,NaN,NaN,NaN,NaN,NaN,28.0,1.0,70.0,1.0,NaN,NaN,NaN,NaN,NaN,NaN,NaN,NaN,NaN,NaN,NaN,NaN,NaN,NaN,NaN,NaN,28.0,1.0,70.0,1.0,NaN,NaN,NaN,NaN,NaN,NaN,NaN,NaN,NaN,NaN,NaN,NaN,NaN,NaN,NaN,NaN,11.94491573816154,2.7958330892678823E-37,88.03255115872304,0.022533103115419617,NaN,NaN,NaN,NaN,NaN,NaN,NaN,NaN,NaN,NaN,NaN,NaN,NaN,NaN,NaN,NaN,30389,NaN,NaN,NaN,NaN,0,0,100,0,0,0,100,0,5086,51.46443514644351,21.896792189679218,72.94281729428172,70.5718270571827,49.9302649930265,23.57043235704323,70.0139470013947,29.986052998605302,32.18827723682378,12.73384904938726,32.87767080863906,26.78732121792339,51.083333333333336,25.09090909090909,75.75,73.16216216216216,51.666666666666664,24.181818181818183,73.28571428571429,30.35135135135135,0.12121212121212122,0.2222222222222222,0.2828282828282828,0.37373737373737376,17.782931110727752,5.400107130862627,16.734782151957322,14.203853426266324,17.782931110727752,5.400107130862627,16.734782151957322,14.203853426266324,24944,NaN,NaN,NaN,NaN,NaN,NaN,NaN,NaN,
NaN,m118,NaN,2,1,292611,D,4,14523,58.587012827728316,0.0,1,4,4,NaN,NaN,NaN,NaN,NaN,NaN,NaN,NaN,NaN,NaN,NaN,NaN,NaN,NaN,NaN,NaN,NaN,NaN,NaN,NaN,NaN,NaN,NaN,NaN,NaN,45.0,10.0,25.0,20.0,NaN,NaN,NaN,NaN,NaN,NaN,NaN,NaN,NaN,NaN,NaN,NaN,NaN,NaN,NaN,NaN,45.0,10.0,25.0,20.0,NaN,NaN,NaN,NaN,NaN,NaN,NaN,NaN,NaN,NaN,NaN,NaN,NaN,NaN,NaN,NaN,93.5899242486648,5.796821042083418E-13,4.1582593161356725,2.2518164351989527,NaN,NaN,NaN,NaN,NaN,NaN,NaN,NaN,NaN,NaN,NaN,NaN,NaN,NaN,NaN,NaN,104131,NaN,NaN,NaN,NaN,100,0,0,0,100,0,0,0,20078,51.04602510460251,23.01255230125523,83.26359832635984,67.50348675034867,60.94839609483961,22.315202231520217,63.31938633193863,25.662482566248258,27.62386628337333,6.83972096805536,22.21954742708664,7.340416941110604,53.5,23.0,83.4,66.33333333333333,52.25,22.0,66.8,19.333333333333332,0.2105263157894737,0.10526315789473686,0.5263157894736843,0.15789473684210528,21.661457707181203,3.605551275463989,13.989281611290838,7.475887164001935,21.661457707181203,3.605551275463989,13.989281611290838,7.475887164001935,149355,NaN,NaN,NaN,NaN,NaN,NaN,NaN,NaN,
NaN,m118,NaN,2,2,268447,D,1,7410,84.33858697969386,100.0,1,4,4,NaN,NaN,NaN,NaN,NaN,NaN,NaN,NaN,NaN,NaN,NaN,NaN,NaN,NaN,NaN,NaN,NaN,NaN,NaN,NaN,NaN,NaN,NaN,NaN,NaN,15.0,0.0,15.0,70.0,NaN,NaN,NaN,NaN,NaN,NaN,NaN,NaN,NaN,NaN,NaN,NaN,NaN,NaN,NaN,NaN,15.0,0.0,15.0,70.0,NaN,NaN,NaN,NaN,NaN,NaN,NaN,NaN,NaN,NaN,NaN,NaN,NaN,NaN,NaN,NaN,6.6372604206019865,5.751838207617204E-19,0.45920433603395866,92.90353524336406,NaN,NaN,NaN,NaN,NaN,NaN,NaN,NaN,NaN,NaN,NaN,NaN,NaN,NaN,NaN,NaN,43369,NaN,NaN,NaN,NaN,0,0,0,100,0,0,0,100,8221,47.83821478382148,25.523012552301257,83.54253835425384,71.1297071129707,57.74058577405858,22.315202231520217,65.13249651324965,18.96792189679219,32.315235338325735,8.323918165342688,22.21954742708664,17.35827455143328,54.375,25.0,79.42857142857143,67.9090909090909,50.625,22.333333333333332,72.71428571428571,25.545454545454547,0.20512820512820512,0.15384615384615385,0.358974358974359,0.28205128205128205,19.601897229605097,5.811865258054231,14.85199086496693,11.696223873223444,19.601897229605097,5.811865258054231,14.85199086496693,11.696223873223444,203971,NaN,NaN,NaN,NaN,NaN,NaN,NaN,NaN,
NaN,m118,NaN,2,3,420454,B,0,6131,93.24566881518194,100.0,1,4,4,NaN,NaN,NaN,NaN,NaN,NaN,NaN,NaN,NaN,NaN,NaN,NaN,NaN,NaN,NaN,NaN,NaN,NaN,NaN,NaN,NaN,NaN,NaN,NaN,NaN,10.0,90.0,0.0,0.0,NaN,NaN,NaN,NaN,NaN,NaN,NaN,NaN,NaN,NaN,NaN,NaN,NaN,NaN,NaN,NaN,10.0,90.0,0.0,0.0,NaN,NaN,NaN,NaN,NaN,NaN,NaN,NaN,NaN,NaN,NaN,NaN,NaN,NaN,NaN,NaN,1.4497345407708206,98.5312008353298,0.007047781638187992,0.012016842261187148,NaN,NaN,NaN,NaN,NaN,NaN,NaN,NaN,NaN,NaN,NaN,NaN,NaN,NaN,NaN,NaN,42869,NaN,NaN,NaN,NaN,0,100,0,0,0,100,0,0,4867,41.56206415620642,25.523012552301257,78.38214783821479,73.50069735006974,59.274755927475596,22.315202231520217,58.43793584379358,22.175732217573227,30.049558130762577,8.323918165342688,28.92717027143215,20.725262843715633,50.77777777777778,25.125,75.25,73.0909090909091,49.666666666666664,21.125,70.9,28.772727272727273,0.15254237288135594,0.13559322033898305,0.33898305084745756,0.3728813559322034,19.924239223668625,5.348773223833667,17.562424377061387,12.418536198856692,19.924239223668625,5.348773223833667,17.562424377061387,12.418536198856692,362250,NaN,NaN,NaN,NaN,NaN,NaN,NaN,NaN,
NaN,m118,NaN,2,4,432278,C,1,8065,85.56485928056019,100.0,1,4,4,NaN,NaN,NaN,NaN,NaN,NaN,NaN,NaN,NaN,NaN,NaN,NaN,NaN,NaN,NaN,NaN,NaN,NaN,NaN,NaN,NaN,NaN,NaN,NaN,NaN,30.0,0.0,60.0,10.0,NaN,NaN,NaN,NaN,NaN,NaN,NaN,NaN,NaN,NaN,NaN,NaN,NaN,NaN,NaN,NaN,30.0,0.0,60.0,10.0,NaN,NaN,NaN,NaN,NaN,NaN,NaN,NaN,NaN,NaN,NaN,NaN,NaN,NaN,NaN,NaN,14.543004342087027,2.3834202163833105E-28,84.85759930130018,0.5993963566127853,NaN,NaN,NaN,NaN,NaN,NaN,NaN,NaN,NaN,NaN,NaN,NaN,NaN,NaN,NaN,NaN,84974,NaN,NaN,NaN,NaN,0,0,100,0,0,0,100,0,7644,42.67782426778243,26.778242677824267,71.40864714086472,73.36122733612274,59.274755927475596,22.594142259414227,62.90097629009763,22.454672245467222,28.876019348661796,8.336761023084216,32.608852817386044,23.616602054369995,49.81818181818182,25.266666666666666,75.0,72.6896551724138,50.63636363636363,22.933333333333334,73.95833333333333,29.724137931034484,0.13924050632911392,0.189873417721519,0.3037974683544304,0.3670886075949367,18.138584963078294,5.427911405155967,17.698256937085954,13.453624047073712,18.138584963078294,5.427911405155967,17.698256937085954,13.453624047073712,328054,NaN,NaN,NaN,NaN,NaN,NaN,NaN,NaN,
NaN,m118,NaN,2,5,109357,C,0,5272,97.81118414139331,100.0,1,4,4,NaN,NaN,NaN,NaN,NaN,NaN,NaN,NaN,NaN,NaN,NaN,NaN,NaN,NaN,NaN,NaN,NaN,NaN,NaN,NaN,NaN,NaN,NaN,NaN,NaN,20.0,0.0,80.0,0.0,NaN,NaN,NaN,NaN,NaN,NaN,NaN,NaN,NaN,NaN,NaN,NaN,NaN,NaN,NaN,NaN,20.0,0.0,80.0,0.0,NaN,NaN,NaN,NaN,NaN,NaN,NaN,NaN,NaN,NaN,NaN,NaN,NaN,NaN,NaN,NaN,11.94491573816154,2.7958330892678823E-37,88.03255115872304,0.022533103115419617,NaN,NaN,NaN,NaN,NaN,NaN,NaN,NaN,NaN,NaN,NaN,NaN,NaN,NaN,NaN,NaN,35084,NaN,NaN,NaN,NaN,0,0,100,0,0,0,100,0,5773,49.37238493723849,26.778242677824267,69.31659693165969,77.96373779637378,53.69595536959554,22.594142259414227,66.66666666666666,31.380753138075306,28.876019348661796,9.261901096727462,32.608852817386044,23.616602054369995,51.083333333333336,25.09090909090909,75.75,73.16216216216216,51.666666666666664,24.181818181818183,73.28571428571429,30.35135135135135,0.12121212121212122,0.2222222222222222,0.2828282828282828,0.37373737373737376,17.782931110727752,5.400107130862627,16.734782151957322,14.203853426266324,17.782931110727752,5.400107130862627,16.734782151957322,14.203853426266324,60825,NaN,NaN,NaN,NaN,NaN,NaN,NaN,NaN,
NaN,m119,NaN,2,1,313274,D,4,10059,59.25696494969661,0.0,1,4,4,NaN,NaN,NaN,NaN,NaN,NaN,NaN,NaN,NaN,NaN,NaN,NaN,NaN,NaN,NaN,NaN,NaN,NaN,NaN,NaN,NaN,NaN,NaN,NaN,NaN,47.0,14.0,9.0,30.0,NaN,NaN,NaN,NaN,NaN,NaN,NaN,NaN,NaN,NaN,NaN,NaN,NaN,NaN,NaN,NaN,47.0,14.0,9.0,30.0,NaN,NaN,NaN,NaN,NaN,NaN,NaN,NaN,NaN,NaN,NaN,NaN,NaN,NaN,NaN,NaN,93.5899242486648,5.796821042083418E-13,4.1582593161356725,2.2518164351989527,NaN,NaN,NaN,NaN,NaN,NaN,NaN,NaN,NaN,NaN,NaN,NaN,NaN,NaN,NaN,NaN,160760,NaN,NaN,NaN,NaN,100,0,0,0,100,0,0,0,21927,44.490934449093444,22.454672245467226,83.54253835425384,66.66666666666667,59.5536959553696,20.920502092050214,62.62203626220363,18.131101813110178,31.706660337163417,9.085912119889713,22.579071027634964,13.810348669372697,53.5,23.0,83.4,66.33333333333333,52.25,22.0,66.8,19.333333333333332,0.2105263157894737,0.10526315789473686,0.5263157894736843,0.15789473684210528,21.661457707181203,3.605551275463989,13.989281611290838,7.475887164001935,21.661457707181203,3.605551275463989,13.989281611290838,7.475887164001935,114382,NaN,NaN,NaN,NaN,NaN,NaN,NaN,NaN,
NaN,m119,NaN,2,2,228062,D,2,7487,63.2848887856229,100.0,1,4,4,NaN,NaN,NaN,NaN,NaN,NaN,NaN,NaN,NaN,NaN,NaN,NaN,NaN,NaN,NaN,NaN,NaN,NaN,NaN,NaN,NaN,NaN,NaN,NaN,NaN,25.0,2.0,25.0,48.0,NaN,NaN,NaN,NaN,NaN,NaN,NaN,NaN,NaN,NaN,NaN,NaN,NaN,NaN,NaN,NaN,25.0,2.0,25.0,48.0,NaN,NaN,NaN,NaN,NaN,NaN,NaN,NaN,NaN,NaN,NaN,NaN,NaN,NaN,NaN,NaN,6.6372604206019865,5.751838207617204E-19,0.45920433603395866,92.90353524336406,NaN,NaN,NaN,NaN,NaN,NaN,NaN,NaN,NaN,NaN,NaN,NaN,NaN,NaN,NaN,NaN,80879,NaN,NaN,NaN,NaN,0,0,0,100,0,0,0,100,8767,51.60390516039052,22.87308228730823,76.15062761506276,71.54811715481172,54.532775453277544,21.478382147838218,71.82705718270572,27.33612273361227,36.51984431466531,13.717072631480615,29.688773223330436,26.660669948918347,54.375,25.0,79.42857142857143,67.9090909090909,50.625,22.333333333333332,72.71428571428571,25.545454545454547,0.20512820512820512,0.15384615384615385,0.358974358974359,0.28205128205128205,19.601897229605097,5.811865258054231,14.85199086496693,11.696223873223444,19.601897229605097,5.811865258054231,14.85199086496693,11.696223873223444,126811,NaN,NaN,NaN,NaN,NaN,NaN,NaN,NaN,
NaN,m119,NaN,2,3,179510,B,1,7129,65.6866241842911,100.0,1,4,4,NaN,NaN,NaN,NaN,NaN,NaN,NaN,NaN,NaN,NaN,NaN,NaN,NaN,NaN,NaN,NaN,NaN,NaN,NaN,NaN,NaN,NaN,NaN,NaN,NaN,30.0,60.0,10.0,0.0,NaN,NaN,NaN,NaN,NaN,NaN,NaN,NaN,NaN,NaN,NaN,NaN,NaN,NaN,NaN,NaN,30.0,60.0,10.0,0.0,NaN,NaN,NaN,NaN,NaN,NaN,NaN,NaN,NaN,NaN,NaN,NaN,NaN,NaN,NaN,NaN,1.4497345407708206,98.5312008353298,0.007047781638187992,0.012016842261187148,NaN,NaN,NaN,NaN,NaN,NaN,NaN,NaN,NaN,NaN,NaN,NaN,NaN,NaN,NaN,NaN,103435,NaN,NaN,NaN,NaN,0,100,0,0,0,100,0,0,5210,51.60390516039052,22.87308228730823,73.36122733612274,71.54811715481172,54.532775453277544,21.478382147838218,67.08507670850767,27.33612273361227,36.51984431466531,13.717072631480615,38.22928798650816,26.660669948918347,50.77777777777778,25.125,75.25,73.0909090909091,49.666666666666664,21.125,70.9,28.772727272727273,0.15254237288135594,0.13559322033898305,0.33898305084745756,0.3728813559322034,19.924239223668625,5.348773223833667,17.562424377061387,12.418536198856692,19.924239223668625,5.348773223833667,17.562424377061387,12.418536198856692,57107,NaN,NaN,NaN,NaN,NaN,NaN,NaN,NaN,
NaN,m119,NaN,2,4,160375,C,1,8159,81.4048141567017,100.0,1,4,4,NaN,NaN,NaN,NaN,NaN,NaN,NaN,NaN,NaN,NaN,NaN,NaN,NaN,NaN,NaN,NaN,NaN,NaN,NaN,NaN,NaN,NaN,NaN,NaN,NaN,35.0,0.0,55.0,10.0,NaN,NaN,NaN,NaN,NaN,NaN,NaN,NaN,NaN,NaN,NaN,NaN,NaN,NaN,NaN,NaN,35.0,0.0,55.0,10.0,NaN,NaN,NaN,NaN,NaN,NaN,NaN,NaN,NaN,NaN,NaN,NaN,NaN,NaN,NaN,NaN,14.543004342087027,2.3834202163833105E-28,84.85759930130018,0.5993963566127853,NaN,NaN,NaN,NaN,NaN,NaN,NaN,NaN,NaN,NaN,NaN,NaN,NaN,NaN,NaN,NaN,87652,NaN,NaN,NaN,NaN,0,0,100,0,0,0,100,0,4726,51.60390516039052,24.546722454672246,73.36122733612274,72.10599721059972,54.532775453277544,21.757322175732213,67.08507670850767,30.822873082287302,36.51984431466531,13.717072631480615,38.22928798650816,28.821740751957364,49.81818181818182,25.266666666666666,75.0,72.6896551724138,50.63636363636363,22.933333333333334,73.95833333333333,29.724137931034484,0.13924050632911392,0.189873417721519,0.3037974683544304,0.3670886075949367,18.138584963078294,5.427911405155967,17.698256937085954,13.453624047073712,18.138584963078294,5.427911405155967,17.698256937085954,13.453624047073712,56937,NaN,NaN,NaN,NaN,NaN,NaN,NaN,NaN,
NaN,m119,NaN,2,5,115200,C,1,5335,82.7967953466717,100.0,1,4,4,NaN,NaN,NaN,NaN,NaN,NaN,NaN,NaN,NaN,NaN,NaN,NaN,NaN,NaN,NaN,NaN,NaN,NaN,NaN,NaN,NaN,NaN,NaN,NaN,NaN,40.0,0.0,60.0,0.0,NaN,NaN,NaN,NaN,NaN,NaN,NaN,NaN,NaN,NaN,NaN,NaN,NaN,NaN,NaN,NaN,40.0,0.0,60.0,0.0,NaN,NaN,NaN,NaN,NaN,NaN,NaN,NaN,NaN,NaN,NaN,NaN,NaN,NaN,NaN,NaN,11.94491573816154,2.7958330892678823E-37,88.03255115872304,0.022533103115419617,NaN,NaN,NaN,NaN,NaN,NaN,NaN,NaN,NaN,NaN,NaN,NaN,NaN,NaN,NaN,NaN,46486,NaN,NaN,NaN,NaN,0,0,100,0,0,0,100,0,7238,51.60390516039052,25.80195258019526,73.36122733612274,71.54811715481172,54.532775453277544,22.315202231520217,67.08507670850767,30.125523012552307,36.51984431466531,15.063407186946282,38.22928798650816,29.456912206290845,51.083333333333336,25.09090909090909,75.75,73.16216216216216,51.666666666666664,24.181818181818183,73.28571428571429,30.35135135135135,0.12121212121212122,0.2222222222222222,0.2828282828282828,0.37373737373737376,17.782931110727752,5.400107130862627,16.734782151957322,14.203853426266324,17.782931110727752,5.400107130862627,16.734782151957322,14.203853426266324,53131,NaN,NaN,NaN,NaN,NaN,NaN,NaN,NaN,
NaN,M120,NaN,2,1,327395,D,6,7831,54.52597723229437,0.0,1,4,4,NaN,NaN,NaN,NaN,NaN,NaN,NaN,NaN,NaN,NaN,NaN,NaN,NaN,NaN,NaN,NaN,NaN,NaN,NaN,NaN,NaN,NaN,NaN,NaN,NaN,42.0,1.0,41.0,16.0,NaN,NaN,NaN,NaN,NaN,NaN,NaN,NaN,NaN,NaN,NaN,NaN,NaN,NaN,NaN,NaN,42.0,1.0,41.0,16.0,NaN,NaN,NaN,NaN,NaN,NaN,NaN,NaN,NaN,NaN,NaN,NaN,NaN,NaN,NaN,NaN,93.5899242486648,5.796821042083418E-13,4.1582593161356725,2.2518164351989527,NaN,NaN,NaN,NaN,NaN,NaN,NaN,NaN,NaN,NaN,NaN,NaN,NaN,NaN,NaN,NaN,80714,NaN,NaN,NaN,NaN,100,0,0,0,100,0,0,0,10218,48.53556485355649,22.87308228730823,78.52161785216178,67.92189679218968,60.2510460251046,21.757322175732213,70.5718270571827,26.080892608089258,27.066167683851713,6.460939928535826,21.349392600449036,6.697465664459108,53.5,23.0,83.4,66.33333333333333,52.25,22.0,66.8,19.333333333333332,0.2105263157894737,0.10526315789473686,0.5263157894736843,0.15789473684210528,21.661457707181203,3.605551275463989,13.989281611290838,7.475887164001935,21.661457707181203,3.605551275463989,13.989281611290838,7.475887164001935,223998,NaN,NaN,NaN,NaN,NaN,NaN,NaN,NaN,
NaN,M120,NaN,2,2,232799,D,0,4290,61.07396090397309,100.0,1,4,4,NaN,NaN,NaN,NaN,NaN,NaN,NaN,NaN,NaN,NaN,NaN,NaN,NaN,NaN,NaN,NaN,NaN,NaN,NaN,NaN,NaN,NaN,NaN,NaN,NaN,30.0,10.0,15.0,45.0,NaN,NaN,NaN,NaN,NaN,NaN,NaN,NaN,NaN,NaN,NaN,NaN,NaN,NaN,NaN,NaN,30.0,10.0,15.0,45.0,NaN,NaN,NaN,NaN,NaN,NaN,NaN,NaN,NaN,NaN,NaN,NaN,NaN,NaN,NaN,NaN,6.6372604206019865,5.751838207617204E-19,0.45920433603395866,92.90353524336406,NaN,NaN,NaN,NaN,NaN,NaN,NaN,NaN,NaN,NaN,NaN,NaN,NaN,NaN,NaN,NaN,49359,NaN,NaN,NaN,NaN,0,0,0,100,0,0,0,100,9032,48.11715481171548,24.96513249651325,82.70571827057182,62.62203626220363,51.04602510460251,22.454672245467222,65.96931659693166,25.244072524407258,27.066167683851713,6.460939928535826,21.349392600449036,20.63873477565111,54.375,25.0,79.42857142857143,67.9090909090909,50.625,22.333333333333332,72.71428571428571,25.545454545454547,0.20512820512820512,0.15384615384615385,0.358974358974359,0.28205128205128205,19.601897229605097,5.811865258054231,14.85199086496693,11.696223873223444,19.601897229605097,5.811865258054231,14.85199086496693,11.696223873223444,168027,NaN,NaN,NaN,NaN,NaN,NaN,NaN,NaN,
NaN,M120,NaN,2,3,404354,B,0,4696,56.97704878219499,100.0,1,4,4,NaN,NaN,NaN,NaN,NaN,NaN,NaN,NaN,NaN,NaN,NaN,NaN,NaN,NaN,NaN,NaN,NaN,NaN,NaN,NaN,NaN,NaN,NaN,NaN,NaN,25.0,50.0,10.0,15.0,NaN,NaN,NaN,NaN,NaN,NaN,NaN,NaN,NaN,NaN,NaN,NaN,NaN,NaN,NaN,NaN,25.0,50.0,10.0,15.0,NaN,NaN,NaN,NaN,NaN,NaN,NaN,NaN,NaN,NaN,NaN,NaN,NaN,NaN,NaN,NaN,1.4497345407708206,98.5312008353298,0.007047781638187992,0.012016842261187148,NaN,NaN,NaN,NaN,NaN,NaN,NaN,NaN,NaN,NaN,NaN,NaN,NaN,NaN,NaN,NaN,63369,NaN,NaN,NaN,NaN,0,100,0,0,0,100,0,0,5710,46.02510460251046,24.546722454672246,76.42956764295677,73.22175732217573,48.675034867503484,22.315202231520217,76.84797768479777,27.33612273361227,27.041721559927236,8.974979382536212,25.732879007876406,20.63873477565111,50.77777777777778,25.125,75.25,73.0909090909091,49.666666666666664,21.125,70.9,28.772727272727273,0.15254237288135594,0.13559322033898305,0.33898305084745756,0.3728813559322034,19.924239223668625,5.348773223833667,17.562424377061387,12.418536198856692,19.924239223668625,5.348773223833667,17.562424377061387,12.418536198856692,327943,NaN,NaN,NaN,NaN,NaN,NaN,NaN,NaN,
NaN,M120,NaN,2,4,385621,C,1,6552,81.4048141567017,100.0,1,4,4,NaN,NaN,NaN,NaN,NaN,NaN,NaN,NaN,NaN,NaN,NaN,NaN,NaN,NaN,NaN,NaN,NaN,NaN,NaN,NaN,NaN,NaN,NaN,NaN,NaN,35.0,0.0,55.0,10.0,NaN,NaN,NaN,NaN,NaN,NaN,NaN,NaN,NaN,NaN,NaN,NaN,NaN,NaN,NaN,NaN,35.0,0.0,55.0,10.0,NaN,NaN,NaN,NaN,NaN,NaN,NaN,NaN,NaN,NaN,NaN,NaN,NaN,NaN,NaN,NaN,14.543004342087027,2.3834202163833105E-28,84.85759930130018,0.5993963566127853,NaN,NaN,NaN,NaN,NaN,NaN,NaN,NaN,NaN,NaN,NaN,NaN,NaN,NaN,NaN,NaN,48033,NaN,NaN,NaN,NaN,0,0,100,0,0,0,100,0,9360,46.86192468619247,24.546722454672246,76.42956764295677,71.68758716875871,52.02231520223152,22.315202231520217,76.84797768479777,32.078103207810315,28.27253617366069,8.974979382536212,25.732879007876406,21.850549470889696,49.81818181818182,25.266666666666666,75.0,72.6896551724138,50.63636363636363,22.933333333333334,73.95833333333333,29.724137931034484,0.13924050632911392,0.189873417721519,0.3037974683544304,0.3670886075949367,18.138584963078294,5.427911405155967,17.698256937085954,13.453624047073712,18.138584963078294,5.427911405155967,17.698256937085954,13.453624047073712,319414,NaN,NaN,NaN,NaN,NaN,NaN,NaN,NaN,
NaN,M120,NaN,2,5,285169,C,1,5054,87.33368442127527,100.0,1,4,4,NaN,NaN,NaN,NaN,NaN,NaN,NaN,NaN,NaN,NaN,NaN,NaN,NaN,NaN,NaN,NaN,NaN,NaN,NaN,NaN,NaN,NaN,NaN,NaN,NaN,35.0,0.0,65.0,0.0,NaN,NaN,NaN,NaN,NaN,NaN,NaN,NaN,NaN,NaN,NaN,NaN,NaN,NaN,NaN,NaN,35.0,0.0,65.0,0.0,NaN,NaN,NaN,NaN,NaN,NaN,NaN,NaN,NaN,NaN,NaN,NaN,NaN,NaN,NaN,NaN,11.94491573816154,2.7958330892678823E-37,88.03255115872304,0.022533103115419617,NaN,NaN,NaN,NaN,NaN,NaN,NaN,NaN,NaN,NaN,NaN,NaN,NaN,NaN,NaN,NaN,38906,NaN,NaN,NaN,NaN,0,0,100,0,0,0,100,0,5070,42.53835425383543,22.87308228730823,74.75592747559274,72.80334728033473,52.02231520223152,21.896792189679218,75.87168758716876,31.380753138075306,25.957913805594064,9.306945952972317,25.13905895125254,21.850549470889696,51.083333333333336,25.09090909090909,75.75,73.16216216216216,51.666666666666664,24.181818181818183,73.28571428571429,30.35135135135135,0.12121212121212122,0.2222222222222222,0.2828282828282828,0.37373737373737376,17.782931110727752,5.400107130862627,16.734782151957322,14.203853426266324,17.782931110727752,5.400107130862627,16.734782151957322,14.203853426266324,234079,NaN,NaN,NaN,NaN,NaN,NaN,NaN,NaN,
NaN,M122,NaN,2,1,361059,D,6,18470,89.18858921976395,0.0,1,4,4,NaN,NaN,NaN,NaN,NaN,NaN,NaN,NaN,NaN,NaN,NaN,NaN,NaN,NaN,NaN,NaN,NaN,NaN,NaN,NaN,NaN,NaN,NaN,NaN,NaN,77.0,8.0,5.0,10.0,NaN,NaN,NaN,NaN,NaN,NaN,NaN,NaN,NaN,NaN,NaN,NaN,NaN,NaN,NaN,NaN,77.0,8.0,5.0,10.0,NaN,NaN,NaN,NaN,NaN,NaN,NaN,NaN,NaN,NaN,NaN,NaN,NaN,NaN,NaN,NaN,93.5899242486648,5.796821042083418E-13,4.1582593161356725,2.2518164351989527,NaN,NaN,NaN,NaN,NaN,NaN,NaN,NaN,NaN,NaN,NaN,NaN,NaN,NaN,NaN,NaN,75909,NaN,NaN,NaN,NaN,100,0,0,0,100,0,0,0,21154,47.97768479776848,23.01255230125523,82.84518828451883,67.22454672245468,59.693165969316595,21.896792189679218,69.7350069735007,23.15202231520223,28.936246833370912,6.023102616928641,19.85379040365327,9.26085093502594,53.5,23.0,83.4,66.33333333333333,52.25,22.0,66.8,19.333333333333332,0.2105263157894737,0.10526315789473686,0.5263157894736843,0.15789473684210528,21.661457707181203,3.605551275463989,13.989281611290838,7.475887164001935,21.661457707181203,3.605551275463989,13.989281611290838,7.475887164001935,224233,NaN,NaN,NaN,NaN,NaN,NaN,NaN,NaN,
NaN,M122,NaN,2,2,230863,D,1,11138,94.06796762055504,100.0,1,4,4,NaN,NaN,NaN,NaN,NaN,NaN,NaN,NaN,NaN,NaN,NaN,NaN,NaN,NaN,NaN,NaN,NaN,NaN,NaN,NaN,NaN,NaN,NaN,NaN,NaN,6.0,5.0,6.0,83.0,NaN,NaN,NaN,NaN,NaN,NaN,NaN,NaN,NaN,NaN,NaN,NaN,NaN,NaN,NaN,NaN,6.0,6.0,7.0,95.0,NaN,NaN,NaN,NaN,NaN,NaN,NaN,NaN,NaN,NaN,NaN,NaN,NaN,NaN,NaN,NaN,6.6372604206019865,5.751838207617204E-19,0.45920433603395866,92.90353524336406,NaN,NaN,NaN,NaN,NaN,NaN,NaN,NaN,NaN,NaN,NaN,NaN,NaN,NaN,NaN,NaN,33884,NaN,NaN,NaN,NaN,0,0,0,100,0,0,0,100,6084,51.60390516039052,24.686192468619247,81.31101813110182,67.92189679218968,58.716875871687584,22.594142259414227,71.68758716875871,24.68619246861924,28.936246833370912,6.812649786231407,27.61365393754997,14.60111835793852,54.375,25.0,79.42857142857143,67.9090909090909,50.625,22.333333333333332,72.71428571428571,25.545454545454547,0.20512820512820512,0.15384615384615385,0.358974358974359,0.28205128205128205,19.601897229605097,5.811865258054231,14.85199086496693,11.696223873223444,19.601897229605097,5.811865258054231,14.85199086496693,11.696223873223444,160257,NaN,NaN,NaN,NaN,NaN,NaN,NaN,NaN,
NaN,M122,NaN,2,3,152645,B,0,8346,99.33857889689196,100.0,1,4,4,NaN,NaN,NaN,NaN,NaN,NaN,NaN,NaN,NaN,NaN,NaN,NaN,NaN,NaN,NaN,NaN,NaN,NaN,NaN,NaN,NaN,NaN,NaN,NaN,NaN,2.0,95.0,1.0,2.0,NaN,NaN,NaN,NaN,NaN,NaN,NaN,NaN,NaN,NaN,NaN,NaN,NaN,NaN,NaN,NaN,2.0,95.0,1.0,2.0,NaN,NaN,NaN,NaN,NaN,NaN,NaN,NaN,NaN,NaN,NaN,NaN,NaN,NaN,NaN,NaN,1.4497345407708206,98.5312008353298,0.007047781638187992,0.012016842261187148,NaN,NaN,NaN,NaN,NaN,NaN,NaN,NaN,NaN,NaN,NaN,NaN,NaN,NaN,NaN,NaN,52025,NaN,NaN,NaN,NaN,0,100,0,0,0,100,0,0,6879,51.60390516039052,24.686192468619247,69.4560669456067,66.66666666666667,58.716875871687584,22.594142259414227,72.10599721059972,29.009762900976284,28.936246833370912,6.812649786231407,27.61365393754997,25.00717185380671,50.77777777777778,25.125,75.25,73.0909090909091,49.666666666666664,21.125,70.9,28.772727272727273,0.15254237288135594,0.13559322033898305,0.33898305084745756,0.3728813559322034,19.924239223668625,5.348773223833667,17.562424377061387,12.418536198856692,19.924239223668625,5.348773223833667,17.562424377061387,12.418536198856692,79248,NaN,NaN,NaN,NaN,NaN,NaN,NaN,NaN,
NaN,M122,NaN,2,4,136422,C,2,19983,91.8486088383419,100.0,1,4,4,NaN,NaN,NaN,NaN,NaN,NaN,NaN,NaN,NaN,NaN,NaN,NaN,NaN,NaN,NaN,NaN,NaN,NaN,NaN,NaN,NaN,NaN,NaN,NaN,NaN,33.0,0.0,66.0,1.0,NaN,NaN,NaN,NaN,NaN,NaN,NaN,NaN,NaN,NaN,NaN,NaN,NaN,NaN,NaN,NaN,33.0,0.0,66.0,1.0,NaN,NaN,NaN,NaN,NaN,NaN,NaN,NaN,NaN,NaN,NaN,NaN,NaN,NaN,NaN,NaN,14.543004342087027,2.3834202163833105E-28,84.85759930130018,0.5993963566127853,NaN,NaN,NaN,NaN,NaN,NaN,NaN,NaN,NaN,NaN,NaN,NaN,NaN,NaN,NaN,NaN,52213,NaN,NaN,NaN,NaN,0,0,100,0,0,0,100,0,5180,51.60390516039052,25.10460251046025,69.4560669456067,66.66666666666667,58.716875871687584,22.454672245467222,72.10599721059972,29.009762900976284,28.936246833370912,8.594114646027284,27.61365393754997,25.00717185380671,49.81818181818182,25.266666666666666,75.0,72.6896551724138,50.63636363636363,22.933333333333334,73.95833333333333,29.724137931034484,0.13924050632911392,0.189873417721519,0.3037974683544304,0.3670886075949367,18.138584963078294,5.427911405155967,17.698256937085954,13.453624047073712,18.138584963078294,5.427911405155967,17.698256937085954,13.453624047073712,47549,NaN,NaN,NaN,NaN,NaN,NaN,NaN,NaN,
NaN,M122,NaN,2,5,111820,C,1,10155,91.42666273821982,100.0,1,4,4,NaN,NaN,NaN,NaN,NaN,NaN,NaN,NaN,NaN,NaN,NaN,NaN,NaN,NaN,NaN,NaN,NaN,NaN,NaN,NaN,NaN,NaN,NaN,NaN,NaN,30.0,0.0,70.0,0.0,NaN,NaN,NaN,NaN,NaN,NaN,NaN,NaN,NaN,NaN,NaN,NaN,NaN,NaN,NaN,NaN,30.0,0.0,70.0,0.0,NaN,NaN,NaN,NaN,NaN,NaN,NaN,NaN,NaN,NaN,NaN,NaN,NaN,NaN,NaN,NaN,11.94491573816154,2.7958330892678823E-37,88.03255115872304,0.022533103115419617,NaN,NaN,NaN,NaN,NaN,NaN,NaN,NaN,NaN,NaN,NaN,NaN,NaN,NaN,NaN,NaN,36020,NaN,NaN,NaN,NaN,0,0,100,0,0,0,100,0,6646,51.60390516039052,25.10460251046025,69.4560669456067,70.43235704323571,58.716875871687584,22.454672245467222,72.10599721059972,29.56764295676429,28.936246833370912,10.74281306089357,27.61365393754997,25.765740354407995,51.083333333333336,25.09090909090909,75.75,73.16216216216216,51.666666666666664,24.181818181818183,73.28571428571429,30.35135135135135,0.12121212121212122,0.2222222222222222,0.2828282828282828,0.37373737373737376,17.782931110727752,5.400107130862627,16.734782151957322,14.203853426266324,17.782931110727752,5.400107130862627,16.734782151957322,14.203853426266324,51636,NaN,NaN,NaN,NaN,NaN,NaN,NaN,NaN,
NaN,M123,NaN,2,1,218183,D,4,10905,63.40272239584343,0.0,1,4,4,NaN,NaN,NaN,NaN,NaN,NaN,NaN,NaN,NaN,NaN,NaN,NaN,NaN,NaN,NaN,NaN,NaN,NaN,NaN,NaN,NaN,NaN,NaN,NaN,NaN,50.0,5.0,15.0,30.0,NaN,NaN,NaN,NaN,NaN,NaN,NaN,NaN,NaN,NaN,NaN,NaN,NaN,NaN,NaN,NaN,50.0,5.0,15.0,30.0,NaN,NaN,NaN,NaN,NaN,NaN,NaN,NaN,NaN,NaN,NaN,NaN,NaN,NaN,NaN,NaN,93.5899242486648,5.796821042083418E-13,4.1582593161356725,2.2518164351989527,NaN,NaN,NaN,NaN,NaN,NaN,NaN,NaN,NaN,NaN,NaN,NaN,NaN,NaN,NaN,NaN,50622,NaN,NaN,NaN,NaN,100,0,0,0,100,0,0,0,6739,50.62761506276151,23.291492329149232,80.0557880055788,67.22454672245468,50.348675034867505,23.15202231520223,68.89818688981869,16.73640167364016,35.96190429173904,5.16039051603905,21.267233603500014,13.223199022199452,53.5,23.0,83.4,66.33333333333333,52.25,22.0,66.8,19.333333333333332,0.2105263157894737,0.10526315789473686,0.5263157894736843,0.15789473684210528,21.661457707181203,3.605551275463989,13.989281611290838,7.475887164001935,21.661457707181203,3.605551275463989,13.989281611290838,7.475887164001935,143630,NaN,NaN,NaN,NaN,NaN,NaN,NaN,NaN,
NaN,M123,NaN,2,2,135175,D,2,4368,76.5454070612721,100.0,1,4,4,NaN,NaN,NaN,NaN,NaN,NaN,NaN,NaN,NaN,NaN,NaN,NaN,NaN,NaN,NaN,NaN,NaN,NaN,NaN,NaN,NaN,NaN,NaN,NaN,NaN,30.0,0.0,10.0,60.0,NaN,NaN,NaN,NaN,NaN,NaN,NaN,NaN,NaN,NaN,NaN,NaN,NaN,NaN,NaN,NaN,30.0,0.0,10.0,60.0,NaN,NaN,NaN,NaN,NaN,NaN,NaN,NaN,NaN,NaN,NaN,NaN,NaN,NaN,NaN,NaN,6.6372604206019865,5.751838207617204E-19,0.45920433603395866,92.90353524336406,NaN,NaN,NaN,NaN,NaN,NaN,NaN,NaN,NaN,NaN,NaN,NaN,NaN,NaN,NaN,NaN,30233,NaN,NaN,NaN,NaN,0,0,0,100,0,0,0,100,3464,50.62761506276151,24.407252440725244,79.63737796373779,66.38772663877266,50.348675034867505,22.315202231520217,72.80334728033472,24.26778242677824,33.35200191499298,7.360264882543238,22.332629178519493,16.89200100609862,54.375,25.0,79.42857142857143,67.9090909090909,50.625,22.333333333333332,72.71428571428571,25.545454545454547,0.20512820512820512,0.15384615384615385,0.358974358974359,0.28205128205128205,19.601897229605097,5.811865258054231,14.85199086496693,11.696223873223444,19.601897229605097,5.811865258054231,14.85199086496693,11.696223873223444,94194,NaN,NaN,NaN,NaN,NaN,NaN,NaN,NaN,
NaN,M123,NaN,2,3,133368,B,0,3807,93.24566881518194,100.0,1,4,4,NaN,NaN,NaN,NaN,NaN,NaN,NaN,NaN,NaN,NaN,NaN,NaN,NaN,NaN,NaN,NaN,NaN,NaN,NaN,NaN,NaN,NaN,NaN,NaN,NaN,10.0,90.0,0.0,0.0,NaN,NaN,NaN,NaN,NaN,NaN,NaN,NaN,NaN,NaN,NaN,NaN,NaN,NaN,NaN,NaN,10.0,90.0,0.0,0.0,NaN,NaN,NaN,NaN,NaN,NaN,NaN,NaN,NaN,NaN,NaN,NaN,NaN,NaN,NaN,NaN,1.4497345407708206,98.5312008353298,0.007047781638187992,0.012016842261187148,NaN,NaN,NaN,NaN,NaN,NaN,NaN,NaN,NaN,NaN,NaN,NaN,NaN,NaN,NaN,NaN,17706,NaN,NaN,NaN,NaN,0,100,0,0,0,100,0,0,4665,50.62761506276151,24.546722454672246,73.77963737796374,76.01115760111576,50.348675034867505,20.920502092050214,72.66387726638773,24.68619246861924,33.35200191499298,7.360264882543238,26.321431962924226,20.77026482452682,50.77777777777778,25.125,75.25,73.0909090909091,49.666666666666664,21.125,70.9,28.772727272727273,0.15254237288135594,0.13559322033898305,0.33898305084745756,0.3728813559322034,19.924239223668625,5.348773223833667,17.562424377061387,12.418536198856692,19.924239223668625,5.348773223833667,17.562424377061387,12.418536198856692,105381,NaN,NaN,NaN,NaN,NaN,NaN,NaN,NaN,
NaN,M123,NaN,2,4,132793,C,1,4649,96.65752527437242,100.0,1,4,4,NaN,NaN,NaN,NaN,NaN,NaN,NaN,NaN,NaN,NaN,NaN,NaN,NaN,NaN,NaN,NaN,NaN,NaN,NaN,NaN,NaN,NaN,NaN,NaN,NaN,10.0,0.0,85.0,5.0,NaN,NaN,NaN,NaN,NaN,NaN,NaN,NaN,NaN,NaN,NaN,NaN,NaN,NaN,NaN,NaN,10.0,0.0,85.0,5.0,NaN,NaN,NaN,NaN,NaN,NaN,NaN,NaN,NaN,NaN,NaN,NaN,NaN,NaN,NaN,NaN,14.543004342087027,2.3834202163833105E-28,84.85759930130018,0.5993963566127853,NaN,NaN,NaN,NaN,NaN,NaN,NaN,NaN,NaN,NaN,NaN,NaN,NaN,NaN,NaN,NaN,23854,NaN,NaN,NaN,NaN,0,0,100,0,0,0,100,0,2636,50.62761506276151,25.10460251046025,74.33751743375174,76.01115760111576,50.348675034867505,22.036262203626222,72.94281729428172,24.68619246861924,29.341786258203083,6.811222006736282,26.321431962924226,20.77026482452682,49.81818181818182,25.266666666666666,75.0,72.6896551724138,50.63636363636363,22.933333333333334,73.95833333333333,29.724137931034484,0.13924050632911392,0.189873417721519,0.3037974683544304,0.3670886075949367,18.138584963078294,5.427911405155967,17.698256937085954,13.453624047073712,18.138584963078294,5.427911405155967,17.698256937085954,13.453624047073712,99829,NaN,NaN,NaN,NaN,NaN,NaN,NaN,NaN,
NaN,M123,NaN,2,5,124476,C,2,3385,99.79408742225854,100.0,1,4,4,NaN,NaN,NaN,NaN,NaN,NaN,NaN,NaN,NaN,NaN,NaN,NaN,NaN,NaN,NaN,NaN,NaN,NaN,NaN,NaN,NaN,NaN,NaN,NaN,NaN,10.0,0.0,90.0,0.0,NaN,NaN,NaN,NaN,NaN,NaN,NaN,NaN,NaN,NaN,NaN,NaN,NaN,NaN,NaN,NaN,10.0,0.0,90.0,0.0,NaN,NaN,NaN,NaN,NaN,NaN,NaN,NaN,NaN,NaN,NaN,NaN,NaN,NaN,NaN,NaN,11.94491573816154,2.7958330892678823E-37,88.03255115872304,0.022533103115419617,NaN,NaN,NaN,NaN,NaN,NaN,NaN,NaN,NaN,NaN,NaN,NaN,NaN,NaN,NaN,NaN,19984,NaN,NaN,NaN,NaN,0,0,100,0,0,0,100,0,3026,50.62761506276151,24.96513249651325,76.42956764295677,73.77963737796374,50.348675034867505,23.988842398884245,72.66387726638773,28.73082287308229,29.341786258203083,8.165847234758399,26.321431962924226,23.291909900298172,51.083333333333336,25.09090909090909,75.75,73.16216216216216,51.666666666666664,24.181818181818183,73.28571428571429,30.35135135135135,0.12121212121212122,0.2222222222222222,0.2828282828282828,0.37373737373737376,17.782931110727752,5.400107130862627,16.734782151957322,14.203853426266324,17.782931110727752,5.400107130862627,16.734782151957322,14.203853426266324,95833,NaN,NaN,NaN,NaN,NaN,NaN,NaN,NaN,
NaN,m124,NaN,2,1,338738,D,5,14758,83.50216970580708,0.0,1,4,4,NaN,NaN,NaN,NaN,NaN,NaN,NaN,NaN,NaN,NaN,NaN,NaN,NaN,NaN,NaN,NaN,NaN,NaN,NaN,NaN,NaN,NaN,NaN,NaN,NaN,71.0,0.0,10.0,19.0,NaN,NaN,NaN,NaN,NaN,NaN,NaN,NaN,NaN,NaN,NaN,NaN,NaN,NaN,NaN,NaN,70.0,0.0,10.0,19.0,NaN,NaN,NaN,NaN,NaN,NaN,NaN,NaN,NaN,NaN,NaN,NaN,NaN,NaN,NaN,NaN,93.5899242486648,5.796821042083418E-13,4.1582593161356725,2.2518164351989527,NaN,NaN,NaN,NaN,NaN,NaN,NaN,NaN,NaN,NaN,NaN,NaN,NaN,NaN,NaN,NaN,66628,NaN,NaN,NaN,NaN,100,0,0,0,100,0,0,0,11918,51.60390516039052,23.291492329149232,66.80613668061366,66.80613668061366,57.04323570432357,22.315202231520217,63.458856345885636,18.410041841004187,34.115460170758546,7.099363368802349,35.04446030580621,16.64433066195652,53.5,23.0,83.4,66.33333333333333,52.25,22.0,66.8,19.333333333333332,0.2105263157894737,0.10526315789473686,0.5263157894736843,0.15789473684210528,21.661457707181203,3.605551275463989,13.989281611290838,7.475887164001935,21.661457707181203,3.605551275463989,13.989281611290838,7.475887164001935,235591,NaN,NaN,NaN,NaN,NaN,NaN,NaN,NaN,
NaN,m124,NaN,2,2,185432,D,1,10639,64.59394910302268,100.0,1,4,4,NaN,NaN,NaN,NaN,NaN,NaN,NaN,NaN,NaN,NaN,NaN,NaN,NaN,NaN,NaN,NaN,NaN,NaN,NaN,NaN,NaN,NaN,NaN,NaN,NaN,25.0,0.0,25.0,50.0,NaN,NaN,NaN,NaN,NaN,NaN,NaN,NaN,NaN,NaN,NaN,NaN,NaN,NaN,NaN,NaN,25.0,0.0,25.0,50.0,NaN,NaN,NaN,NaN,NaN,NaN,NaN,NaN,NaN,NaN,NaN,NaN,NaN,NaN,NaN,NaN,6.6372604206019865,5.751838207617204E-19,0.45920433603395866,92.90353524336406,NaN,NaN,NaN,NaN,NaN,NaN,NaN,NaN,NaN,NaN,NaN,NaN,NaN,NaN,NaN,NaN,27564,NaN,NaN,NaN,NaN,0,0,0,100,0,0,0,100,11638,53.69595536959554,22.733612273361228,65.69037656903765,71.54811715481172,51.743375174337515,22.73361227336123,64.57461645746164,20.0836820083682,46.11292918200736,15.384750050920697,35.04446030580621,19.157718085012853,54.375,25.0,79.42857142857143,67.9090909090909,50.625,22.333333333333332,72.71428571428571,25.545454545454547,0.20512820512820512,0.15384615384615385,0.358974358974359,0.28205128205128205,19.601897229605097,5.811865258054231,14.85199086496693,11.696223873223444,19.601897229605097,5.811865258054231,14.85199086496693,11.696223873223444,130210,NaN,NaN,NaN,NaN,NaN,NaN,NaN,NaN,
NaN,m124,NaN,2,3,117748,B,1,5850,76.80285811742368,100.0,1,4,4,NaN,NaN,NaN,NaN,NaN,NaN,NaN,NaN,NaN,NaN,NaN,NaN,NaN,NaN,NaN,NaN,NaN,NaN,NaN,NaN,NaN,NaN,NaN,NaN,NaN,24.0,70.0,3.0,3.0,NaN,NaN,NaN,NaN,NaN,NaN,NaN,NaN,NaN,NaN,NaN,NaN,NaN,NaN,NaN,NaN,25.0,75.0,4.0,4.0,NaN,NaN,NaN,NaN,NaN,NaN,NaN,NaN,NaN,NaN,NaN,NaN,NaN,NaN,NaN,NaN,1.4497345407708206,98.5312008353298,0.007047781638187992,0.012016842261187148,NaN,NaN,NaN,NaN,NaN,NaN,NaN,NaN,NaN,NaN,NaN,NaN,NaN,NaN,NaN,NaN,27315,NaN,NaN,NaN,NaN,0,100,0,0,0,100,0,0,5179,56.90376569037657,23.98884239888424,65.27196652719665,70.0139470013947,50.348675034867505,21.059972105997204,60.5299860529986,25.38354253835425,46.11292918200736,19.859668074005647,38.157986480081355,28.405354796320154,50.77777777777778,25.125,75.25,73.0909090909091,49.666666666666664,21.125,70.9,28.772727272727273,0.15254237288135594,0.13559322033898305,0.33898305084745756,0.3728813559322034,19.924239223668625,5.348773223833667,17.562424377061387,12.418536198856692,19.924239223668625,5.348773223833667,17.562424377061387,12.418536198856692,74786,NaN,NaN,NaN,NaN,NaN,NaN,NaN,NaN,
NaN,m124,NaN,2,4,199508,C,1,7582,85.56485928056019,100.0,1,4,4,NaN,NaN,NaN,NaN,NaN,NaN,NaN,NaN,NaN,NaN,NaN,NaN,NaN,NaN,NaN,NaN,NaN,NaN,NaN,NaN,NaN,NaN,NaN,NaN,NaN,30.0,0.0,60.0,10.0,NaN,NaN,NaN,NaN,NaN,NaN,NaN,NaN,NaN,NaN,NaN,NaN,NaN,NaN,NaN,NaN,30.0,0.0,60.0,10.0,NaN,NaN,NaN,NaN,NaN,NaN,NaN,NaN,NaN,NaN,NaN,NaN,NaN,NaN,NaN,NaN,14.543004342087027,2.3834202163833105E-28,84.85759930130018,0.5993963566127853,NaN,NaN,NaN,NaN,NaN,NaN,NaN,NaN,NaN,NaN,NaN,NaN,NaN,NaN,NaN,NaN,43961,NaN,NaN,NaN,NaN,0,0,100,0,0,0,100,0,7254,56.90376569037657,24.128312412831242,67.64295676429568,68.6192468619247,50.348675034867505,23.43096234309624,65.41143654114364,30.404463040446302,42.37065969463117,22.182748466819003,38.911134093322914,28.405354796320154,49.81818181818182,25.266666666666666,75.0,72.6896551724138,50.63636363636363,22.933333333333334,73.95833333333333,29.724137931034484,0.13924050632911392,0.189873417721519,0.3037974683544304,0.3670886075949367,18.138584963078294,5.427911405155967,17.698256937085954,13.453624047073712,18.138584963078294,5.427911405155967,17.698256937085954,13.453624047073712,134456,NaN,NaN,NaN,NaN,NaN,NaN,NaN,NaN,
NaN,m124,NaN,2,5,182473,C,1,9126,70.30130211345109,100.0,1,4,4,NaN,NaN,NaN,NaN,NaN,NaN,NaN,NaN,NaN,NaN,NaN,NaN,NaN,NaN,NaN,NaN,NaN,NaN,NaN,NaN,NaN,NaN,NaN,NaN,NaN,48.0,0.0,47.0,5.0,NaN,NaN,NaN,NaN,NaN,NaN,NaN,NaN,NaN,NaN,NaN,NaN,NaN,NaN,NaN,NaN,45.0,0.0,45.0,5.0,NaN,NaN,NaN,NaN,NaN,NaN,NaN,NaN,NaN,NaN,NaN,NaN,NaN,NaN,NaN,NaN,11.94491573816154,2.7958330892678823E-37,88.03255115872304,0.022533103115419617,NaN,NaN,NaN,NaN,NaN,NaN,NaN,NaN,NaN,NaN,NaN,NaN,NaN,NaN,NaN,NaN,54741,NaN,NaN,NaN,NaN,0,0,100,0,0,0,100,0,38391,57.04323570432357,24.128312412831242,68.89818688981869,69.31659693165969,51.04602510460251,23.43096234309624,64.01673640167364,31.380753138075306,40.36759522865133,21.196689243561657,37.232486103817855,28.405354796320154,51.083333333333336,25.09090909090909,75.75,73.16216216216216,51.666666666666664,24.181818181818183,73.28571428571429,30.35135135135135,0.12121212121212122,0.2222222222222222,0.2828282828282828,0.37373737373737376,17.782931110727752,5.400107130862627,16.734782151957322,14.203853426266324,17.782931110727752,5.400107130862627,16.734782151957322,14.203853426266324,76486,NaN,NaN,NaN,NaN,NaN,NaN,NaN,NaN,
NaN,m125,NaN,2,1,238994,D,1,10670,44.38245951592879,0.0,1,4,4,NaN,NaN,NaN,NaN,NaN,NaN,NaN,NaN,NaN,NaN,NaN,NaN,NaN,NaN,NaN,NaN,NaN,NaN,NaN,NaN,NaN,NaN,NaN,NaN,NaN,35.0,26.0,5.0,34.0,NaN,NaN,NaN,NaN,NaN,NaN,NaN,NaN,NaN,NaN,NaN,NaN,NaN,NaN,NaN,NaN,80.0,60.0,12.0,80.0,NaN,NaN,NaN,NaN,NaN,NaN,NaN,NaN,NaN,NaN,NaN,NaN,NaN,NaN,NaN,NaN,93.5899242486648,5.796821042083418E-13,4.1582593161356725,2.2518164351989527,NaN,NaN,NaN,NaN,NaN,NaN,NaN,NaN,NaN,NaN,NaN,NaN,NaN,NaN,NaN,NaN,54943,NaN,NaN,NaN,NaN,100,0,0,0,100,0,0,0,11092,51.46443514644351,22.733612273361228,84.23988842398884,67.22454672245468,69.5955369595537,23.57043235704323,71.82705718270572,23.012552301255226,18.6561671989241,19.689491203995317,16.47222938587748,9.4315146793287,53.5,23.0,83.4,66.33333333333333,52.25,22.0,66.8,19.333333333333332,0.2105263157894737,0.10526315789473686,0.5263157894736843,0.15789473684210528,21.661457707181203,3.605551275463989,13.989281611290838,7.475887164001935,21.661457707181203,3.605551275463989,13.989281611290838,7.475887164001935,151134,NaN,NaN,NaN,NaN,NaN,NaN,NaN,NaN,
NaN,m125,NaN,2,2,163548,D,0,4383,50.51744720816824,100.0,1,4,4,NaN,NaN,NaN,NaN,NaN,NaN,NaN,NaN,NaN,NaN,NaN,NaN,NaN,NaN,NaN,NaN,NaN,NaN,NaN,NaN,NaN,NaN,NaN,NaN,NaN,38.0,0.0,25.0,37.0,NaN,NaN,NaN,NaN,NaN,NaN,NaN,NaN,NaN,NaN,NaN,NaN,NaN,NaN,NaN,NaN,75.0,0.0,50.0,75.0,NaN,NaN,NaN,NaN,NaN,NaN,NaN,NaN,NaN,NaN,NaN,NaN,NaN,NaN,NaN,NaN,6.6372604206019865,5.751838207617204E-19,0.45920433603395866,92.90353524336406,NaN,NaN,NaN,NaN,NaN,NaN,NaN,NaN,NaN,NaN,NaN,NaN,NaN,NaN,NaN,NaN,44926,NaN,NaN,NaN,NaN,0,0,0,100,0,0,0,100,9422,58.57740585774059,22.733612273361228,81.86889818688982,75.45327754532775,61.64574616457462,23.57043235704323,74.61645746164575,22.315202231520217,29.491560227158487,19.689491203995317,17.987847330993414,17.85270658164535,54.375,25.0,79.42857142857143,67.9090909090909,50.625,22.333333333333332,72.71428571428571,25.545454545454547,0.20512820512820512,0.15384615384615385,0.358974358974359,0.28205128205128205,19.601897229605097,5.811865258054231,14.85199086496693,11.696223873223444,19.601897229605097,5.811865258054231,14.85199086496693,11.696223873223444,100527,NaN,NaN,NaN,NaN,NaN,NaN,NaN,NaN,
NaN,m125,NaN,2,3,67763,B,0,6131,73.04219218485515,100.0,1,4,4,NaN,NaN,NaN,NaN,NaN,NaN,NaN,NaN,NaN,NaN,NaN,NaN,NaN,NaN,NaN,NaN,NaN,NaN,NaN,NaN,NaN,NaN,NaN,NaN,NaN,17.0,67.0,0.0,16.0,NaN,NaN,NaN,NaN,NaN,NaN,NaN,NaN,NaN,NaN,NaN,NaN,NaN,NaN,NaN,NaN,25.0,100.0,0.0,25.0,NaN,NaN,NaN,NaN,NaN,NaN,NaN,NaN,NaN,NaN,NaN,NaN,NaN,NaN,NaN,NaN,1.4497345407708206,98.5312008353298,0.007047781638187992,0.012016842261187148,NaN,NaN,NaN,NaN,NaN,NaN,NaN,NaN,NaN,NaN,NaN,NaN,NaN,NaN,NaN,NaN,22821,NaN,NaN,NaN,NaN,0,100,0,0,0,100,0,0,2558,58.57740585774059,22.733612273361228,76.42956764295677,75.45327754532775,61.64574616457462,23.57043235704323,70.2928870292887,22.315202231520217,29.491560227158487,19.689491203995317,23.786896072890194,21.311091151926423,50.77777777777778,25.125,75.25,73.0909090909091,49.666666666666664,21.125,70.9,28.772727272727273,0.15254237288135594,0.13559322033898305,0.33898305084745756,0.3728813559322034,19.924239223668625,5.348773223833667,17.562424377061387,12.418536198856692,19.924239223668625,5.348773223833667,17.562424377061387,12.418536198856692,29561,NaN,NaN,NaN,NaN,NaN,NaN,NaN,NaN,
NaN,m125,NaN,2,4,51025,C,1,3073,67.0966855093646,100.0,1,4,4,NaN,NaN,NaN,NaN,NaN,NaN,NaN,NaN,NaN,NaN,NaN,NaN,NaN,NaN,NaN,NaN,NaN,NaN,NaN,NaN,NaN,NaN,NaN,NaN,NaN,42.0,0.0,42.0,16.0,NaN,NaN,NaN,NaN,NaN,NaN,NaN,NaN,NaN,NaN,NaN,NaN,NaN,NaN,NaN,NaN,100.0,0.0,100.0,40.0,NaN,NaN,NaN,NaN,NaN,NaN,NaN,NaN,NaN,NaN,NaN,NaN,NaN,NaN,NaN,NaN,14.543004342087027,2.3834202163833105E-28,84.85759930130018,0.5993963566127853,NaN,NaN,NaN,NaN,NaN,NaN,NaN,NaN,NaN,NaN,NaN,NaN,NaN,NaN,NaN,NaN,24615,NaN,NaN,NaN,NaN,0,0,100,0,0,0,100,0,5226,58.57740585774059,22.733612273361228,70.1534170153417,76.15062761506276,61.64574616457462,23.57043235704323,77.12691771269178,27.33612273361227,29.491560227158487,19.689491203995317,23.786896072890194,21.311091151926423,49.81818181818182,25.266666666666666,75.0,72.6896551724138,50.63636363636363,22.933333333333334,73.95833333333333,29.724137931034484,0.13924050632911392,0.189873417721519,0.3037974683544304,0.3670886075949367,18.138584963078294,5.427911405155967,17.698256937085954,13.453624047073712,18.138584963078294,5.427911405155967,17.698256937085954,13.453624047073712,14913,NaN,NaN,NaN,NaN,NaN,NaN,NaN,NaN,
NaN,m125,NaN,2,5,194042,C,0,3994,73.59523302381699,100.0,1,4,4,NaN,NaN,NaN,NaN,NaN,NaN,NaN,NaN,NaN,NaN,NaN,NaN,NaN,NaN,NaN,NaN,NaN,NaN,NaN,NaN,NaN,NaN,NaN,NaN,NaN,45.0,0.0,50.0,5.0,NaN,NaN,NaN,NaN,NaN,NaN,NaN,NaN,NaN,NaN,NaN,NaN,NaN,NaN,NaN,NaN,90.0,0.0,100.0,10.0,NaN,NaN,NaN,NaN,NaN,NaN,NaN,NaN,NaN,NaN,NaN,NaN,NaN,NaN,NaN,NaN,11.94491573816154,2.7958330892678823E-37,88.03255115872304,0.022533103115419617,NaN,NaN,NaN,NaN,NaN,NaN,NaN,NaN,NaN,NaN,NaN,NaN,NaN,NaN,NaN,NaN,21278,NaN,NaN,NaN,NaN,0,0,100,0,0,0,100,0,2106,61.366806136680616,23.84937238493724,70.1534170153417,74.61645746164575,47.14086471408647,22.036262203626222,77.12691771269178,39.47001394700139,23.879123743242854,7.264500219305671,20.345897872151227,21.96553095967646,51.083333333333336,25.09090909090909,75.75,73.16216216216216,51.666666666666664,24.181818181818183,73.28571428571429,30.35135135135135,0.12121212121212122,0.2222222222222222,0.2828282828282828,0.37373737373737376,17.782931110727752,5.400107130862627,16.734782151957322,14.203853426266324,17.782931110727752,5.400107130862627,16.734782151957322,14.203853426266324,161704,NaN,NaN,NaN,NaN,NaN,NaN,NaN,NaN,
