X,Y,SOCINT
0,0,2
0,1,2
0,2,2
0,3,2
0,4,2
0,5,2
0,6,2
0,7,2
0,8,2
0,9,2
0,10,2
0,11,2
0,12,2
0,13,2
0,14,2
0,15,2
0,16,2
0,17,2
0,18,2
0,19,2
0,20,2
0,21,2
0,22,2
0,23,2
0,24,2
0,25,2
0,26,2
0,27,2
0,28,2
0,29,2
0,30,2
0,31,2
0,32,2
0,33,2
0,34,2
0,35,2
0,36,2
0,37,2
0,38,2
0,39,2
0,40,2
0,41,2
0,42,2
0,43,2
0,44,2
0,45,2
0,46,2
0,47,2
0,48,2
0,49,2
0,50,2
0,51,2
0,52,2
0,53,2
0,54,2
0,55,2
0,56,2
0,57,2
0,58,2
0,59,2
0,60,2
0,61,2
0,62,2
0,63,2
0,64,2
0,65,2
0,66,2
0,67,2
0,68,2
0,69,2
0,70,1
0,71,1
0,72,1
0,73,1
0,74,1
0,75,1
0,76,1
0,77,1
0,78,1
0,79,1
0,80,1
0,81,1
0,82,1
0,83,1
0,84,1
0,85,1
0,86,1
0,87,1
0,88,1
0,89,1
0,90,1
0,91,1
0,92,1
0,93,1
0,94,1
0,95,1
0,96,1
0,97,1
0,98,1
0,99,1
1,0,2
1,1,2
1,2,2
1,3,2
1,4,2
1,5,2
1,6,2
1,7,2
1,8,2
1,9,2
1,10,2
1,11,2
1,12,2
1,13,2
1,14,2
1,15,2
1,16,2
1,17,2
1,18,2
1,19,2
1,20,2
1,21,2
1,22,2
1,23,2
1,24,2
1,25,2
1,26,2
1,27,2
1,28,2
1,29,2
1,30,2
1,31,2
1,32,2
1,33,2
1,34,2
1,35,2
1,36,2
1,37,2
1,38,2
1,39,2
1,40,2
1,41,2
1,42,2
1,43,2
1,44,2
1,45,2
1,46,2
1,47,2
1,48,2
1,49,2
1,50,2
1,51,2
1,52,2
1,53,2
1,54,2
1,55,2
1,56,2
1,57,2
1,58,2
1,59,2
1,60,2
1,61,2
1,62,2
1,63,2
1,64,2
1,65,2
1,66,2
1,67,2
1,68,2
1,69,2
1,70,1
1,71,1
1,72,1
1,73,1
1,74,1
1,75,1
1,76,1
1,77,1
1,78,1
1,79,1
1,80,1
1,81,1
1,82,1
1,83,1
1,84,1
1,85,1
1,86,1
1,87,1
1,88,1
1,89,1
1,90,1
1,91,1
1,92,1
1,93,1
1,94,1
1,95,1
1,96,1
1,97,1
1,98,1
1,99,1
2,0,2
2,1,2
2,2,2
2,3,2
2,4,2
2,5,2
2,6,2
2,7,2
2,8,2
2,9,2
2,10,2
2,11,2
2,12,2
2,13,2
2,14,2
2,15,2
2,16,2
2,17,2
2,18,2
2,19,2
2,20,2
2,21,2
2,22,2
2,23,2
2,24,2
2,25,2
2,26,2
2,27,2
2,28,2
2,29,2
2,30,2
2,31,2
2,32,2
2,33,2
2,34,2
2,35,2
2,36,2
2,37,2
2,38,2
2,39,2
2,40,2
2,41,2
2,42,2
2,43,2
2,44,2
2,45,2
2,46,2
2,47,2
2,48,2
2,49,2
2,50,2
2,51,2
2,52,2
2,53,2
2,54,2
2,55,2
2,56,2
2,57,2
2,58,2
2,59,2
2,60,2
2,61,2
2,62,2
2,63,2
2,64,2
2,65,2
2,66,2
2,67,2
2,68,2
2,69,2
2,70,1
2,71,1
2,72,1
2,73,1
2,74,1
2,75,1
2,76,1
2,77,1
2,78,1
2,79,1
2,80,1
2,81,1
2,82,1
2,83,1
2,84,1
2,85,1
2,86,1
2,87,1
2,88,1
2,89,1
2,90,1
2,91,1
2,92,1
2,93,1
2,94,1
2,95,1
2,96,1
2,97,1
2,98,1
2,99,1
3,0,2
3,1,2
3,2,2
3,3,2
3,4,2
3,5,2
3,6,2
3,7,2
3,8,2
3,9,2
3,10,2
3,11,2
3,12,2
3,13,2
3,14,2
3,15,2
3,16,2
3,17,2
3,18,2
3,19,2
3,20,2
3,21,2
3,22,2
3,23,2
3,24,2
3,25,2
3,26,2
3,27,2
3,28,2
3,29,2
3,30,2
3,31,2
3,32,2
3,33,2
3,34,2
3,35,2
3,36,2
3,37,2
3,38,2
3,39,2
3,40,2
3,41,2
3,42,2
3,43,2
3,44,2
3,45,2
3,46,2
3,47,2
3,48,2
3,49,2
3,50,2
3,51,2
3,52,2
3,53,2
3,54,2
3,55,2
3,56,2
3,57,2
3,58,2
3,59,2
3,60,2
3,61,2
3,62,2
3,63,2
3,64,2
3,65,2
3,66,2
3,67,2
3,68,2
3,69,2
3,70,1
3,71,1
3,72,1
3,73,1
3,74,1
3,75,1
3,76,1
3,77,1
3,78,1
3,79,1
3,80,1
3,81,1
3,82,1
3,83,1
3,84,1
3,85,1
3,86,1
3,87,1
3,88,1
3,89,1
3,90,1
3,91,1
3,92,1
3,93,1
3,94,1
3,95,1
3,96,1
3,97,1
3,98,1
3,99,1
4,0,2
4,1,2
4,2,2
4,3,2
4,4,2
4,5,2
4,6,2
4,7,2
4,8,2
4,9,2
4,10,2
4,11,2
4,12,2
4,13,2
4,14,2
4,15,2
4,16,2
4,17,2
4,18,2
4,19,2
4,20,2
4,21,2
4,22,2
4,23,2
4,24,2
4,25,2
4,26,2
4,27,2
4,28,2
4,29,2
4,30,2
4,31,2
4,32,2
4,33,2
4,34,2
4,35,2
4,36,2
4,37,2
4,38,2
4,39,2
4,40,2
4,41,2
4,42,2
4,43,2
4,44,2
4,45,2
4,46,2
4,47,2
4,48,2
4,49,2
4,50,2
4,51,2
4,52,2
4,53,2
4,54,2
4,55,2
4,56,2
4,57,2
4,58,2
4,59,2
4,60,2
4,61,2
4,62,2
4,63,2
4,64,2
4,65,2
4,66,2
4,67,2
4,68,2
4,69,2
4,70,1
4,71,1
4,72,1
4,73,1
4,74,1
4,75,1
4,76,1
4,77,1
4,78,1
4,79,1
4,80,1
4,81,1
4,82,1
4,83,1
4,84,1
4,85,1
4,86,1
4,87,1
4,88,1
4,89,1
4,90,1
4,91,1
4,92,1
4,93,1
4,94,1
4,95,1
4,96,1
4,97,1
4,98,1
4,99,1
5,0,2
5,1,2
5,2,2
5,3,2
5,4,2
5,5,2
5,6,2
5,7,2
5,8,2
5,9,2
5,10,2
5,11,2
5,12,2
5,13,2
5,14,2
5,15,2
5,16,2
5,17,2
5,18,2
5,19,2
5,20,2
5,21,2
5,22,2
5,23,2
5,24,2
5,25,2
5,26,2
5,27,2
5,28,2
5,29,2
5,30,2
5,31,2
5,32,2
5,33,2
5,34,2
5,35,2
5,36,2
5,37,2
5,38,2
5,39,2
5,40,2
5,41,2
5,42,2
5,43,2
5,44,2
5,45,2
5,46,2
5,47,2
5,48,2
5,49,2
5,50,2
5,51,2
5,52,2
5,53,2
5,54,2
5,55,2
5,56,2
5,57,2
5,58,2
5,59,2
5,60,2
5,61,2
5,62,2
5,63,2
5,64,2
5,65,2
5,66,2
5,67,2
5,68,2
5,69,2
5,70,1
5,71,1
5,72,1
5,73,1
5,74,1
5,75,1
5,76,1
5,77,1
5,78,1
5,79,1
5,80,1
5,81,1
5,82,1
5,83,1
5,84,1
5,85,1
5,86,1
5,87,1
5,88,1
5,89,1
5,90,1
5,91,1
5,92,1
5,93,1
5,94,1
5,95,1
5,96,1
5,97,1
5,98,1
5,99,1
6,0,2
6,1,2
6,2,2
6,3,2
6,4,2
6,5,2
6,6,2
6,7,2
6,8,2
6,9,2
6,10,2
6,11,2
6,12,2
6,13,2
6,14,2
6,15,2
6,16,2
6,17,2
6,18,2
6,19,2
6,20,2
6,21,2
6,22,2
6,23,2
6,24,2
6,25,2
6,26,2
6,27,2
6,28,2
6,29,2
6,30,2
6,31,2
6,32,2
6,33,2
6,34,2
6,35,2
6,36,2
6,37,2
6,38,2
6,39,2
6,40,2
6,41,2
6,42,2
6,43,2
6,44,2
6,45,2
6,46,2
6,47,2
6,48,2
6,49,2
6,50,2
6,51,2
6,52,2
6,53,2
6,54,2
6,55,2
6,56,2
6,57,2
6,58,2
6,59,2
6,60,2
6,61,2
6,62,2
6,63,2
6,64,2
6,65,2
6,66,2
6,67,2
6,68,2
6,69,2
6,70,1
6,71,1
6,72,1
6,73,1
6,74,1
6,75,1
6,76,1
6,77,1
6,78,1
6,79,1
6,80,1
6,81,1
6,82,1
6,83,1
6,84,1
6,85,1
6,86,1
6,87,1
6,88,1
6,89,1
6,90,1
6,91,1
6,92,1
6,93,1
6,94,1
6,95,1
6,96,1
6,97,1
6,98,1
6,99,1
7,0,2
7,1,2
7,2,2
7,3,2
7,4,2
7,5,2
7,6,2
7,7,2
7,8,2
7,9,2
7,10,2
7,11,2
7,12,2
7,13,2
7,14,2
7,15,2
7,16,2
7,17,2
7,18,2
7,19,2
7,20,2
7,21,2
7,22,2
7,23,2
7,24,2
7,25,2
7,26,2
7,27,2
7,28,2
7,29,2
7,30,2
7,31,2
7,32,2
7,33,2
7,34,2
7,35,2
7,36,2
7,37,2
7,38,2
7,39,2
7,40,2
7,41,2
7,42,2
7,43,2
7,44,2
7,45,2
7,46,2
7,47,2
7,48,2
7,49,2
7,50,2
7,51,2
7,52,2
7,53,2
7,54,2
7,55,2
7,56,2
7,57,2
7,58,2
7,59,2
7,60,2
7,61,2
7,62,2
7,63,2
7,64,2
7,65,2
7,66,2
7,67,2
7,68,2
7,69,2
7,70,1
7,71,1
7,72,1
7,73,1
7,74,1
7,75,1
7,76,1
7,77,1
7,78,1
7,79,1
7,80,1
7,81,1
7,82,1
7,83,1
7,84,1
7,85,1
7,86,1
7,87,1
7,88,1
7,89,1
7,90,1
7,91,1
7,92,1
7,93,1
7,94,1
7,95,1
7,96,1
7,97,1
7,98,1
7,99,1
8,0,2
8,1,2
8,2,2
8,3,2
8,4,2
8,5,2
8,6,2
8,7,2
8,8,2
8,9,2
8,10,2
8,11,2
8,12,2
8,13,2
8,14,2
8,15,2
8,16,2
8,17,2
8,18,2
8,19,2
8,20,2
8,21,2
8,22,2
8,23,2
8,24,2
8,25,2
8,26,2
8,27,2
8,28,2
8,29,2
8,30,2
8,31,2
8,32,2
8,33,2
8,34,2
8,35,2
8,36,2
8,37,2
8,38,2
8,39,2
8,40,2
8,41,2
8,42,2
8,43,2
8,44,2
8,45,2
8,46,2
8,47,2
8,48,2
8,49,2
8,50,2
8,51,2
8,52,2
8,53,2
8,54,2
8,55,2
8,56,2
8,57,2
8,58,2
8,59,2
8,60,2
8,61,2
8,62,2
8,63,2
8,64,2
8,65,2
8,66,2
8,67,2
8,68,2
8,69,2
8,70,1
8,71,1
8,72,1
8,73,1
8,74,1
8,75,1
8,76,1
8,77,1
8,78,1
8,79,1
8,80,1
8,81,1
8,82,1
8,83,1
8,84,1
8,85,1
8,86,1
8,87,1
8,88,1
8,89,1
8,90,1
8,91,1
8,92,1
8,93,1
8,94,1
8,95,1
8,96,1
8,97,1
8,98,1
8,99,1
9,0,2
9,1,2
9,2,2
9,3,2
9,4,2
9,5,2
9,6,2
9,7,2
9,8,2
9,9,2
9,10,2
9,11,2
9,12,2
9,13,2
9,14,2
9,15,2
9,16,2
9,17,2
9,18,2
9,19,2
9,20,2
9,21,2
9,22,2
9,23,2
9,24,2
9,25,2
9,26,2
9,27,2
9,28,2
9,29,2
9,30,2
9,31,2
9,32,2
9,33,2
9,34,2
9,35,2
9,36,2
9,37,2
9,38,2
9,39,2
9,40,2
9,41,2
9,42,2
9,43,2
9,44,2
9,45,2
9,46,2
9,47,2
9,48,2
9,49,2
9,50,2
9,51,2
9,52,2
9,53,2
9,54,2
9,55,2
9,56,2
9,57,2
9,58,2
9,59,2
9,60,2
9,61,2
9,62,2
9,63,2
9,64,2
9,65,2
9,66,2
9,67,2
9,68,2
9,69,2
9,70,1
9,71,1
9,72,1
9,73,1
9,74,1
9,75,1
9,76,1
9,77,1
9,78,1
9,79,1
9,80,1
9,81,1
9,82,1
9,83,1
9,84,1
9,85,1
9,86,1
9,87,1
9,88,1
9,89,1
9,90,1
9,91,1
9,92,1
9,93,1
9,94,1
9,95,1
9,96,1
9,97,1
9,98,1
9,99,1
10,0,2
10,1,2
10,2,2
10,3,2
10,4,2
10,5,2
10,6,2
10,7,2
10,8,2
10,9,2
10,10,2
10,11,2
10,12,2
10,13,2
10,14,2
10,15,2
10,16,2
10,17,2
10,18,2
10,19,2
10,20,2
10,21,2
10,22,2
10,23,2
10,24,2
10,25,2
10,26,2
10,27,2
10,28,2
10,29,2
10,30,2
10,31,2
10,32,2
10,33,2
10,34,2
10,35,2
10,36,2
10,37,2
10,38,2
10,39,2
10,40,2
10,41,2
10,42,2
10,43,2
10,44,2
10,45,2
10,46,2
10,47,2
10,48,2
10,49,2
10,50,2
10,51,2
10,52,2
10,53,2
10,54,2
10,55,2
10,56,2
10,57,2
10,58,2
10,59,2
10,60,2
10,61,2
10,62,2
10,63,2
10,64,2
10,65,2
10,66,2
10,67,2
10,68,2
10,69,2
10,70,1
10,71,1
10,72,1
10,73,1
10,74,1
10,75,1
10,76,1
10,77,1
10,78,1
10,79,1
10,80,1
10,81,1
10,82,1
10,83,1
10,84,1
10,85,1
10,86,1
10,87,1
10,88,1
10,89,1
10,90,1
10,91,1
10,92,1
10,93,1
10,94,1
10,95,1
10,96,1
10,97,1
10,98,1
10,99,1
11,0,2
11,1,2
11,2,2
11,3,2
11,4,2
11,5,2
11,6,2
11,7,2
11,8,2
11,9,2
11,10,2
11,11,2
11,12,2
11,13,2
11,14,2
11,15,2
11,16,2
11,17,2
11,18,2
11,19,2
11,20,2
11,21,2
11,22,2
11,23,2
11,24,2
11,25,2
11,26,2
11,27,2
11,28,2
11,29,2
11,30,2
11,31,2
11,32,2
11,33,2
11,34,2
11,35,2
11,36,2
11,37,2
11,38,2
11,39,2
11,40,2
11,41,2
11,42,2
11,43,2
11,44,2
11,45,2
11,46,2
11,47,2
11,48,2
11,49,2
11,50,2
11,51,2
11,52,2
11,53,2
11,54,2
11,55,2
11,56,2
11,57,2
11,58,2
11,59,2
11,60,2
11,61,2
11,62,2
11,63,2
11,64,2
11,65,2
11,66,2
11,67,2
11,68,2
11,69,2
11,70,1
11,71,1
11,72,1
11,73,1
11,74,1
11,75,1
11,76,1
11,77,1
11,78,1
11,79,1
11,80,1
11,81,1
11,82,1
11,83,1
11,84,1
11,85,1
11,86,1
11,87,1
11,88,1
11,89,1
11,90,1
11,91,1
11,92,1
11,93,1
11,94,1
11,95,1
11,96,1
11,97,1
11,98,1
11,99,1
12,0,2
12,1,2
12,2,2
12,3,2
12,4,2
12,5,2
12,6,2
12,7,2
12,8,2
12,9,2
12,10,2
12,11,2
12,12,2
12,13,2
12,14,2
12,15,2
12,16,2
12,17,2
12,18,2
12,19,2
12,20,2
12,21,2
12,22,2
12,23,2
12,24,2
12,25,2
12,26,2
12,27,2
12,28,2
12,29,2
12,30,2
12,31,2
12,32,2
12,33,2
12,34,2
12,35,2
12,36,2
12,37,2
12,38,2
12,39,2
12,40,2
12,41,2
12,42,2
12,43,2
12,44,2
12,45,2
12,46,2
12,47,2
12,48,2
12,49,2
12,50,2
12,51,2
12,52,2
12,53,2
12,54,2
12,55,2
12,56,2
12,57,2
12,58,2
12,59,2
12,60,2
12,61,2
12,62,2
12,63,2
12,64,2
12,65,2
12,66,2
12,67,2
12,68,2
12,69,2
12,70,1
12,71,1
12,72,1
12,73,1
12,74,1
12,75,1
12,76,1
12,77,1
12,78,1
12,79,1
12,80,1
12,81,1
12,82,1
12,83,1
12,84,1
12,85,1
12,86,1
12,87,1
12,88,1
12,89,1
12,90,1
12,91,1
12,92,1
12,93,1
12,94,1
12,95,1
12,96,1
12,97,1
12,98,1
12,99,1
13,0,2
13,1,2
13,2,2
13,3,2
13,4,2
13,5,2
13,6,2
13,7,2
13,8,2
13,9,2
13,10,2
13,11,2
13,12,2
13,13,2
13,14,2
13,15,2
13,16,2
13,17,2
13,18,2
13,19,2
13,20,2
13,21,2
13,22,2
13,23,2
13,24,2
13,25,2
13,26,2
13,27,2
13,28,2
13,29,2
13,30,2
13,31,2
13,32,2
13,33,2
13,34,2
13,35,2
13,36,2
13,37,2
13,38,2
13,39,2
13,40,2
13,41,2
13,42,2
13,43,2
13,44,2
13,45,2
13,46,2
13,47,2
13,48,2
13,49,2
13,50,2
13,51,2
13,52,2
13,53,2
13,54,2
13,55,2
13,56,2
13,57,2
13,58,2
13,59,2
13,60,2
13,61,2
13,62,2
13,63,2
13,64,2
13,65,2
13,66,2
13,67,2
13,68,2
13,69,2
13,70,1
13,71,1
13,72,1
13,73,1
13,74,1
13,75,1
13,76,1
13,77,1
13,78,1
13,79,1
13,80,1
13,81,1
13,82,1
13,83,1
13,84,1
13,85,1
13,86,1
13,87,1
13,88,1
13,89,1
13,90,1
13,91,1
13,92,1
13,93,1
13,94,1
13,95,1
13,96,1
13,97,1
13,98,1
13,99,1
14,0,2
14,1,2
14,2,2
14,3,2
14,4,2
14,5,2
14,6,2
14,7,2
14,8,2
14,9,2
14,10,2
14,11,2
14,12,2
14,13,2
14,14,2
14,15,2
14,16,2
14,17,2
14,18,2
14,19,2
14,20,2
14,21,2
14,22,2
14,23,2
14,24,2
14,25,2
14,26,2
14,27,2
14,28,2
14,29,2
14,30,2
14,31,2
14,32,2
14,33,2
14,34,2
14,35,2
14,36,2
14,37,2
14,38,2
14,39,2
14,40,2
14,41,2
14,42,2
14,43,2
14,44,2
14,45,2
14,46,2
14,47,2
14,48,2
14,49,2
14,50,2
14,51,2
14,52,2
14,53,2
14,54,2
14,55,2
14,56,2
14,57,2
14,58,2
14,59,2
14,60,2
14,61,2
14,62,2
14,63,2
14,64,2
14,65,2
14,66,2
14,67,2
14,68,2
14,69,2
14,70,1
14,71,1
14,72,1
14,73,1
14,74,1
14,75,1
14,76,1
14,77,1
14,78,1
14,79,1
14,80,1
14,81,1
14,82,1
14,83,1
14,84,1
14,85,1
14,86,1
14,87,1
14,88,1
14,89,1
14,90,1
14,91,1
14,92,1
14,93,1
14,94,1
14,95,1
14,96,1
14,97,1
14,98,1
14,99,1
15,0,2
15,1,2
15,2,2
15,3,2
15,4,2
15,5,2
15,6,2
15,7,2
15,8,2
15,9,2
15,10,2
15,11,2
15,12,2
15,13,2
15,14,2
15,15,2
15,16,2
15,17,2
15,18,2
15,19,2
15,20,2
15,21,2
15,22,2
15,23,2
15,24,2
15,25,2
15,26,2
15,27,2
15,28,2
15,29,2
15,30,2
15,31,2
15,32,2
15,33,2
15,34,2
15,35,2
15,36,2
15,37,2
15,38,2
15,39,2
15,40,2
15,41,2
15,42,2
15,43,2
15,44,2
15,45,2
15,46,2
15,47,2
15,48,2
15,49,2
15,50,2
15,51,2
15,52,2
15,53,2
15,54,2
15,55,2
15,56,2
15,57,2
15,58,2
15,59,2
15,60,2
15,61,2
15,62,2
15,63,2
15,64,2
15,65,2
15,66,2
15,67,2
15,68,2
15,69,2
15,70,1
15,71,1
15,72,1
15,73,1
15,74,1
15,75,1
15,76,1
15,77,1
15,78,1
15,79,1
15,80,1
15,81,1
15,82,1
15,83,1
15,84,1
15,85,1
15,86,1
15,87,1
15,88,1
15,89,1
15,90,1
15,91,1
15,92,1
15,93,1
15,94,1
15,95,1
15,96,1
15,97,1
15,98,1
15,99,1
16,0,2
16,1,2
16,2,2
16,3,2
16,4,2
16,5,2
16,6,2
16,7,2
16,8,2
16,9,2
16,10,2
16,11,2
16,12,2
16,13,2
16,14,2
16,15,2
16,16,2
16,17,2
16,18,2
16,19,2
16,20,2
16,21,2
16,22,2
16,23,2
16,24,2
16,25,2
16,26,2
16,27,2
16,28,2
16,29,2
16,30,2
16,31,2
16,32,2
16,33,2
16,34,2
16,35,2
16,36,2
16,37,2
16,38,2
16,39,2
16,40,2
16,41,2
16,42,2
16,43,2
16,44,2
16,45,2
16,46,2
16,47,2
16,48,2
16,49,2
16,50,2
16,51,2
16,52,2
16,53,2
16,54,2
16,55,2
16,56,2
16,57,2
16,58,2
16,59,2
16,60,2
16,61,2
16,62,2
16,63,2
16,64,2
16,65,2
16,66,2
16,67,2
16,68,2
16,69,2
16,70,1
16,71,1
16,72,1
16,73,1
16,74,1
16,75,1
16,76,1
16,77,1
16,78,1
16,79,1
16,80,1
16,81,1
16,82,1
16,83,1
16,84,1
16,85,1
16,86,1
16,87,1
16,88,1
16,89,1
16,90,1
16,91,1
16,92,1
16,93,1
16,94,1
16,95,1
16,96,1
16,97,1
16,98,1
16,99,1
17,0,2
17,1,2
17,2,2
17,3,2
17,4,2
17,5,2
17,6,2
17,7,2
17,8,2
17,9,2
17,10,2
17,11,2
17,12,2
17,13,2
17,14,2
17,15,2
17,16,2
17,17,2
17,18,2
17,19,2
17,20,2
17,21,2
17,22,2
17,23,2
17,24,2
17,25,2
17,26,2
17,27,2
17,28,2
17,29,2
17,30,2
17,31,2
17,32,2
17,33,2
17,34,2
17,35,2
17,36,2
17,37,2
17,38,2
17,39,2
17,40,2
17,41,2
17,42,2
17,43,2
17,44,2
17,45,2
17,46,2
17,47,2
17,48,2
17,49,2
17,50,2
17,51,2
17,52,2
17,53,2
17,54,2
17,55,2
17,56,2
17,57,2
17,58,2
17,59,2
17,60,2
17,61,2
17,62,2
17,63,2
17,64,2
17,65,2
17,66,2
17,67,2
17,68,2
17,69,2
17,70,1
17,71,1
17,72,1
17,73,1
17,74,1
17,75,1
17,76,1
17,77,1
17,78,1
17,79,1
17,80,1
17,81,1
17,82,1
17,83,1
17,84,1
17,85,1
17,86,1
17,87,1
17,88,1
17,89,1
17,90,1
17,91,1
17,92,1
17,93,1
17,94,1
17,95,1
17,96,1
17,97,1
17,98,1
17,99,1
18,0,2
18,1,2
18,2,2
18,3,2
18,4,2
18,5,2
18,6,2
18,7,2
18,8,2
18,9,2
18,10,2
18,11,2
18,12,2
18,13,2
18,14,2
18,15,2
18,16,2
18,17,2
18,18,2
18,19,2
18,20,2
18,21,2
18,22,2
18,23,2
18,24,2
18,25,2
18,26,2
18,27,2
18,28,2
18,29,2
18,30,2
18,31,2
18,32,2
18,33,2
18,34,2
18,35,2
18,36,2
18,37,2
18,38,2
18,39,2
18,40,2
18,41,2
18,42,2
18,43,2
18,44,2
18,45,2
18,46,2
18,47,2
18,48,2
18,49,2
18,50,2
18,51,2
18,52,2
18,53,2
18,54,2
18,55,2
18,56,2
18,57,2
18,58,2
18,59,2
18,60,2
18,61,2
18,62,2
18,63,2
18,64,2
18,65,2
18,66,2
18,67,2
18,68,2
18,69,2
18,70,1
18,71,1
18,72,1
18,73,1
18,74,1
18,75,1
18,76,1
18,77,1
18,78,1
18,79,1
18,80,1
18,81,1
18,82,1
18,83,1
18,84,1
18,85,1
18,86,1
18,87,1
18,88,1
18,89,1
18,90,1
18,91,1
18,92,1
18,93,1
18,94,1
18,95,1
18,96,1
18,97,1
18,98,1
18,99,1
19,0,2
19,1,2
19,2,2
19,3,2
19,4,2
19,5,2
19,6,2
19,7,2
19,8,2
19,9,2
19,10,2
19,11,2
19,12,2
19,13,2
19,14,2
19,15,2
19,16,2
19,17,2
19,18,2
19,19,2
19,20,2
19,21,2
19,22,2
19,23,2
19,24,2
19,25,2
19,26,2
19,27,2
19,28,2
19,29,2
19,30,2
19,31,2
19,32,2
19,33,2
19,34,2
19,35,2
19,36,2
19,37,2
19,38,2
19,39,2
19,40,2
19,41,2
19,42,2
19,43,2
19,44,2
19,45,2
19,46,2
19,47,2
19,48,2
19,49,2
19,50,2
19,51,2
19,52,2
19,53,2
19,54,2
19,55,2
19,56,2
19,57,2
19,58,2
19,59,2
19,60,2
19,61,2
19,62,2
19,63,2
19,64,2
19,65,2
19,66,2
19,67,2
19,68,2
19,69,2
19,70,1
19,71,1
19,72,1
19,73,1
19,74,1
19,75,1
19,76,1
19,77,1
19,78,1
19,79,1
19,80,1
19,81,1
19,82,1
19,83,1
19,84,1
19,85,1
19,86,1
19,87,1
19,88,1
19,89,1
19,90,1
19,91,1
19,92,1
19,93,1
19,94,1
19,95,1
19,96,1
19,97,1
19,98,1
19,99,1
20,0,2
20,1,2
20,2,2
20,3,2
20,4,2
20,5,2
20,6,2
20,7,2
20,8,2
20,9,2
20,10,2
20,11,2
20,12,2
20,13,2
20,14,2
20,15,2
20,16,2
20,17,2
20,18,2
20,19,2
20,20,2
20,21,2
20,22,2
20,23,2
20,24,2
20,25,2
20,26,2
20,27,2
20,28,2
20,29,2
20,30,2
20,31,2
20,32,2
20,33,2
20,34,2
20,35,2
20,36,2
20,37,2
20,38,2
20,39,2
20,40,2
20,41,2
20,42,2
20,43,2
20,44,2
20,45,2
20,46,2
20,47,2
20,48,2
20,49,2
20,50,2
20,51,2
20,52,2
20,53,2
20,54,2
20,55,2
20,56,2
20,57,2
20,58,2
20,59,2
20,60,2
20,61,2
20,62,2
20,63,2
20,64,2
20,65,2
20,66,2
20,67,2
20,68,2
20,69,2
20,70,1
20,71,1
20,72,1
20,73,1
20,74,1
20,75,1
20,76,1
20,77,1
20,78,1
20,79,1
20,80,1
20,81,1
20,82,1
20,83,1
20,84,1
20,85,1
20,86,1
20,87,1
20,88,1
20,89,1
20,90,1
20,91,1
20,92,1
20,93,1
20,94,1
20,95,1
20,96,1
20,97,1
20,98,1
20,99,1
21,0,2
21,1,2
21,2,2
21,3,2
21,4,2
21,5,2
21,6,2
21,7,2
21,8,2
21,9,2
21,10,2
21,11,2
21,12,2
21,13,2
21,14,2
21,15,2
21,16,2
21,17,2
21,18,2
21,19,2
21,20,2
21,21,2
21,22,2
21,23,2
21,24,2
21,25,2
21,26,2
21,27,2
21,28,2
21,29,2
21,30,2
21,31,2
21,32,2
21,33,2
21,34,2
21,35,2
21,36,2
21,37,2
21,38,2
21,39,2
21,40,2
21,41,2
21,42,2
21,43,2
21,44,2
21,45,2
21,46,2
21,47,2
21,48,2
21,49,2
21,50,2
21,51,2
21,52,2
21,53,2
21,54,2
21,55,2
21,56,2
21,57,2
21,58,2
21,59,2
21,60,2
21,61,2
21,62,2
21,63,2
21,64,2
21,65,2
21,66,2
21,67,2
21,68,2
21,69,2
21,70,1
21,71,1
21,72,1
21,73,1
21,74,1
21,75,1
21,76,1
21,77,1
21,78,1
21,79,1
21,80,1
21,81,1
21,82,1
21,83,1
21,84,1
21,85,1
21,86,1
21,87,1
21,88,1
21,89,1
21,90,1
21,91,1
21,92,1
21,93,1
21,94,1
21,95,1
21,96,1
21,97,1
21,98,1
21,99,1
22,0,2
22,1,2
22,2,2
22,3,2
22,4,2
22,5,2
22,6,2
22,7,2
22,8,2
22,9,2
22,10,2
22,11,2
22,12,2
22,13,2
22,14,2
22,15,2
22,16,2
22,17,2
22,18,2
22,19,2
22,20,2
22,21,2
22,22,2
22,23,2
22,24,2
22,25,2
22,26,2
22,27,2
22,28,2
22,29,2
22,30,2
22,31,2
22,32,2
22,33,2
22,34,2
22,35,2
22,36,2
22,37,2
22,38,2
22,39,2
22,40,2
22,41,2
22,42,2
22,43,2
22,44,2
22,45,2
22,46,2
22,47,2
22,48,2
22,49,2
22,50,2
22,51,2
22,52,2
22,53,2
22,54,2
22,55,2
22,56,2
22,57,2
22,58,2
22,59,2
22,60,2
22,61,2
22,62,2
22,63,2
22,64,2
22,65,2
22,66,2
22,67,2
22,68,2
22,69,2
22,70,1
22,71,1
22,72,1
22,73,1
22,74,1
22,75,1
22,76,1
22,77,1
22,78,1
22,79,1
22,80,1
22,81,1
22,82,1
22,83,1
22,84,1
22,85,1
22,86,1
22,87,1
22,88,1
22,89,1
22,90,1
22,91,1
22,92,1
22,93,1
22,94,1
22,95,1
22,96,1
22,97,1
22,98,1
22,99,1
23,0,2
23,1,2
23,2,2
23,3,2
23,4,2
23,5,2
23,6,2
23,7,2
23,8,2
23,9,2
23,10,2
23,11,2
23,12,2
23,13,2
23,14,2
23,15,2
23,16,2
23,17,2
23,18,2
23,19,2
23,20,2
23,21,2
23,22,2
23,23,2
23,24,2
23,25,2
23,26,2
23,27,2
23,28,2
23,29,2
23,30,2
23,31,2
23,32,2
23,33,2
23,34,2
23,35,2
23,36,2
23,37,2
23,38,2
23,39,2
23,40,2
23,41,2
23,42,2
23,43,2
23,44,2
23,45,2
23,46,2
23,47,2
23,48,2
23,49,2
23,50,2
23,51,2
23,52,2
23,53,2
23,54,2
23,55,2
23,56,2
23,57,2
23,58,2
23,59,2
23,60,2
23,61,2
23,62,2
23,63,2
23,64,2
23,65,2
23,66,2
23,67,2
23,68,2
23,69,2
23,70,1
23,71,1
23,72,1
23,73,1
23,74,1
23,75,1
23,76,1
23,77,1
23,78,1
23,79,1
23,80,1
23,81,1
23,82,1
23,83,1
23,84,1
23,85,1
23,86,1
23,87,1
23,88,1
23,89,1
23,90,1
23,91,1
23,92,1
23,93,1
23,94,1
23,95,1
23,96,1
23,97,1
23,98,1
23,99,1
24,0,2
24,1,2
24,2,2
24,3,2
24,4,2
24,5,2
24,6,2
24,7,2
24,8,2
24,9,2
24,10,2
24,11,2
24,12,2
24,13,2
24,14,2
24,15,2
24,16,2
24,17,2
24,18,2
24,19,2
24,20,2
24,21,2
24,22,2
24,23,2
24,24,2
24,25,2
24,26,2
24,27,2
24,28,2
24,29,2
24,30,2
24,31,2
24,32,2
24,33,2
24,34,2
24,35,2
24,36,2
24,37,2
24,38,2
24,39,2
24,40,2
24,41,2
24,42,2
24,43,2
24,44,2
24,45,2
24,46,2
24,47,2
24,48,2
24,49,2
24,50,2
24,51,2
24,52,2
24,53,2
24,54,2
24,55,2
24,56,2
24,57,2
24,58,2
24,59,2
24,60,2
24,61,2
24,62,2
24,63,2
24,64,2
24,65,2
24,66,2
24,67,2
24,68,2
24,69,2
24,70,1
24,71,1
24,72,1
24,73,1
24,74,1
24,75,1
24,76,1
24,77,1
24,78,1
24,79,1
24,80,1
24,81,1
24,82,1
24,83,1
24,84,1
24,85,1
24,86,1
24,87,1
24,88,1
24,89,1
24,90,1
24,91,1
24,92,1
24,93,1
24,94,1
24,95,1
24,96,1
24,97,1
24,98,1
24,99,1
25,0,2
25,1,2
25,2,2
25,3,2
25,4,2
25,5,2
25,6,2
25,7,2
25,8,2
25,9,2
25,10,2
25,11,2
25,12,2
25,13,2
25,14,2
25,15,2
25,16,2
25,17,2
25,18,2
25,19,2
25,20,2
25,21,2
25,22,2
25,23,2
25,24,2
25,25,2
25,26,2
25,27,2
25,28,2
25,29,2
25,30,2
25,31,2
25,32,2
25,33,2
25,34,2
25,35,2
25,36,2
25,37,2
25,38,2
25,39,2
25,40,2
25,41,2
25,42,2
25,43,2
25,44,2
25,45,2
25,46,2
25,47,2
25,48,2
25,49,2
25,50,2
25,51,2
25,52,2
25,53,2
25,54,2
25,55,2
25,56,2
25,57,2
25,58,2
25,59,2
25,60,2
25,61,2
25,62,2
25,63,2
25,64,2
25,65,2
25,66,2
25,67,2
25,68,2
25,69,2
25,70,1
25,71,1
25,72,1
25,73,1
25,74,1
25,75,1
25,76,1
25,77,1
25,78,1
25,79,1
25,80,1
25,81,1
25,82,1
25,83,1
25,84,1
25,85,1
25,86,1
25,87,1
25,88,1
25,89,1
25,90,1
25,91,1
25,92,1
25,93,1
25,94,1
25,95,1
25,96,1
25,97,1
25,98,1
25,99,1
26,0,2
26,1,2
26,2,2
26,3,2
26,4,2
26,5,2
26,6,2
26,7,2
26,8,2
26,9,2
26,10,2
26,11,2
26,12,2
26,13,2
26,14,2
26,15,2
26,16,2
26,17,2
26,18,2
26,19,2
26,20,2
26,21,2
26,22,2
26,23,2
26,24,2
26,25,2
26,26,2
26,27,2
26,28,2
26,29,2
26,30,2
26,31,2
26,32,2
26,33,2
26,34,2
26,35,2
26,36,2
26,37,2
26,38,2
26,39,2
26,40,2
26,41,2
26,42,2
26,43,2
26,44,2
26,45,2
26,46,2
26,47,2
26,48,2
26,49,2
26,50,2
26,51,2
26,52,2
26,53,2
26,54,2
26,55,2
26,56,2
26,57,2
26,58,2
26,59,2
26,60,2
26,61,2
26,62,2
26,63,2
26,64,2
26,65,2
26,66,2
26,67,2
26,68,2
26,69,2
26,70,1
26,71,1
26,72,1
26,73,1
26,74,1
26,75,1
26,76,1
26,77,1
26,78,1
26,79,1
26,80,1
26,81,1
26,82,1
26,83,1
26,84,1
26,85,1
26,86,1
26,87,1
26,88,1
26,89,1
26,90,1
26,91,1
26,92,1
26,93,1
26,94,1
26,95,1
26,96,1
26,97,1
26,98,1
26,99,1
27,0,2
27,1,2
27,2,2
27,3,2
27,4,2
27,5,2
27,6,2
27,7,2
27,8,2
27,9,2
27,10,2
27,11,2
27,12,2
27,13,2
27,14,2
27,15,2
27,16,2
27,17,2
27,18,2
27,19,2
27,20,2
27,21,2
27,22,2
27,23,2
27,24,2
27,25,2
27,26,2
27,27,2
27,28,2
27,29,2
27,30,2
27,31,2
27,32,2
27,33,2
27,34,2
27,35,2
27,36,2
27,37,2
27,38,2
27,39,2
27,40,2
27,41,2
27,42,2
27,43,2
27,44,2
27,45,2
27,46,2
27,47,2
27,48,2
27,49,2
27,50,2
27,51,2
27,52,2
27,53,2
27,54,2
27,55,2
27,56,2
27,57,2
27,58,2
27,59,2
27,60,2
27,61,2
27,62,2
27,63,2
27,64,2
27,65,2
27,66,2
27,67,2
27,68,2
27,69,2
27,70,1
27,71,1
27,72,1
27,73,1
27,74,1
27,75,1
27,76,1
27,77,1
27,78,1
27,79,1
27,80,1
27,81,1
27,82,1
27,83,1
27,84,1
27,85,1
27,86,1
27,87,1
27,88,1
27,89,1
27,90,1
27,91,1
27,92,1
27,93,1
27,94,1
27,95,1
27,96,1
27,97,1
27,98,1
27,99,1
28,0,2
28,1,2
28,2,2
28,3,2
28,4,2
28,5,2
28,6,2
28,7,2
28,8,2
28,9,2
28,10,2
28,11,2
28,12,2
28,13,2
28,14,2
28,15,2
28,16,2
28,17,2
28,18,2
28,19,2
28,20,2
28,21,2
28,22,2
28,23,2
28,24,2
28,25,2
28,26,2
28,27,2
28,28,2
28,29,2
28,30,2
28,31,2
28,32,2
28,33,2
28,34,2
28,35,2
28,36,2
28,37,2
28,38,2
28,39,2
28,40,2
28,41,2
28,42,2
28,43,2
28,44,2
28,45,2
28,46,2
28,47,2
28,48,2
28,49,2
28,50,2
28,51,2
28,52,2
28,53,2
28,54,2
28,55,2
28,56,2
28,57,2
28,58,2
28,59,2
28,60,2
28,61,2
28,62,2
28,63,2
28,64,2
28,65,2
28,66,2
28,67,2
28,68,2
28,69,2
28,70,1
28,71,1
28,72,1
28,73,1
28,74,1
28,75,1
28,76,1
28,77,1
28,78,1
28,79,1
28,80,1
28,81,1
28,82,1
28,83,1
28,84,1
28,85,1
28,86,1
28,87,1
28,88,1
28,89,1
28,90,1
28,91,1
28,92,1
28,93,1
28,94,1
28,95,1
28,96,1
28,97,1
28,98,1
28,99,1
29,0,2
29,1,2
29,2,2
29,3,2
29,4,2
29,5,2
29,6,2
29,7,2
29,8,2
29,9,2
29,10,2
29,11,2
29,12,2
29,13,2
29,14,2
29,15,2
29,16,2
29,17,2
29,18,2
29,19,2
29,20,2
29,21,2
29,22,2
29,23,2
29,24,2
29,25,2
29,26,2
29,27,2
29,28,2
29,29,2
29,30,2
29,31,2
29,32,2
29,33,2
29,34,2
29,35,2
29,36,2
29,37,2
29,38,2
29,39,2
29,40,2
29,41,2
29,42,2
29,43,2
29,44,2
29,45,2
29,46,2
29,47,2
29,48,2
29,49,2
29,50,2
29,51,2
29,52,2
29,53,2
29,54,2
29,55,2
29,56,2
29,57,2
29,58,2
29,59,2
29,60,2
29,61,2
29,62,2
29,63,2
29,64,2
29,65,2
29,66,2
29,67,2
29,68,2
29,69,2
29,70,1
29,71,1
29,72,1
29,73,1
29,74,1
29,75,1
29,76,1
29,77,1
29,78,1
29,79,1
29,80,1
29,81,1
29,82,1
29,83,1
29,84,1
29,85,1
29,86,1
29,87,1
29,88,1
29,89,1
29,90,1
29,91,1
29,92,1
29,93,1
29,94,1
29,95,1
29,96,1
29,97,1
29,98,1
29,99,1
30,0,4
30,1,4
30,2,4
30,3,4
30,4,4
30,5,4
30,6,4
30,7,4
30,8,4
30,9,4
30,10,4
30,11,4
30,12,4
30,13,4
30,14,4
30,15,4
30,16,4
30,17,4
30,18,4
30,19,4
30,20,4
30,21,4
30,22,4
30,23,4
30,24,4
30,25,4
30,26,4
30,27,4
30,28,4
30,29,4
30,30,4
30,31,4
30,32,4
30,33,4
30,34,4
30,35,4
30,36,4
30,37,4
30,38,4
30,39,4
30,40,4
30,41,4
30,42,4
30,43,4
30,44,4
30,45,4
30,46,4
30,47,4
30,48,4
30,49,4
30,50,3
30,51,3
30,52,3
30,53,3
30,54,3
30,55,3
30,56,3
30,57,3
30,58,3
30,59,3
30,60,3
30,61,3
30,62,3
30,63,3
30,64,3
30,65,3
30,66,3
30,67,3
30,68,3
30,69,3
30,70,3
30,71,3
30,72,3
30,73,3
30,74,3
30,75,3
30,76,3
30,77,3
30,78,3
30,79,3
30,80,3
30,81,3
30,82,3
30,83,3
30,84,3
30,85,3
30,86,3
30,87,3
30,88,3
30,89,3
30,90,3
30,91,3
30,92,3
30,93,3
30,94,3
30,95,3
30,96,3
30,97,3
30,98,3
30,99,3
31,0,4
31,1,4
31,2,4
31,3,4
31,4,4
31,5,4
31,6,4
31,7,4
31,8,4
31,9,4
31,10,4
31,11,4
31,12,4
31,13,4
31,14,4
31,15,4
31,16,4
31,17,4
31,18,4
31,19,4
31,20,4
31,21,4
31,22,4
31,23,4
31,24,4
31,25,4
31,26,4
31,27,4
31,28,4
31,29,4
31,30,4
31,31,4
31,32,4
31,33,4
31,34,4
31,35,4
31,36,4
31,37,4
31,38,4
31,39,4
31,40,4
31,41,4
31,42,4
31,43,4
31,44,4
31,45,4
31,46,4
31,47,4
31,48,4
31,49,4
31,50,3
31,51,3
31,52,3
31,53,3
31,54,3
31,55,3
31,56,3
31,57,3
31,58,3
31,59,3
31,60,3
31,61,3
31,62,3
31,63,3
31,64,3
31,65,3
31,66,3
31,67,3
31,68,3
31,69,3
31,70,3
31,71,3
31,72,3
31,73,3
31,74,3
31,75,3
31,76,3
31,77,3
31,78,3
31,79,3
31,80,3
31,81,3
31,82,3
31,83,3
31,84,3
31,85,3
31,86,3
31,87,3
31,88,3
31,89,3
31,90,3
31,91,3
31,92,3
31,93,3
31,94,3
31,95,3
31,96,3
31,97,3
31,98,3
31,99,3
32,0,4
32,1,4
32,2,4
32,3,4
32,4,4
32,5,4
32,6,4
32,7,4
32,8,4
32,9,4
32,10,4
32,11,4
32,12,4
32,13,4
32,14,4
32,15,4
32,16,4
32,17,4
32,18,4
32,19,4
32,20,4
32,21,4
32,22,4
32,23,4
32,24,4
32,25,4
32,26,4
32,27,4
32,28,4
32,29,4
32,30,4
32,31,4
32,32,4
32,33,4
32,34,4
32,35,4
32,36,4
32,37,4
32,38,4
32,39,4
32,40,4
32,41,4
32,42,4
32,43,4
32,44,4
32,45,4
32,46,4
32,47,4
32,48,4
32,49,4
32,50,3
32,51,3
32,52,3
32,53,3
32,54,3
32,55,3
32,56,3
32,57,3
32,58,3
32,59,3
32,60,3
32,61,3
32,62,3
32,63,3
32,64,3
32,65,3
32,66,3
32,67,3
32,68,3
32,69,3
32,70,3
32,71,3
32,72,3
32,73,3
32,74,3
32,75,3
32,76,3
32,77,3
32,78,3
32,79,3
32,80,3
32,81,3
32,82,3
32,83,3
32,84,3
32,85,3
32,86,3
32,87,3
32,88,3
32,89,3
32,90,3
32,91,3
32,92,3
32,93,3
32,94,3
32,95,3
32,96,3
32,97,3
32,98,3
32,99,3
33,0,4
33,1,4
33,2,4
33,3,4
33,4,4
33,5,4
33,6,4
33,7,4
33,8,4
33,9,4
33,10,4
33,11,4
33,12,4
33,13,4
33,14,4
33,15,4
33,16,4
33,17,4
33,18,4
33,19,4
33,20,4
33,21,4
33,22,4
33,23,4
33,24,4
33,25,4
33,26,4
33,27,4
33,28,4
33,29,4
33,30,4
33,31,4
33,32,4
33,33,4
33,34,4
33,35,4
33,36,4
33,37,4
33,38,4
33,39,4
33,40,4
33,41,4
33,42,4
33,43,4
33,44,4
33,45,4
33,46,4
33,47,4
33,48,4
33,49,4
33,50,3
33,51,3
33,52,3
33,53,3
33,54,3
33,55,3
33,56,3
33,57,3
33,58,3
33,59,3
33,60,3
33,61,3
33,62,3
33,63,3
33,64,3
33,65,3
33,66,3
33,67,3
33,68,3
33,69,3
33,70,3
33,71,3
33,72,3
33,73,3
33,74,3
33,75,3
33,76,3
33,77,3
33,78,3
33,79,3
33,80,3
33,81,3
33,82,3
33,83,3
33,84,3
33,85,3
33,86,3
33,87,3
33,88,3
33,89,3
33,90,3
33,91,3
33,92,3
33,93,3
33,94,3
33,95,3
33,96,3
33,97,3
33,98,3
33,99,3
34,0,4
34,1,4
34,2,4
34,3,4
34,4,4
34,5,4
34,6,4
34,7,4
34,8,4
34,9,4
34,10,4
34,11,4
34,12,4
34,13,4
34,14,4
34,15,4
34,16,4
34,17,4
34,18,4
34,19,4
34,20,4
34,21,4
34,22,4
34,23,4
34,24,4
34,25,4
34,26,4
34,27,4
34,28,4
34,29,4
34,30,4
34,31,4
34,32,4
34,33,4
34,34,4
34,35,4
34,36,4
34,37,4
34,38,4
34,39,4
34,40,4
34,41,4
34,42,4
34,43,4
34,44,4
34,45,4
34,46,4
34,47,4
34,48,4
34,49,4
34,50,3
34,51,3
34,52,3
34,53,3
34,54,3
34,55,3
34,56,3
34,57,3
34,58,3
34,59,3
34,60,3
34,61,3
34,62,3
34,63,3
34,64,3
34,65,3
34,66,3
34,67,3
34,68,3
34,69,3
34,70,3
34,71,3
34,72,3
34,73,3
34,74,3
34,75,3
34,76,3
34,77,3
34,78,3
34,79,3
34,80,3
34,81,3
34,82,3
34,83,3
34,84,3
34,85,3
34,86,3
34,87,3
34,88,3
34,89,3
34,90,3
34,91,3
34,92,3
34,93,3
34,94,3
34,95,3
34,96,3
34,97,3
34,98,3
34,99,3
35,0,4
35,1,4
35,2,4
35,3,4
35,4,4
35,5,4
35,6,4
35,7,4
35,8,4
35,9,4
35,10,4
35,11,4
35,12,4
35,13,4
35,14,4
35,15,4
35,16,4
35,17,4
35,18,4
35,19,4
35,20,4
35,21,4
35,22,4
35,23,4
35,24,4
35,25,4
35,26,4
35,27,4
35,28,4
35,29,4
35,30,4
35,31,4
35,32,4
35,33,4
35,34,4
35,35,4
35,36,4
35,37,4
35,38,4
35,39,4
35,40,4
35,41,4
35,42,4
35,43,4
35,44,4
35,45,4
35,46,4
35,47,4
35,48,4
35,49,4
35,50,3
35,51,3
35,52,3
35,53,3
35,54,3
35,55,3
35,56,3
35,57,3
35,58,3
35,59,3
35,60,3
35,61,3
35,62,3
35,63,3
35,64,3
35,65,3
35,66,3
35,67,3
35,68,3
35,69,3
35,70,3
35,71,3
35,72,3
35,73,3
35,74,3
35,75,3
35,76,3
35,77,3
35,78,3
35,79,3
35,80,3
35,81,3
35,82,3
35,83,3
35,84,3
35,85,3
35,86,3
35,87,3
35,88,3
35,89,3
35,90,3
35,91,3
35,92,3
35,93,3
35,94,3
35,95,3
35,96,3
35,97,3
35,98,3
35,99,3
36,0,4
36,1,4
36,2,4
36,3,4
36,4,4
36,5,4
36,6,4
36,7,4
36,8,4
36,9,4
36,10,4
36,11,4
36,12,4
36,13,4
36,14,4
36,15,4
36,16,4
36,17,4
36,18,4
36,19,4
36,20,4
36,21,4
36,22,4
36,23,4
36,24,4
36,25,4
36,26,4
36,27,4
36,28,4
36,29,4
36,30,4
36,31,4
36,32,4
36,33,4
36,34,4
36,35,4
36,36,4
36,37,4
36,38,4
36,39,4
36,40,4
36,41,4
36,42,4
36,43,4
36,44,4
36,45,4
36,46,4
36,47,4
36,48,4
36,49,4
36,50,3
36,51,3
36,52,3
36,53,3
36,54,3
36,55,3
36,56,3
36,57,3
36,58,3
36,59,3
36,60,3
36,61,3
36,62,3
36,63,3
36,64,3
36,65,3
36,66,3
36,67,3
36,68,3
36,69,3
36,70,3
36,71,3
36,72,3
36,73,3
36,74,3
36,75,3
36,76,3
36,77,3
36,78,3
36,79,3
36,80,3
36,81,3
36,82,3
36,83,3
36,84,3
36,85,3
36,86,3
36,87,3
36,88,3
36,89,3
36,90,3
36,91,3
36,92,3
36,93,3
36,94,3
36,95,3
36,96,3
36,97,3
36,98,3
36,99,3
37,0,4
37,1,4
37,2,4
37,3,4
37,4,4
37,5,4
37,6,4
37,7,4
37,8,4
37,9,4
37,10,4
37,11,4
37,12,4
37,13,4
37,14,4
37,15,4
37,16,4
37,17,4
37,18,4
37,19,4
37,20,4
37,21,4
37,22,4
37,23,4
37,24,4
37,25,4
37,26,4
37,27,4
37,28,4
37,29,4
37,30,4
37,31,4
37,32,4
37,33,4
37,34,4
37,35,4
37,36,4
37,37,4
37,38,4
37,39,4
37,40,4
37,41,4
37,42,4
37,43,4
37,44,4
37,45,4
37,46,4
37,47,4
37,48,4
37,49,4
37,50,3
37,51,3
37,52,3
37,53,3
37,54,3
37,55,3
37,56,3
37,57,3
37,58,3
37,59,3
37,60,3
37,61,3
37,62,3
37,63,3
37,64,3
37,65,3
37,66,3
37,67,3
37,68,3
37,69,3
37,70,3
37,71,3
37,72,3
37,73,3
37,74,3
37,75,3
37,76,3
37,77,3
37,78,3
37,79,3
37,80,3
37,81,3
37,82,3
37,83,3
37,84,3
37,85,3
37,86,3
37,87,3
37,88,3
37,89,3
37,90,3
37,91,3
37,92,3
37,93,3
37,94,3
37,95,3
37,96,3
37,97,3
37,98,3
37,99,3
38,0,4
38,1,4
38,2,4
38,3,4
38,4,4
38,5,4
38,6,4
38,7,4
38,8,4
38,9,4
38,10,4
38,11,4
38,12,4
38,13,4
38,14,4
38,15,4
38,16,4
38,17,4
38,18,4
38,19,4
38,20,4
38,21,4
38,22,4
38,23,4
38,24,4
38,25,4
38,26,4
38,27,4
38,28,4
38,29,4
38,30,4
38,31,4
38,32,4
38,33,4
38,34,4
38,35,4
38,36,4
38,37,4
38,38,4
38,39,4
38,40,4
38,41,4
38,42,4
38,43,4
38,44,4
38,45,4
38,46,4
38,47,4
38,48,4
38,49,4
38,50,3
38,51,3
38,52,3
38,53,3
38,54,3
38,55,3
38,56,3
38,57,3
38,58,3
38,59,3
38,60,3
38,61,3
38,62,3
38,63,3
38,64,3
38,65,3
38,66,3
38,67,3
38,68,3
38,69,3
38,70,3
38,71,3
38,72,3
38,73,3
38,74,3
38,75,3
38,76,3
38,77,3
38,78,3
38,79,3
38,80,3
38,81,3
38,82,3
38,83,3
38,84,3
38,85,3
38,86,3
38,87,3
38,88,3
38,89,3
38,90,3
38,91,3
38,92,3
38,93,3
38,94,3
38,95,3
38,96,3
38,97,3
38,98,3
38,99,3
39,0,4
39,1,4
39,2,4
39,3,4
39,4,4
39,5,4
39,6,4
39,7,4
39,8,4
39,9,4
39,10,4
39,11,4
39,12,4
39,13,4
39,14,4
39,15,4
39,16,4
39,17,4
39,18,4
39,19,4
39,20,4
39,21,4
39,22,4
39,23,4
39,24,4
39,25,4
39,26,4
39,27,4
39,28,4
39,29,4
39,30,4
39,31,4
39,32,4
39,33,4
39,34,4
39,35,4
39,36,4
39,37,4
39,38,4
39,39,4
39,40,4
39,41,4
39,42,4
39,43,4
39,44,4
39,45,4
39,46,4
39,47,4
39,48,4
39,49,4
39,50,3
39,51,3
39,52,3
39,53,3
39,54,3
39,55,3
39,56,3
39,57,3
39,58,3
39,59,3
39,60,3
39,61,3
39,62,3
39,63,3
39,64,3
39,65,3
39,66,3
39,67,3
39,68,3
39,69,3
39,70,3
39,71,3
39,72,3
39,73,3
39,74,3
39,75,3
39,76,3
39,77,3
39,78,3
39,79,3
39,80,3
39,81,3
39,82,3
39,83,3
39,84,3
39,85,3
39,86,3
39,87,3
39,88,3
39,89,3
39,90,3
39,91,3
39,92,3
39,93,3
39,94,3
39,95,3
39,96,3
39,97,3
39,98,3
39,99,3
40,0,4
40,1,4
40,2,4
40,3,4
40,4,4
40,5,4
40,6,4
40,7,4
40,8,4
40,9,4
40,10,4
40,11,4
40,12,4
40,13,4
40,14,4
40,15,4
40,16,4
40,17,4
40,18,4
40,19,4
40,20,4
40,21,4
40,22,4
40,23,4
40,24,4
40,25,4
40,26,4
40,27,4
40,28,4
40,29,4
40,30,4
40,31,4
40,32,4
40,33,4
40,34,4
40,35,4
40,36,4
40,37,4
40,38,4
40,39,4
40,40,4
40,41,4
40,42,4
40,43,4
40,44,4
40,45,4
40,46,4
40,47,4
40,48,4
40,49,4
40,50,3
40,51,3
40,52,3
40,53,3
40,54,3
40,55,3
40,56,3
40,57,3
40,58,3
40,59,3
40,60,3
40,61,3
40,62,3
40,63,3
40,64,3
40,65,3
40,66,3
40,67,3
40,68,3
40,69,3
40,70,3
40,71,3
40,72,3
40,73,3
40,74,3
40,75,3
40,76,3
40,77,3
40,78,3
40,79,3
40,80,3
40,81,3
40,82,3
40,83,3
40,84,3
40,85,3
40,86,3
40,87,3
40,88,3
40,89,3
40,90,3
40,91,3
40,92,3
40,93,3
40,94,3
40,95,3
40,96,3
40,97,3
40,98,3
40,99,3
41,0,4
41,1,4
41,2,4
41,3,4
41,4,4
41,5,4
41,6,4
41,7,4
41,8,4
41,9,4
41,10,4
41,11,4
41,12,4
41,13,4
41,14,4
41,15,4
41,16,4
41,17,4
41,18,4
41,19,4
41,20,4
41,21,4
41,22,4
41,23,4
41,24,4
41,25,4
41,26,4
41,27,4
41,28,4
41,29,4
41,30,4
41,31,4
41,32,4
41,33,4
41,34,4
41,35,4
41,36,4
41,37,4
41,38,4
41,39,4
41,40,4
41,41,4
41,42,4
41,43,4
41,44,4
41,45,4
41,46,4
41,47,4
41,48,4
41,49,4
41,50,3
41,51,3
41,52,3
41,53,3
41,54,3
41,55,3
41,56,3
41,57,3
41,58,3
41,59,3
41,60,3
41,61,3
41,62,3
41,63,3
41,64,3
41,65,3
41,66,3
41,67,3
41,68,3
41,69,3
41,70,3
41,71,3
41,72,3
41,73,3
41,74,3
41,75,3
41,76,3
41,77,3
41,78,3
41,79,3
41,80,3
41,81,3
41,82,3
41,83,3
41,84,3
41,85,3
41,86,3
41,87,3
41,88,3
41,89,3
41,90,3
41,91,3
41,92,3
41,93,3
41,94,3
41,95,3
41,96,3
41,97,3
41,98,3
41,99,3
42,0,4
42,1,4
42,2,4
42,3,4
42,4,4
42,5,4
42,6,4
42,7,4
42,8,4
42,9,4
42,10,4
42,11,4
42,12,4
42,13,4
42,14,4
42,15,4
42,16,4
42,17,4
42,18,4
42,19,4
42,20,4
42,21,4
42,22,4
42,23,4
42,24,4
42,25,4
42,26,4
42,27,4
42,28,4
42,29,4
42,30,4
42,31,4
42,32,4
42,33,4
42,34,4
42,35,4
42,36,4
42,37,4
42,38,4
42,39,4
42,40,4
42,41,4
42,42,4
42,43,4
42,44,4
42,45,4
42,46,4
42,47,4
42,48,4
42,49,4
42,50,3
42,51,3
42,52,3
42,53,3
42,54,3
42,55,3
42,56,3
42,57,3
42,58,3
42,59,3
42,60,3
42,61,3
42,62,3
42,63,3
42,64,3
42,65,3
42,66,3
42,67,3
42,68,3
42,69,3
42,70,3
42,71,3
42,72,3
42,73,3
42,74,3
42,75,3
42,76,3
42,77,3
42,78,3
42,79,3
42,80,3
42,81,3
42,82,3
42,83,3
42,84,3
42,85,3
42,86,3
42,87,3
42,88,3
42,89,3
42,90,3
42,91,3
42,92,3
42,93,3
42,94,3
42,95,3
42,96,3
42,97,3
42,98,3
42,99,3
43,0,4
43,1,4
43,2,4
43,3,4
43,4,4
43,5,4
43,6,4
43,7,4
43,8,4
43,9,4
43,10,4
43,11,4
43,12,4
43,13,4
43,14,4
43,15,4
43,16,4
43,17,4
43,18,4
43,19,4
43,20,4
43,21,4
43,22,4
43,23,4
43,24,4
43,25,4
43,26,4
43,27,4
43,28,4
43,29,4
43,30,4
43,31,4
43,32,4
43,33,4
43,34,4
43,35,4
43,36,4
43,37,4
43,38,4
43,39,4
43,40,4
43,41,4
43,42,4
43,43,4
43,44,4
43,45,4
43,46,4
43,47,4
43,48,4
43,49,4
43,50,3
43,51,3
43,52,3
43,53,3
43,54,3
43,55,3
43,56,3
43,57,3
43,58,3
43,59,3
43,60,3
43,61,3
43,62,3
43,63,3
43,64,3
43,65,3
43,66,3
43,67,3
43,68,3
43,69,3
43,70,3
43,71,3
43,72,3
43,73,3
43,74,3
43,75,3
43,76,3
43,77,3
43,78,3
43,79,3
43,80,3
43,81,3
43,82,3
43,83,3
43,84,3
43,85,3
43,86,3
43,87,3
43,88,3
43,89,3
43,90,3
43,91,3
43,92,3
43,93,3
43,94,3
43,95,3
43,96,3
43,97,3
43,98,3
43,99,3
44,0,4
44,1,4
44,2,4
44,3,4
44,4,4
44,5,4
44,6,4
44,7,4
44,8,4
44,9,4
44,10,4
44,11,4
44,12,4
44,13,4
44,14,4
44,15,4
44,16,4
44,17,4
44,18,4
44,19,4
44,20,4
44,21,4
44,22,4
44,23,4
44,24,4
44,25,4
44,26,4
44,27,4
44,28,4
44,29,4
44,30,4
44,31,4
44,32,4
44,33,4
44,34,4
44,35,4
44,36,4
44,37,4
44,38,4
44,39,4
44,40,4
44,41,4
44,42,4
44,43,4
44,44,4
44,45,4
44,46,4
44,47,4
44,48,4
44,49,4
44,50,3
44,51,3
44,52,3
44,53,3
44,54,3
44,55,3
44,56,3
44,57,3
44,58,3
44,59,3
44,60,3
44,61,3
44,62,3
44,63,3
44,64,3
44,65,3
44,66,3
44,67,3
44,68,3
44,69,3
44,70,3
44,71,3
44,72,3
44,73,3
44,74,3
44,75,3
44,76,3
44,77,3
44,78,3
44,79,3
44,80,3
44,81,3
44,82,3
44,83,3
44,84,3
44,85,3
44,86,3
44,87,3
44,88,3
44,89,3
44,90,3
44,91,3
44,92,3
44,93,3
44,94,3
44,95,3
44,96,3
44,97,3
44,98,3
44,99,3
45,0,4
45,1,4
45,2,4
45,3,4
45,4,4
45,5,4
45,6,4
45,7,4
45,8,4
45,9,4
45,10,4
45,11,4
45,12,4
45,13,4
45,14,4
45,15,4
45,16,4
45,17,4
45,18,4
45,19,4
45,20,4
45,21,4
45,22,4
45,23,4
45,24,4
45,25,4
45,26,4
45,27,4
45,28,4
45,29,4
45,30,4
45,31,4
45,32,4
45,33,4
45,34,4
45,35,4
45,36,4
45,37,4
45,38,4
45,39,4
45,40,4
45,41,4
45,42,4
45,43,4
45,44,4
45,45,4
45,46,4
45,47,4
45,48,4
45,49,4
45,50,3
45,51,3
45,52,3
45,53,3
45,54,3
45,55,3
45,56,3
45,57,3
45,58,3
45,59,3
45,60,3
45,61,3
45,62,3
45,63,3
45,64,3
45,65,3
45,66,3
45,67,3
45,68,3
45,69,3
45,70,3
45,71,3
45,72,3
45,73,3
45,74,3
45,75,3
45,76,3
45,77,3
45,78,3
45,79,3
45,80,3
45,81,3
45,82,3
45,83,3
45,84,3
45,85,3
45,86,3
45,87,3
45,88,3
45,89,3
45,90,3
45,91,3
45,92,3
45,93,3
45,94,3
45,95,3
45,96,3
45,97,3
45,98,3
45,99,3
46,0,4
46,1,4
46,2,4
46,3,4
46,4,4
46,5,4
46,6,4
46,7,4
46,8,4
46,9,4
46,10,4
46,11,4
46,12,4
46,13,4
46,14,4
46,15,4
46,16,4
46,17,4
46,18,4
46,19,4
46,20,4
46,21,4
46,22,4
46,23,4
46,24,4
46,25,4
46,26,4
46,27,4
46,28,4
46,29,4
46,30,4
46,31,4
46,32,4
46,33,4
46,34,4
46,35,4
46,36,4
46,37,4
46,38,4
46,39,4
46,40,4
46,41,4
46,42,4
46,43,4
46,44,4
46,45,4
46,46,4
46,47,4
46,48,4
46,49,4
46,50,3
46,51,3
46,52,3
46,53,3
46,54,3
46,55,3
46,56,3
46,57,3
46,58,3
46,59,3
46,60,3
46,61,3
46,62,3
46,63,3
46,64,3
46,65,3
46,66,3
46,67,3
46,68,3
46,69,3
46,70,3
46,71,3
46,72,3
46,73,3
46,74,3
46,75,3
46,76,3
46,77,3
46,78,3
46,79,3
46,80,3
46,81,3
46,82,3
46,83,3
46,84,3
46,85,3
46,86,3
46,87,3
46,88,3
46,89,3
46,90,3
46,91,3
46,92,3
46,93,3
46,94,3
46,95,3
46,96,3
46,97,3
46,98,3
46,99,3
47,0,4
47,1,4
47,2,4
47,3,4
47,4,4
47,5,4
47,6,4
47,7,4
47,8,4
47,9,4
47,10,4
47,11,4
47,12,4
47,13,4
47,14,4
47,15,4
47,16,4
47,17,4
47,18,4
47,19,4
47,20,4
47,21,4
47,22,4
47,23,4
47,24,4
47,25,4
47,26,4
47,27,4
47,28,4
47,29,4
47,30,4
47,31,4
47,32,4
47,33,4
47,34,4
47,35,4
47,36,4
47,37,4
47,38,4
47,39,4
47,40,4
47,41,4
47,42,4
47,43,4
47,44,4
47,45,4
47,46,4
47,47,4
47,48,4
47,49,4
47,50,3
47,51,3
47,52,3
47,53,3
47,54,3
47,55,3
47,56,3
47,57,3
47,58,3
47,59,3
47,60,3
47,61,3
47,62,3
47,63,3
47,64,3
47,65,3
47,66,3
47,67,3
47,68,3
47,69,3
47,70,3
47,71,3
47,72,3
47,73,3
47,74,3
47,75,3
47,76,3
47,77,3
47,78,3
47,79,3
47,80,3
47,81,3
47,82,3
47,83,3
47,84,3
47,85,3
47,86,3
47,87,3
47,88,3
47,89,3
47,90,3
47,91,3
47,92,3
47,93,3
47,94,3
47,95,3
47,96,3
47,97,3
47,98,3
47,99,3
48,0,4
48,1,4
48,2,4
48,3,4
48,4,4
48,5,4
48,6,4
48,7,4
48,8,4
48,9,4
48,10,4
48,11,4
48,12,4
48,13,4
48,14,4
48,15,4
48,16,4
48,17,4
48,18,4
48,19,4
48,20,4
48,21,4
48,22,4
48,23,4
48,24,4
48,25,4
48,26,4
48,27,4
48,28,4
48,29,4
48,30,4
48,31,4
48,32,4
48,33,4
48,34,4
48,35,4
48,36,4
48,37,4
48,38,4
48,39,4
48,40,4
48,41,4
48,42,4
48,43,4
48,44,4
48,45,4
48,46,4
48,47,4
48,48,4
48,49,4
48,50,3
48,51,3
48,52,3
48,53,3
48,54,3
48,55,3
48,56,3
48,57,3
48,58,3
48,59,3
48,60,3
48,61,3
48,62,3
48,63,3
48,64,3
48,65,3
48,66,3
48,67,3
48,68,3
48,69,3
48,70,3
48,71,3
48,72,3
48,73,3
48,74,3
48,75,3
48,76,3
48,77,3
48,78,3
48,79,3
48,80,3
48,81,3
48,82,3
48,83,3
48,84,3
48,85,3
48,86,3
48,87,3
48,88,3
48,89,3
48,90,3
48,91,3
48,92,3
48,93,3
48,94,3
48,95,3
48,96,3
48,97,3
48,98,3
48,99,3
49,0,4
49,1,4
49,2,4
49,3,4
49,4,4
49,5,4
49,6,4
49,7,4
49,8,4
49,9,4
49,10,4
49,11,4
49,12,4
49,13,4
49,14,4
49,15,4
49,16,4
49,17,4
49,18,4
49,19,4
49,20,4
49,21,4
49,22,4
49,23,4
49,24,4
49,25,4
49,26,4
49,27,4
49,28,4
49,29,4
49,30,4
49,31,4
49,32,4
49,33,4
49,34,4
49,35,4
49,36,4
49,37,4
49,38,4
49,39,4
49,40,4
49,41,4
49,42,4
49,43,4
49,44,4
49,45,4
49,46,4
49,47,4
49,48,4
49,49,4
49,50,3
49,51,3
49,52,3
49,53,3
49,54,3
49,55,3
49,56,3
49,57,3
49,58,3
49,59,3
49,60,3
49,61,3
49,62,3
49,63,3
49,64,3
49,65,3
49,66,3
49,67,3
49,68,3
49,69,3
49,70,3
49,71,3
49,72,3
49,73,3
49,74,3
49,75,3
49,76,3
49,77,3
49,78,3
49,79,3
49,80,3
49,81,3
49,82,3
49,83,3
49,84,3
49,85,3
49,86,3
49,87,3
49,88,3
49,89,3
49,90,3
49,91,3
49,92,3
49,93,3
49,94,3
49,95,3
49,96,3
49,97,3
49,98,3
49,99,3
50,0,4
50,1,4
50,2,4
50,3,4
50,4,4
50,5,4
50,6,4
50,7,4
50,8,4
50,9,4
50,10,4
50,11,4
50,12,4
50,13,4
50,14,4
50,15,4
50,16,4
50,17,4
50,18,4
50,19,4
50,20,4
50,21,4
50,22,4
50,23,4
50,24,4
50,25,4
50,26,4
50,27,4
50,28,4
50,29,4
50,30,4
50,31,4
50,32,4
50,33,4
50,34,4
50,35,4
50,36,4
50,37,4
50,38,4
50,39,4
50,40,4
50,41,4
50,42,4
50,43,4
50,44,4
50,45,4
50,46,4
50,47,4
50,48,4
50,49,4
50,50,3
50,51,3
50,52,3
50,53,3
50,54,3
50,55,3
50,56,3
50,57,3
50,58,3
50,59,3
50,60,3
50,61,3
50,62,3
50,63,3
50,64,3
50,65,3
50,66,3
50,67,3
50,68,3
50,69,3
50,70,3
50,71,3
50,72,3
50,73,3
50,74,3
50,75,3
50,76,3
50,77,3
50,78,3
50,79,3
50,80,3
50,81,3
50,82,3
50,83,3
50,84,3
50,85,3
50,86,3
50,87,3
50,88,3
50,89,3
50,90,3
50,91,3
50,92,3
50,93,3
50,94,3
50,95,3
50,96,3
50,97,3
50,98,3
50,99,3
51,0,4
51,1,4
51,2,4
51,3,4
51,4,4
51,5,4
51,6,4
51,7,4
51,8,4
51,9,4
51,10,4
51,11,4
51,12,4
51,13,4
51,14,4
51,15,4
51,16,4
51,17,4
51,18,4
51,19,4
51,20,4
51,21,4
51,22,4
51,23,4
51,24,4
51,25,4
51,26,4
51,27,4
51,28,4
51,29,4
51,30,4
51,31,4
51,32,4
51,33,4
51,34,4
51,35,4
51,36,4
51,37,4
51,38,4
51,39,4
51,40,4
51,41,4
51,42,4
51,43,4
51,44,4
51,45,4
51,46,4
51,47,4
51,48,4
51,49,4
51,50,3
51,51,3
51,52,3
51,53,3
51,54,3
51,55,3
51,56,3
51,57,3
51,58,3
51,59,3
51,60,3
51,61,3
51,62,3
51,63,3
51,64,3
51,65,3
51,66,3
51,67,3
51,68,3
51,69,3
51,70,3
51,71,3
51,72,3
51,73,3
51,74,3
51,75,3
51,76,3
51,77,3
51,78,3
51,79,3
51,80,3
51,81,3
51,82,3
51,83,3
51,84,3
51,85,3
51,86,3
51,87,3
51,88,3
51,89,3
51,90,3
51,91,3
51,92,3
51,93,3
51,94,3
51,95,3
51,96,3
51,97,3
51,98,3
51,99,3
52,0,4
52,1,4
52,2,4
52,3,4
52,4,4
52,5,4
52,6,4
52,7,4
52,8,4
52,9,4
52,10,4
52,11,4
52,12,4
52,13,4
52,14,4
52,15,4
52,16,4
52,17,4
52,18,4
52,19,4
52,20,4
52,21,4
52,22,4
52,23,4
52,24,4
52,25,4
52,26,4
52,27,4
52,28,4
52,29,4
52,30,4
52,31,4
52,32,4
52,33,4
52,34,4
52,35,4
52,36,4
52,37,4
52,38,4
52,39,4
52,40,4
52,41,4
52,42,4
52,43,4
52,44,4
52,45,4
52,46,4
52,47,4
52,48,4
52,49,4
52,50,3
52,51,3
52,52,3
52,53,3
52,54,3
52,55,3
52,56,3
52,57,3
52,58,3
52,59,3
52,60,3
52,61,3
52,62,3
52,63,3
52,64,3
52,65,3
52,66,3
52,67,3
52,68,3
52,69,3
52,70,3
52,71,3
52,72,3
52,73,3
52,74,3
52,75,3
52,76,3
52,77,3
52,78,3
52,79,3
52,80,3
52,81,3
52,82,3
52,83,3
52,84,3
52,85,3
52,86,3
52,87,3
52,88,3
52,89,3
52,90,3
52,91,3
52,92,3
52,93,3
52,94,3
52,95,3
52,96,3
52,97,3
52,98,3
52,99,3
53,0,4
53,1,4
53,2,4
53,3,4
53,4,4
53,5,4
53,6,4
53,7,4
53,8,4
53,9,4
53,10,4
53,11,4
53,12,4
53,13,4
53,14,4
53,15,4
53,16,4
53,17,4
53,18,4
53,19,4
53,20,4
53,21,4
53,22,4
53,23,4
53,24,4
53,25,4
53,26,4
53,27,4
53,28,4
53,29,4
53,30,4
53,31,4
53,32,4
53,33,4
53,34,4
53,35,4
53,36,4
53,37,4
53,38,4
53,39,4
53,40,4
53,41,4
53,42,4
53,43,4
53,44,4
53,45,4
53,46,4
53,47,4
53,48,4
53,49,4
53,50,3
53,51,3
53,52,3
53,53,3
53,54,3
53,55,3
53,56,3
53,57,3
53,58,3
53,59,3
53,60,3
53,61,3
53,62,3
53,63,3
53,64,3
53,65,3
53,66,3
53,67,3
53,68,3
53,69,3
53,70,3
53,71,3
53,72,3
53,73,3
53,74,3
53,75,3
53,76,3
53,77,3
53,78,3
53,79,3
53,80,3
53,81,3
53,82,3
53,83,3
53,84,3
53,85,3
53,86,3
53,87,3
53,88,3
53,89,3
53,90,3
53,91,3
53,92,3
53,93,3
53,94,3
53,95,3
53,96,3
53,97,3
53,98,3
53,99,3
54,0,4
54,1,4
54,2,4
54,3,4
54,4,4
54,5,4
54,6,4
54,7,4
54,8,4
54,9,4
54,10,4
54,11,4
54,12,4
54,13,4
54,14,4
54,15,4
54,16,4
54,17,4
54,18,4
54,19,4
54,20,4
54,21,4
54,22,4
54,23,4
54,24,4
54,25,4
54,26,4
54,27,4
54,28,4
54,29,4
54,30,4
54,31,4
54,32,4
54,33,4
54,34,4
54,35,4
54,36,4
54,37,4
54,38,4
54,39,4
54,40,4
54,41,4
54,42,4
54,43,4
54,44,4
54,45,4
54,46,4
54,47,4
54,48,4
54,49,4
54,50,3
54,51,3
54,52,3
54,53,3
54,54,3
54,55,3
54,56,3
54,57,3
54,58,3
54,59,3
54,60,3
54,61,3
54,62,3
54,63,3
54,64,3
54,65,3
54,66,3
54,67,3
54,68,3
54,69,3
54,70,3
54,71,3
54,72,3
54,73,3
54,74,3
54,75,3
54,76,3
54,77,3
54,78,3
54,79,3
54,80,3
54,81,3
54,82,3
54,83,3
54,84,3
54,85,3
54,86,3
54,87,3
54,88,3
54,89,3
54,90,3
54,91,3
54,92,3
54,93,3
54,94,3
54,95,3
54,96,3
54,97,3
54,98,3
54,99,3
55,0,4
55,1,4
55,2,4
55,3,4
55,4,4
55,5,4
55,6,4
55,7,4
55,8,4
55,9,4
55,10,4
55,11,4
55,12,4
55,13,4
55,14,4
55,15,4
55,16,4
55,17,4
55,18,4
55,19,4
55,20,4
55,21,4
55,22,4
55,23,4
55,24,4
55,25,4
55,26,4
55,27,4
55,28,4
55,29,4
55,30,4
55,31,4
55,32,4
55,33,4
55,34,4
55,35,4
55,36,4
55,37,4
55,38,4
55,39,4
55,40,4
55,41,4
55,42,4
55,43,4
55,44,4
55,45,4
55,46,4
55,47,4
55,48,4
55,49,4
55,50,3
55,51,3
55,52,3
55,53,3
55,54,3
55,55,3
55,56,3
55,57,3
55,58,3
55,59,3
55,60,3
55,61,3
55,62,3
55,63,3
55,64,3
55,65,3
55,66,3
55,67,3
55,68,3
55,69,3
55,70,3
55,71,3
55,72,3
55,73,3
55,74,3
55,75,3
55,76,3
55,77,3
55,78,3
55,79,3
55,80,3
55,81,3
55,82,3
55,83,3
55,84,3
55,85,3
55,86,3
55,87,3
55,88,3
55,89,3
55,90,3
55,91,3
55,92,3
55,93,3
55,94,3
55,95,3
55,96,3
55,97,3
55,98,3
55,99,3
56,0,4
56,1,4
56,2,4
56,3,4
56,4,4
56,5,4
56,6,4
56,7,4
56,8,4
56,9,4
56,10,4
56,11,4
56,12,4
56,13,4
56,14,4
56,15,4
56,16,4
56,17,4
56,18,4
56,19,4
56,20,4
56,21,4
56,22,4
56,23,4
56,24,4
56,25,4
56,26,4
56,27,4
56,28,4
56,29,4
56,30,4
56,31,4
56,32,4
56,33,4
56,34,4
56,35,4
56,36,4
56,37,4
56,38,4
56,39,4
56,40,4
56,41,4
56,42,4
56,43,4
56,44,4
56,45,4
56,46,4
56,47,4
56,48,4
56,49,4
56,50,3
56,51,3
56,52,3
56,53,3
56,54,3
56,55,3
56,56,3
56,57,3
56,58,3
56,59,3
56,60,3
56,61,3
56,62,3
56,63,3
56,64,3
56,65,3
56,66,3
56,67,3
56,68,3
56,69,3
56,70,3
56,71,3
56,72,3
56,73,3
56,74,3
56,75,3
56,76,3
56,77,3
56,78,3
56,79,3
56,80,3
56,81,3
56,82,3
56,83,3
56,84,3
56,85,3
56,86,3
56,87,3
56,88,3
56,89,3
56,90,3
56,91,3
56,92,3
56,93,3
56,94,3
56,95,3
56,96,3
56,97,3
56,98,3
56,99,3
57,0,4
57,1,4
57,2,4
57,3,4
57,4,4
57,5,4
57,6,4
57,7,4
57,8,4
57,9,4
57,10,4
57,11,4
57,12,4
57,13,4
57,14,4
57,15,4
57,16,4
57,17,4
57,18,4
57,19,4
57,20,4
57,21,4
57,22,4
57,23,4
57,24,4
57,25,4
57,26,4
57,27,4
57,28,4
57,29,4
57,30,4
57,31,4
57,32,4
57,33,4
57,34,4
57,35,4
57,36,4
57,37,4
57,38,4
57,39,4
57,40,4
57,41,4
57,42,4
57,43,4
57,44,4
57,45,4
57,46,4
57,47,4
57,48,4
57,49,4
57,50,3
57,51,3
57,52,3
57,53,3
57,54,3
57,55,3
57,56,3
57,57,3
57,58,3
57,59,3
57,60,3
57,61,3
57,62,3
57,63,3
57,64,3
57,65,3
57,66,3
57,67,3
57,68,3
57,69,3
57,70,3
57,71,3
57,72,3
57,73,3
57,74,3
57,75,3
57,76,3
57,77,3
57,78,3
57,79,3
57,80,3
57,81,3
57,82,3
57,83,3
57,84,3
57,85,3
57,86,3
57,87,3
57,88,3
57,89,3
57,90,3
57,91,3
57,92,3
57,93,3
57,94,3
57,95,3
57,96,3
57,97,3
57,98,3
57,99,3
58,0,4
58,1,4
58,2,4
58,3,4
58,4,4
58,5,4
58,6,4
58,7,4
58,8,4
58,9,4
58,10,4
58,11,4
58,12,4
58,13,4
58,14,4
58,15,4
58,16,4
58,17,4
58,18,4
58,19,4
58,20,4
58,21,4
58,22,4
58,23,4
58,24,4
58,25,4
58,26,4
58,27,4
58,28,4
58,29,4
58,30,4
58,31,4
58,32,4
58,33,4
58,34,4
58,35,4
58,36,4
58,37,4
58,38,4
58,39,4
58,40,4
58,41,4
58,42,4
58,43,4
58,44,4
58,45,4
58,46,4
58,47,4
58,48,4
58,49,4
58,50,3
58,51,3
58,52,3
58,53,3
58,54,3
58,55,3
58,56,3
58,57,3
58,58,3
58,59,3
58,60,3
58,61,3
58,62,3
58,63,3
58,64,3
58,65,3
58,66,3
58,67,3
58,68,3
58,69,3
58,70,3
58,71,3
58,72,3
58,73,3
58,74,3
58,75,3
58,76,3
58,77,3
58,78,3
58,79,3
58,80,3
58,81,3
58,82,3
58,83,3
58,84,3
58,85,3
58,86,3
58,87,3
58,88,3
58,89,3
58,90,3
58,91,3
58,92,3
58,93,3
58,94,3
58,95,3
58,96,3
58,97,3
58,98,3
58,99,3
59,0,4
59,1,4
59,2,4
59,3,4
59,4,4
59,5,4
59,6,4
59,7,4
59,8,4
59,9,4
59,10,4
59,11,4
59,12,4
59,13,4
59,14,4
59,15,4
59,16,4
59,17,4
59,18,4
59,19,4
59,20,4
59,21,4
59,22,4
59,23,4
59,24,4
59,25,4
59,26,4
59,27,4
59,28,4
59,29,4
59,30,4
59,31,4
59,32,4
59,33,4
59,34,4
59,35,4
59,36,4
59,37,4
59,38,4
59,39,4
59,40,4
59,41,4
59,42,4
59,43,4
59,44,4
59,45,4
59,46,4
59,47,4
59,48,4
59,49,4
59,50,3
59,51,3
59,52,3
59,53,3
59,54,3
59,55,3
59,56,3
59,57,3
59,58,3
59,59,3
59,60,3
59,61,3
59,62,3
59,63,3
59,64,3
59,65,3
59,66,3
59,67,3
59,68,3
59,69,3
59,70,3
59,71,3
59,72,3
59,73,3
59,74,3
59,75,3
59,76,3
59,77,3
59,78,3
59,79,3
59,80,3
59,81,3
59,82,3
59,83,3
59,84,3
59,85,3
59,86,3
59,87,3
59,88,3
59,89,3
59,90,3
59,91,3
59,92,3
59,93,3
59,94,3
59,95,3
59,96,3
59,97,3
59,98,3
59,99,3
60,0,4
60,1,4
60,2,4
60,3,4
60,4,4
60,5,4
60,6,4
60,7,4
60,8,4
60,9,4
60,10,4
60,11,4
60,12,4
60,13,4
60,14,4
60,15,4
60,16,4
60,17,4
60,18,4
60,19,4
60,20,4
60,21,4
60,22,4
60,23,4
60,24,4
60,25,4
60,26,4
60,27,4
60,28,4
60,29,4
60,30,4
60,31,4
60,32,4
60,33,4
60,34,4
60,35,4
60,36,4
60,37,4
60,38,4
60,39,4
60,40,4
60,41,4
60,42,4
60,43,4
60,44,4
60,45,4
60,46,4
60,47,4
60,48,4
60,49,4
60,50,3
60,51,3
60,52,3
60,53,3
60,54,3
60,55,3
60,56,3
60,57,3
60,58,3
60,59,3
60,60,3
60,61,3
60,62,3
60,63,3
60,64,3
60,65,3
60,66,3
60,67,3
60,68,3
60,69,3
60,70,3
60,71,3
60,72,3
60,73,3
60,74,3
60,75,3
60,76,3
60,77,3
60,78,3
60,79,3
60,80,3
60,81,3
60,82,3
60,83,3
60,84,3
60,85,3
60,86,3
60,87,3
60,88,3
60,89,3
60,90,3
60,91,3
60,92,3
60,93,3
60,94,3
60,95,3
60,96,3
60,97,3
60,98,3
60,99,3
61,0,4
61,1,4
61,2,4
61,3,4
61,4,4
61,5,4
61,6,4
61,7,4
61,8,4
61,9,4
61,10,4
61,11,4
61,12,4
61,13,4
61,14,4
61,15,4
61,16,4
61,17,4
61,18,4
61,19,4
61,20,4
61,21,4
61,22,4
61,23,4
61,24,4
61,25,4
61,26,4
61,27,4
61,28,4
61,29,4
61,30,4
61,31,4
61,32,4
61,33,4
61,34,4
61,35,4
61,36,4
61,37,4
61,38,4
61,39,4
61,40,4
61,41,4
61,42,4
61,43,4
61,44,4
61,45,4
61,46,4
61,47,4
61,48,4
61,49,4
61,50,3
61,51,3
61,52,3
61,53,3
61,54,3
61,55,3
61,56,3
61,57,3
61,58,3
61,59,3
61,60,3
61,61,3
61,62,3
61,63,3
61,64,3
61,65,3
61,66,3
61,67,3
61,68,3
61,69,3
61,70,3
61,71,3
61,72,3
61,73,3
61,74,3
61,75,3
61,76,3
61,77,3
61,78,3
61,79,3
61,80,3
61,81,3
61,82,3
61,83,3
61,84,3
61,85,3
61,86,3
61,87,3
61,88,3
61,89,3
61,90,3
61,91,3
61,92,3
61,93,3
61,94,3
61,95,3
61,96,3
61,97,3
61,98,3
61,99,3
62,0,4
62,1,4
62,2,4
62,3,4
62,4,4
62,5,4
62,6,4
62,7,4
62,8,4
62,9,4
62,10,4
62,11,4
62,12,4
62,13,4
62,14,4
62,15,4
62,16,4
62,17,4
62,18,4
62,19,4
62,20,4
62,21,4
62,22,4
62,23,4
62,24,4
62,25,4
62,26,4
62,27,4
62,28,4
62,29,4
62,30,4
62,31,4
62,32,4
62,33,4
62,34,4
62,35,4
62,36,4
62,37,4
62,38,4
62,39,4
62,40,4
62,41,4
62,42,4
62,43,4
62,44,4
62,45,4
62,46,4
62,47,4
62,48,4
62,49,4
62,50,3
62,51,3
62,52,3
62,53,3
62,54,3
62,55,3
62,56,3
62,57,3
62,58,3
62,59,3
62,60,3
62,61,3
62,62,3
62,63,3
62,64,3
62,65,3
62,66,3
62,67,3
62,68,3
62,69,3
62,70,3
62,71,3
62,72,3
62,73,3
62,74,3
62,75,3
62,76,3
62,77,3
62,78,3
62,79,3
62,80,3
62,81,3
62,82,3
62,83,3
62,84,3
62,85,3
62,86,3
62,87,3
62,88,3
62,89,3
62,90,3
62,91,3
62,92,3
62,93,3
62,94,3
62,95,3
62,96,3
62,97,3
62,98,3
62,99,3
63,0,4
63,1,4
63,2,4
63,3,4
63,4,4
63,5,4
63,6,4
63,7,4
63,8,4
63,9,4
63,10,4
63,11,4
63,12,4
63,13,4
63,14,4
63,15,4
63,16,4
63,17,4
63,18,4
63,19,4
63,20,4
63,21,4
63,22,4
63,23,4
63,24,4
63,25,4
63,26,4
63,27,4
63,28,4
63,29,4
63,30,4
63,31,4
63,32,4
63,33,4
63,34,4
63,35,4
63,36,4
63,37,4
63,38,4
63,39,4
63,40,4
63,41,4
63,42,4
63,43,4
63,44,4
63,45,4
63,46,4
63,47,4
63,48,4
63,49,4
63,50,3
63,51,3
63,52,3
63,53,3
63,54,3
63,55,3
63,56,3
63,57,3
63,58,3
63,59,3
63,60,3
63,61,3
63,62,3
63,63,3
63,64,3
63,65,3
63,66,3
63,67,3
63,68,3
63,69,3
63,70,3
63,71,3
63,72,3
63,73,3
63,74,3
63,75,3
63,76,3
63,77,3
63,78,3
63,79,3
63,80,3
63,81,3
63,82,3
63,83,3
63,84,3
63,85,3
63,86,3
63,87,3
63,88,3
63,89,3
63,90,3
63,91,3
63,92,3
63,93,3
63,94,3
63,95,3
63,96,3
63,97,3
63,98,3
63,99,3
64,0,4
64,1,4
64,2,4
64,3,4
64,4,4
64,5,4
64,6,4
64,7,4
64,8,4
64,9,4
64,10,4
64,11,4
64,12,4
64,13,4
64,14,4
64,15,4
64,16,4
64,17,4
64,18,4
64,19,4
64,20,4
64,21,4
64,22,4
64,23,4
64,24,4
64,25,4
64,26,4
64,27,4
64,28,4
64,29,4
64,30,4
64,31,4
64,32,4
64,33,4
64,34,4
64,35,4
64,36,4
64,37,4
64,38,4
64,39,4
64,40,4
64,41,4
64,42,4
64,43,4
64,44,4
64,45,4
64,46,4
64,47,4
64,48,4
64,49,4
64,50,3
64,51,3
64,52,3
64,53,3
64,54,3
64,55,3
64,56,3
64,57,3
64,58,3
64,59,3
64,60,3
64,61,3
64,62,3
64,63,3
64,64,3
64,65,3
64,66,3
64,67,3
64,68,3
64,69,3
64,70,3
64,71,3
64,72,3
64,73,3
64,74,3
64,75,3
64,76,3
64,77,3
64,78,3
64,79,3
64,80,3
64,81,3
64,82,3
64,83,3
64,84,3
64,85,3
64,86,3
64,87,3
64,88,3
64,89,3
64,90,3
64,91,3
64,92,3
64,93,3
64,94,3
64,95,3
64,96,3
64,97,3
64,98,3
64,99,3
65,0,4
65,1,4
65,2,4
65,3,4
65,4,4
65,5,4
65,6,4
65,7,4
65,8,4
65,9,4
65,10,4
65,11,4
65,12,4
65,13,4
65,14,4
65,15,4
65,16,4
65,17,4
65,18,4
65,19,4
65,20,4
65,21,4
65,22,4
65,23,4
65,24,4
65,25,4
65,26,4
65,27,4
65,28,4
65,29,4
65,30,4
65,31,4
65,32,4
65,33,4
65,34,4
65,35,4
65,36,4
65,37,4
65,38,4
65,39,4
65,40,4
65,41,4
65,42,4
65,43,4
65,44,4
65,45,4
65,46,4
65,47,4
65,48,4
65,49,4
65,50,3
65,51,3
65,52,3
65,53,3
65,54,3
65,55,3
65,56,3
65,57,3
65,58,3
65,59,3
65,60,3
65,61,3
65,62,3
65,63,3
65,64,3
65,65,3
65,66,3
65,67,3
65,68,3
65,69,3
65,70,3
65,71,3
65,72,3
65,73,3
65,74,3
65,75,3
65,76,3
65,77,3
65,78,3
65,79,3
65,80,3
65,81,3
65,82,3
65,83,3
65,84,3
65,85,3
65,86,3
65,87,3
65,88,3
65,89,3
65,90,3
65,91,3
65,92,3
65,93,3
65,94,3
65,95,3
65,96,3
65,97,3
65,98,3
65,99,3
66,0,4
66,1,4
66,2,4
66,3,4
66,4,4
66,5,4
66,6,4
66,7,4
66,8,4
66,9,4
66,10,4
66,11,4
66,12,4
66,13,4
66,14,4
66,15,4
66,16,4
66,17,4
66,18,4
66,19,4
66,20,4
66,21,4
66,22,4
66,23,4
66,24,4
66,25,4
66,26,4
66,27,4
66,28,4
66,29,4
66,30,4
66,31,4
66,32,4
66,33,4
66,34,4
66,35,4
66,36,4
66,37,4
66,38,4
66,39,4
66,40,4
66,41,4
66,42,4
66,43,4
66,44,4
66,45,4
66,46,4
66,47,4
66,48,4
66,49,4
66,50,3
66,51,3
66,52,3
66,53,3
66,54,3
66,55,3
66,56,3
66,57,3
66,58,3
66,59,3
66,60,3
66,61,3
66,62,3
66,63,3
66,64,3
66,65,3
66,66,3
66,67,3
66,68,3
66,69,3
66,70,3
66,71,3
66,72,3
66,73,3
66,74,3
66,75,3
66,76,3
66,77,3
66,78,3
66,79,3
66,80,3
66,81,3
66,82,3
66,83,3
66,84,3
66,85,3
66,86,3
66,87,3
66,88,3
66,89,3
66,90,3
66,91,3
66,92,3
66,93,3
66,94,3
66,95,3
66,96,3
66,97,3
66,98,3
66,99,3
67,0,4
67,1,4
67,2,4
67,3,4
67,4,4
67,5,4
67,6,4
67,7,4
67,8,4
67,9,4
67,10,4
67,11,4
67,12,4
67,13,4
67,14,4
67,15,4
67,16,4
67,17,4
67,18,4
67,19,4
67,20,4
67,21,4
67,22,4
67,23,4
67,24,4
67,25,4
67,26,4
67,27,4
67,28,4
67,29,4
67,30,4
67,31,4
67,32,4
67,33,4
67,34,4
67,35,4
67,36,4
67,37,4
67,38,4
67,39,4
67,40,4
67,41,4
67,42,4
67,43,4
67,44,4
67,45,4
67,46,4
67,47,4
67,48,4
67,49,4
67,50,3
67,51,3
67,52,3
67,53,3
67,54,3
67,55,3
67,56,3
67,57,3
67,58,3
67,59,3
67,60,3
67,61,3
67,62,3
67,63,3
67,64,3
67,65,3
67,66,3
67,67,3
67,68,3
67,69,3
67,70,3
67,71,3
67,72,3
67,73,3
67,74,3
67,75,3
67,76,3
67,77,3
67,78,3
67,79,3
67,80,3
67,81,3
67,82,3
67,83,3
67,84,3
67,85,3
67,86,3
67,87,3
67,88,3
67,89,3
67,90,3
67,91,3
67,92,3
67,93,3
67,94,3
67,95,3
67,96,3
67,97,3
67,98,3
67,99,3
68,0,4
68,1,4
68,2,4
68,3,4
68,4,4
68,5,4
68,6,4
68,7,4
68,8,4
68,9,4
68,10,4
68,11,4
68,12,4
68,13,4
68,14,4
68,15,4
68,16,4
68,17,4
68,18,4
68,19,4
68,20,4
68,21,4
68,22,4
68,23,4
68,24,4
68,25,4
68,26,4
68,27,4
68,28,4
68,29,4
68,30,4
68,31,4
68,32,4
68,33,4
68,34,4
68,35,4
68,36,4
68,37,4
68,38,4
68,39,4
68,40,4
68,41,4
68,42,4
68,43,4
68,44,4
68,45,4
68,46,4
68,47,4
68,48,4
68,49,4
68,50,3
68,51,3
68,52,3
68,53,3
68,54,3
68,55,3
68,56,3
68,57,3
68,58,3
68,59,3
68,60,3
68,61,3
68,62,3
68,63,3
68,64,3
68,65,3
68,66,3
68,67,3
68,68,3
68,69,3
68,70,3
68,71,3
68,72,3
68,73,3
68,74,3
68,75,3
68,76,3
68,77,3
68,78,3
68,79,3
68,80,3
68,81,3
68,82,3
68,83,3
68,84,3
68,85,3
68,86,3
68,87,3
68,88,3
68,89,3
68,90,3
68,91,3
68,92,3
68,93,3
68,94,3
68,95,3
68,96,3
68,97,3
68,98,3
68,99,3
69,0,4
69,1,4
69,2,4
69,3,4
69,4,4
69,5,4
69,6,4
69,7,4
69,8,4
69,9,4
69,10,4
69,11,4
69,12,4
69,13,4
69,14,4
69,15,4
69,16,4
69,17,4
69,18,4
69,19,4
69,20,4
69,21,4
69,22,4
69,23,4
69,24,4
69,25,4
69,26,4
69,27,4
69,28,4
69,29,4
69,30,4
69,31,4
69,32,4
69,33,4
69,34,4
69,35,4
69,36,4
69,37,4
69,38,4
69,39,4
69,40,4
69,41,4
69,42,4
69,43,4
69,44,4
69,45,4
69,46,4
69,47,4
69,48,4
69,49,4
69,50,3
69,51,3
69,52,3
69,53,3
69,54,3
69,55,3
69,56,3
69,57,3
69,58,3
69,59,3
69,60,3
69,61,3
69,62,3
69,63,3
69,64,3
69,65,3
69,66,3
69,67,3
69,68,3
69,69,3
69,70,3
69,71,3
69,72,3
69,73,3
69,74,3
69,75,3
69,76,3
69,77,3
69,78,3
69,79,3
69,80,3
69,81,3
69,82,3
69,83,3
69,84,3
69,85,3
69,86,3
69,87,3
69,88,3
69,89,3
69,90,3
69,91,3
69,92,3
69,93,3
69,94,3
69,95,3
69,96,3
69,97,3
69,98,3
69,99,3
70,0,4
70,1,4
70,2,4
70,3,4
70,4,4
70,5,4
70,6,4
70,7,4
70,8,4
70,9,4
70,10,4
70,11,4
70,12,4
70,13,4
70,14,4
70,15,4
70,16,4
70,17,4
70,18,4
70,19,4
70,20,4
70,21,4
70,22,4
70,23,4
70,24,4
70,25,4
70,26,4
70,27,4
70,28,4
70,29,4
70,30,4
70,31,4
70,32,4
70,33,4
70,34,4
70,35,4
70,36,4
70,37,4
70,38,4
70,39,4
70,40,4
70,41,4
70,42,4
70,43,4
70,44,4
70,45,4
70,46,4
70,47,4
70,48,4
70,49,4
70,50,3
70,51,3
70,52,3
70,53,3
70,54,3
70,55,3
70,56,3
70,57,3
70,58,3
70,59,3
70,60,3
70,61,3
70,62,3
70,63,3
70,64,3
70,65,3
70,66,3
70,67,3
70,68,3
70,69,3
70,70,3
70,71,3
70,72,3
70,73,3
70,74,3
70,75,3
70,76,3
70,77,3
70,78,3
70,79,3
70,80,3
70,81,3
70,82,3
70,83,3
70,84,3
70,85,3
70,86,3
70,87,3
70,88,3
70,89,3
70,90,3
70,91,3
70,92,3
70,93,3
70,94,3
70,95,3
70,96,3
70,97,3
70,98,3
70,99,3
71,0,4
71,1,4
71,2,4
71,3,4
71,4,4
71,5,4
71,6,4
71,7,4
71,8,4
71,9,4
71,10,4
71,11,4
71,12,4
71,13,4
71,14,4
71,15,4
71,16,4
71,17,4
71,18,4
71,19,4
71,20,4
71,21,4
71,22,4
71,23,4
71,24,4
71,25,4
71,26,4
71,27,4
71,28,4
71,29,4
71,30,4
71,31,4
71,32,4
71,33,4
71,34,4
71,35,4
71,36,4
71,37,4
71,38,4
71,39,4
71,40,4
71,41,4
71,42,4
71,43,4
71,44,4
71,45,4
71,46,4
71,47,4
71,48,4
71,49,4
71,50,3
71,51,3
71,52,3
71,53,3
71,54,3
71,55,3
71,56,3
71,57,3
71,58,3
71,59,3
71,60,3
71,61,3
71,62,3
71,63,3
71,64,3
71,65,3
71,66,3
71,67,3
71,68,3
71,69,3
71,70,3
71,71,3
71,72,3
71,73,3
71,74,3
71,75,3
71,76,3
71,77,3
71,78,3
71,79,3
71,80,3
71,81,3
71,82,3
71,83,3
71,84,3
71,85,3
71,86,3
71,87,3
71,88,3
71,89,3
71,90,3
71,91,3
71,92,3
71,93,3
71,94,3
71,95,3
71,96,3
71,97,3
71,98,3
71,99,3
72,0,4
72,1,4
72,2,4
72,3,4
72,4,4
72,5,4
72,6,4
72,7,4
72,8,4
72,9,4
72,10,4
72,11,4
72,12,4
72,13,4
72,14,4
72,15,4
72,16,4
72,17,4
72,18,4
72,19,4
72,20,4
72,21,4
72,22,4
72,23,4
72,24,4
72,25,4
72,26,4
72,27,4
72,28,4
72,29,4
72,30,4
72,31,4
72,32,4
72,33,4
72,34,4
72,35,4
72,36,4
72,37,4
72,38,4
72,39,4
72,40,4
72,41,4
72,42,4
72,43,4
72,44,4
72,45,4
72,46,4
72,47,4
72,48,4
72,49,4
72,50,3
72,51,3
72,52,3
72,53,3
72,54,3
72,55,3
72,56,3
72,57,3
72,58,3
72,59,3
72,60,3
72,61,3
72,62,3
72,63,3
72,64,3
72,65,3
72,66,3
72,67,3
72,68,3
72,69,3
72,70,3
72,71,3
72,72,3
72,73,3
72,74,3
72,75,3
72,76,3
72,77,3
72,78,3
72,79,3
72,80,3
72,81,3
72,82,3
72,83,3
72,84,3
72,85,3
72,86,3
72,87,3
72,88,3
72,89,3
72,90,3
72,91,3
72,92,3
72,93,3
72,94,3
72,95,3
72,96,3
72,97,3
72,98,3
72,99,3
73,0,4
73,1,4
73,2,4
73,3,4
73,4,4
73,5,4
73,6,4
73,7,4
73,8,4
73,9,4
73,10,4
73,11,4
73,12,4
73,13,4
73,14,4
73,15,4
73,16,4
73,17,4
73,18,4
73,19,4
73,20,4
73,21,4
73,22,4
73,23,4
73,24,4
73,25,4
73,26,4
73,27,4
73,28,4
73,29,4
73,30,4
73,31,4
73,32,4
73,33,4
73,34,4
73,35,4
73,36,4
73,37,4
73,38,4
73,39,4
73,40,4
73,41,4
73,42,4
73,43,4
73,44,4
73,45,4
73,46,4
73,47,4
73,48,4
73,49,4
73,50,3
73,51,3
73,52,3
73,53,3
73,54,3
73,55,3
73,56,3
73,57,3
73,58,3
73,59,3
73,60,3
73,61,3
73,62,3
73,63,3
73,64,3
73,65,3
73,66,3
73,67,3
73,68,3
73,69,3
73,70,3
73,71,3
73,72,3
73,73,3
73,74,3
73,75,3
73,76,3
73,77,3
73,78,3
73,79,3
73,80,3
73,81,3
73,82,3
73,83,3
73,84,3
73,85,3
73,86,3
73,87,3
73,88,3
73,89,3
73,90,3
73,91,3
73,92,3
73,93,3
73,94,3
73,95,3
73,96,3
73,97,3
73,98,3
73,99,3
74,0,4
74,1,4
74,2,4
74,3,4
74,4,4
74,5,4
74,6,4
74,7,4
74,8,4
74,9,4
74,10,4
74,11,4
74,12,4
74,13,4
74,14,4
74,15,4
74,16,4
74,17,4
74,18,4
74,19,4
74,20,4
74,21,4
74,22,4
74,23,4
74,24,4
74,25,4
74,26,4
74,27,4
74,28,4
74,29,4
74,30,4
74,31,4
74,32,4
74,33,4
74,34,4
74,35,4
74,36,4
74,37,4
74,38,4
74,39,4
74,40,4
74,41,4
74,42,4
74,43,4
74,44,4
74,45,4
74,46,4
74,47,4
74,48,4
74,49,4
74,50,3
74,51,3
74,52,3
74,53,3
74,54,3
74,55,3
74,56,3
74,57,3
74,58,3
74,59,3
74,60,3
74,61,3
74,62,3
74,63,3
74,64,3
74,65,3
74,66,3
74,67,3
74,68,3
74,69,3
74,70,3
74,71,3
74,72,3
74,73,3
74,74,3
74,75,3
74,76,3
74,77,3
74,78,3
74,79,3
74,80,3
74,81,3
74,82,3
74,83,3
74,84,3
74,85,3
74,86,3
74,87,3
74,88,3
74,89,3
74,90,3
74,91,3
74,92,3
74,93,3
74,94,3
74,95,3
74,96,3
74,97,3
74,98,3
74,99,3
75,0,4
75,1,4
75,2,4
75,3,4
75,4,4
75,5,4
75,6,4
75,7,4
75,8,4
75,9,4
75,10,4
75,11,4
75,12,4
75,13,4
75,14,4
75,15,4
75,16,4
75,17,4
75,18,4
75,19,4
75,20,4
75,21,4
75,22,4
75,23,4
75,24,4
75,25,4
75,26,4
75,27,4
75,28,4
75,29,4
75,30,4
75,31,4
75,32,4
75,33,4
75,34,4
75,35,4
75,36,4
75,37,4
75,38,4
75,39,4
75,40,4
75,41,4
75,42,4
75,43,4
75,44,4
75,45,4
75,46,4
75,47,4
75,48,4
75,49,4
75,50,3
75,51,3
75,52,3
75,53,3
75,54,3
75,55,3
75,56,3
75,57,3
75,58,3
75,59,3
75,60,3
75,61,3
75,62,3
75,63,3
75,64,3
75,65,3
75,66,3
75,67,3
75,68,3
75,69,3
75,70,3
75,71,3
75,72,3
75,73,3
75,74,3
75,75,3
75,76,3
75,77,3
75,78,3
75,79,3
75,80,3
75,81,3
75,82,3
75,83,3
75,84,3
75,85,3
75,86,3
75,87,3
75,88,3
75,89,3
75,90,3
75,91,3
75,92,3
75,93,3
75,94,3
75,95,3
75,96,3
75,97,3
75,98,3
75,99,3
76,0,4
76,1,4
76,2,4
76,3,4
76,4,4
76,5,4
76,6,4
76,7,4
76,8,4
76,9,4
76,10,4
76,11,4
76,12,4
76,13,4
76,14,4
76,15,4
76,16,4
76,17,4
76,18,4
76,19,4
76,20,4
76,21,4
76,22,4
76,23,4
76,24,4
76,25,4
76,26,4
76,27,4
76,28,4
76,29,4
76,30,4
76,31,4
76,32,4
76,33,4
76,34,4
76,35,4
76,36,4
76,37,4
76,38,4
76,39,4
76,40,4
76,41,4
76,42,4
76,43,4
76,44,4
76,45,4
76,46,4
76,47,4
76,48,4
76,49,4
76,50,3
76,51,3
76,52,3
76,53,3
76,54,3
76,55,3
76,56,3
76,57,3
76,58,3
76,59,3
76,60,3
76,61,3
76,62,3
76,63,3
76,64,3
76,65,3
76,66,3
76,67,3
76,68,3
76,69,3
76,70,3
76,71,3
76,72,3
76,73,3
76,74,3
76,75,3
76,76,3
76,77,3
76,78,3
76,79,3
76,80,3
76,81,3
76,82,3
76,83,3
76,84,3
76,85,3
76,86,3
76,87,3
76,88,3
76,89,3
76,90,3
76,91,3
76,92,3
76,93,3
76,94,3
76,95,3
76,96,3
76,97,3
76,98,3
76,99,3
77,0,4
77,1,4
77,2,4
77,3,4
77,4,4
77,5,4
77,6,4
77,7,4
77,8,4
77,9,4
77,10,4
77,11,4
77,12,4
77,13,4
77,14,4
77,15,4
77,16,4
77,17,4
77,18,4
77,19,4
77,20,4
77,21,4
77,22,4
77,23,4
77,24,4
77,25,4
77,26,4
77,27,4
77,28,4
77,29,4
77,30,4
77,31,4
77,32,4
77,33,4
77,34,4
77,35,4
77,36,4
77,37,4
77,38,4
77,39,4
77,40,4
77,41,4
77,42,4
77,43,4
77,44,4
77,45,4
77,46,4
77,47,4
77,48,4
77,49,4
77,50,3
77,51,3
77,52,3
77,53,3
77,54,3
77,55,3
77,56,3
77,57,3
77,58,3
77,59,3
77,60,3
77,61,3
77,62,3
77,63,3
77,64,3
77,65,3
77,66,3
77,67,3
77,68,3
77,69,3
77,70,3
77,71,3
77,72,3
77,73,3
77,74,3
77,75,3
77,76,3
77,77,3
77,78,3
77,79,3
77,80,3
77,81,3
77,82,3
77,83,3
77,84,3
77,85,3
77,86,3
77,87,3
77,88,3
77,89,3
77,90,3
77,91,3
77,92,3
77,93,3
77,94,3
77,95,3
77,96,3
77,97,3
77,98,3
77,99,3
78,0,4
78,1,4
78,2,4
78,3,4
78,4,4
78,5,4
78,6,4
78,7,4
78,8,4
78,9,4
78,10,4
78,11,4
78,12,4
78,13,4
78,14,4
78,15,4
78,16,4
78,17,4
78,18,4
78,19,4
78,20,4
78,21,4
78,22,4
78,23,4
78,24,4
78,25,4
78,26,4
78,27,4
78,28,4
78,29,4
78,30,4
78,31,4
78,32,4
78,33,4
78,34,4
78,35,4
78,36,4
78,37,4
78,38,4
78,39,4
78,40,4
78,41,4
78,42,4
78,43,4
78,44,4
78,45,4
78,46,4
78,47,4
78,48,4
78,49,4
78,50,3
78,51,3
78,52,3
78,53,3
78,54,3
78,55,3
78,56,3
78,57,3
78,58,3
78,59,3
78,60,3
78,61,3
78,62,3
78,63,3
78,64,3
78,65,3
78,66,3
78,67,3
78,68,3
78,69,3
78,70,3
78,71,3
78,72,3
78,73,3
78,74,3
78,75,3
78,76,3
78,77,3
78,78,3
78,79,3
78,80,3
78,81,3
78,82,3
78,83,3
78,84,3
78,85,3
78,86,3
78,87,3
78,88,3
78,89,3
78,90,3
78,91,3
78,92,3
78,93,3
78,94,3
78,95,3
78,96,3
78,97,3
78,98,3
78,99,3
79,0,4
79,1,4
79,2,4
79,3,4
79,4,4
79,5,4
79,6,4
79,7,4
79,8,4
79,9,4
79,10,4
79,11,4
79,12,4
79,13,4
79,14,4
79,15,4
79,16,4
79,17,4
79,18,4
79,19,4
79,20,4
79,21,4
79,22,4
79,23,4
79,24,4
79,25,4
79,26,4
79,27,4
79,28,4
79,29,4
79,30,4
79,31,4
79,32,4
79,33,4
79,34,4
79,35,4
79,36,4
79,37,4
79,38,4
79,39,4
79,40,4
79,41,4
79,42,4
79,43,4
79,44,4
79,45,4
79,46,4
79,47,4
79,48,4
79,49,4
79,50,3
79,51,3
79,52,3
79,53,3
79,54,3
79,55,3
79,56,3
79,57,3
79,58,3
79,59,3
79,60,3
79,61,3
79,62,3
79,63,3
79,64,3
79,65,3
79,66,3
79,67,3
79,68,3
79,69,3
79,70,3
79,71,3
79,72,3
79,73,3
79,74,3
79,75,3
79,76,3
79,77,3
79,78,3
79,79,3
79,80,3
79,81,3
79,82,3
79,83,3
79,84,3
79,85,3
79,86,3
79,87,3
79,88,3
79,89,3
79,90,3
79,91,3
79,92,3
79,93,3
79,94,3
79,95,3
79,96,3
79,97,3
79,98,3
79,99,3
80,0,4
80,1,4
80,2,4
80,3,4
80,4,4
80,5,4
80,6,4
80,7,4
80,8,4
80,9,4
80,10,4
80,11,4
80,12,4
80,13,4
80,14,4
80,15,4
80,16,4
80,17,4
80,18,4
80,19,4
80,20,4
80,21,4
80,22,4
80,23,4
80,24,4
80,25,4
80,26,4
80,27,4
80,28,4
80,29,4
80,30,4
80,31,4
80,32,4
80,33,4
80,34,4
80,35,4
80,36,4
80,37,4
80,38,4
80,39,4
80,40,4
80,41,4
80,42,4
80,43,4
80,44,4
80,45,4
80,46,4
80,47,4
80,48,4
80,49,4
80,50,3
80,51,3
80,52,3
80,53,3
80,54,3
80,55,3
80,56,3
80,57,3
80,58,3
80,59,3
80,60,3
80,61,3
80,62,3
80,63,3
80,64,3
80,65,3
80,66,3
80,67,3
80,68,3
80,69,3
80,70,3
80,71,3
80,72,3
80,73,3
80,74,3
80,75,3
80,76,3
80,77,3
80,78,3
80,79,3
80,80,3
80,81,3
80,82,3
80,83,3
80,84,3
80,85,3
80,86,3
80,87,3
80,88,3
80,89,3
80,90,3
80,91,3
80,92,3
80,93,3
80,94,3
80,95,3
80,96,3
80,97,3
80,98,3
80,99,3
81,0,4
81,1,4
81,2,4
81,3,4
81,4,4
81,5,4
81,6,4
81,7,4
81,8,4
81,9,4
81,10,4
81,11,4
81,12,4
81,13,4
81,14,4
81,15,4
81,16,4
81,17,4
81,18,4
81,19,4
81,20,4
81,21,4
81,22,4
81,23,4
81,24,4
81,25,4
81,26,4
81,27,4
81,28,4
81,29,4
81,30,4
81,31,4
81,32,4
81,33,4
81,34,4
81,35,4
81,36,4
81,37,4
81,38,4
81,39,4
81,40,4
81,41,4
81,42,4
81,43,4
81,44,4
81,45,4
81,46,4
81,47,4
81,48,4
81,49,4
81,50,3
81,51,3
81,52,3
81,53,3
81,54,3
81,55,3
81,56,3
81,57,3
81,58,3
81,59,3
81,60,3
81,61,3
81,62,3
81,63,3
81,64,3
81,65,3
81,66,3
81,67,3
81,68,3
81,69,3
81,70,3
81,71,3
81,72,3
81,73,3
81,74,3
81,75,3
81,76,3
81,77,3
81,78,3
81,79,3
81,80,3
81,81,3
81,82,3
81,83,3
81,84,3
81,85,3
81,86,3
81,87,3
81,88,3
81,89,3
81,90,3
81,91,3
81,92,3
81,93,3
81,94,3
81,95,3
81,96,3
81,97,3
81,98,3
81,99,3
82,0,4
82,1,4
82,2,4
82,3,4
82,4,4
82,5,4
82,6,4
82,7,4
82,8,4
82,9,4
82,10,4
82,11,4
82,12,4
82,13,4
82,14,4
82,15,4
82,16,4
82,17,4
82,18,4
82,19,4
82,20,4
82,21,4
82,22,4
82,23,4
82,24,4
82,25,4
82,26,4
82,27,4
82,28,4
82,29,4
82,30,4
82,31,4
82,32,4
82,33,4
82,34,4
82,35,4
82,36,4
82,37,4
82,38,4
82,39,4
82,40,4
82,41,4
82,42,4
82,43,4
82,44,4
82,45,4
82,46,4
82,47,4
82,48,4
82,49,4
82,50,3
82,51,3
82,52,3
82,53,3
82,54,3
82,55,3
82,56,3
82,57,3
82,58,3
82,59,3
82,60,3
82,61,3
82,62,3
82,63,3
82,64,3
82,65,3
82,66,3
82,67,3
82,68,3
82,69,3
82,70,3
82,71,3
82,72,3
82,73,3
82,74,3
82,75,3
82,76,3
82,77,3
82,78,3
82,79,3
82,80,3
82,81,3
82,82,3
82,83,3
82,84,3
82,85,3
82,86,3
82,87,3
82,88,3
82,89,3
82,90,3
82,91,3
82,92,3
82,93,3
82,94,3
82,95,3
82,96,3
82,97,3
82,98,3
82,99,3
83,0,4
83,1,4
83,2,4
83,3,4
83,4,4
83,5,4
83,6,4
83,7,4
83,8,4
83,9,4
83,10,4
83,11,4
83,12,4
83,13,4
83,14,4
83,15,4
83,16,4
83,17,4
83,18,4
83,19,4
83,20,4
83,21,4
83,22,4
83,23,4
83,24,4
83,25,4
83,26,4
83,27,4
83,28,4
83,29,4
83,30,4
83,31,4
83,32,4
83,33,4
83,34,4
83,35,4
83,36,4
83,37,4
83,38,4
83,39,4
83,40,4
83,41,4
83,42,4
83,43,4
83,44,4
83,45,4
83,46,4
83,47,4
83,48,4
83,49,4
83,50,3
83,51,3
83,52,3
83,53,3
83,54,3
83,55,3
83,56,3
83,57,3
83,58,3
83,59,3
83,60,3
83,61,3
83,62,3
83,63,3
83,64,3
83,65,3
83,66,3
83,67,3
83,68,3
83,69,3
83,70,3
83,71,3
83,72,3
83,73,3
83,74,3
83,75,3
83,76,3
83,77,3
83,78,3
83,79,3
83,80,3
83,81,3
83,82,3
83,83,3
83,84,3
83,85,3
83,86,3
83,87,3
83,88,3
83,89,3
83,90,3
83,91,3
83,92,3
83,93,3
83,94,3
83,95,3
83,96,3
83,97,3
83,98,3
83,99,3
84,0,4
84,1,4
84,2,4
84,3,4
84,4,4
84,5,4
84,6,4
84,7,4
84,8,4
84,9,4
84,10,4
84,11,4
84,12,4
84,13,4
84,14,4
84,15,4
84,16,4
84,17,4
84,18,4
84,19,4
84,20,4
84,21,4
84,22,4
84,23,4
84,24,4
84,25,4
84,26,4
84,27,4
84,28,4
84,29,4
84,30,4
84,31,4
84,32,4
84,33,4
84,34,4
84,35,4
84,36,4
84,37,4
84,38,4
84,39,4
84,40,4
84,41,4
84,42,4
84,43,4
84,44,4
84,45,4
84,46,4
84,47,4
84,48,4
84,49,4
84,50,3
84,51,3
84,52,3
84,53,3
84,54,3
84,55,3
84,56,3
84,57,3
84,58,3
84,59,3
84,60,3
84,61,3
84,62,3
84,63,3
84,64,3
84,65,3
84,66,3
84,67,3
84,68,3
84,69,3
84,70,3
84,71,3
84,72,3
84,73,3
84,74,3
84,75,3
84,76,3
84,77,3
84,78,3
84,79,3
84,80,3
84,81,3
84,82,3
84,83,3
84,84,3
84,85,3
84,86,3
84,87,3
84,88,3
84,89,3
84,90,3
84,91,3
84,92,3
84,93,3
84,94,3
84,95,3
84,96,3
84,97,3
84,98,3
84,99,3
85,0,4
85,1,4
85,2,4
85,3,4
85,4,4
85,5,4
85,6,4
85,7,4
85,8,4
85,9,4
85,10,4
85,11,4
85,12,4
85,13,4
85,14,4
85,15,4
85,16,4
85,17,4
85,18,4
85,19,4
85,20,4
85,21,4
85,22,4
85,23,4
85,24,4
85,25,4
85,26,4
85,27,4
85,28,4
85,29,4
85,30,4
85,31,4
85,32,4
85,33,4
85,34,4
85,35,4
85,36,4
85,37,4
85,38,4
85,39,4
85,40,4
85,41,4
85,42,4
85,43,4
85,44,4
85,45,4
85,46,4
85,47,4
85,48,4
85,49,4
85,50,3
85,51,3
85,52,3
85,53,3
85,54,3
85,55,3
85,56,3
85,57,3
85,58,3
85,59,3
85,60,3
85,61,3
85,62,3
85,63,3
85,64,3
85,65,3
85,66,3
85,67,3
85,68,3
85,69,3
85,70,3
85,71,3
85,72,3
85,73,3
85,74,3
85,75,3
85,76,3
85,77,3
85,78,3
85,79,3
85,80,3
85,81,3
85,82,3
85,83,3
85,84,3
85,85,3
85,86,3
85,87,3
85,88,3
85,89,3
85,90,3
85,91,3
85,92,3
85,93,3
85,94,3
85,95,3
85,96,3
85,97,3
85,98,3
85,99,3
86,0,4
86,1,4
86,2,4
86,3,4
86,4,4
86,5,4
86,6,4
86,7,4
86,8,4
86,9,4
86,10,4
86,11,4
86,12,4
86,13,4
86,14,4
86,15,4
86,16,4
86,17,4
86,18,4
86,19,4
86,20,4
86,21,4
86,22,4
86,23,4
86,24,4
86,25,4
86,26,4
86,27,4
86,28,4
86,29,4
86,30,4
86,31,4
86,32,4
86,33,4
86,34,4
86,35,4
86,36,4
86,37,4
86,38,4
86,39,4
86,40,4
86,41,4
86,42,4
86,43,4
86,44,4
86,45,4
86,46,4
86,47,4
86,48,4
86,49,4
86,50,3
86,51,3
86,52,3
86,53,3
86,54,3
86,55,3
86,56,3
86,57,3
86,58,3
86,59,3
86,60,3
86,61,3
86,62,3
86,63,3
86,64,3
86,65,3
86,66,3
86,67,3
86,68,3
86,69,3
86,70,3
86,71,3
86,72,3
86,73,3
86,74,3
86,75,3
86,76,3
86,77,3
86,78,3
86,79,3
86,80,3
86,81,3
86,82,3
86,83,3
86,84,3
86,85,3
86,86,3
86,87,3
86,88,3
86,89,3
86,90,3
86,91,3
86,92,3
86,93,3
86,94,3
86,95,3
86,96,3
86,97,3
86,98,3
86,99,3
87,0,4
87,1,4
87,2,4
87,3,4
87,4,4
87,5,4
87,6,4
87,7,4
87,8,4
87,9,4
87,10,4
87,11,4
87,12,4
87,13,4
87,14,4
87,15,4
87,16,4
87,17,4
87,18,4
87,19,4
87,20,4
87,21,4
87,22,4
87,23,4
87,24,4
87,25,4
87,26,4
87,27,4
87,28,4
87,29,4
87,30,4
87,31,4
87,32,4
87,33,4
87,34,4
87,35,4
87,36,4
87,37,4
87,38,4
87,39,4
87,40,4
87,41,4
87,42,4
87,43,4
87,44,4
87,45,4
87,46,4
87,47,4
87,48,4
87,49,4
87,50,3
87,51,3
87,52,3
87,53,3
87,54,3
87,55,3
87,56,3
87,57,3
87,58,3
87,59,3
87,60,3
87,61,3
87,62,3
87,63,3
87,64,3
87,65,3
87,66,3
87,67,3
87,68,3
87,69,3
87,70,3
87,71,3
87,72,3
87,73,3
87,74,3
87,75,3
87,76,3
87,77,3
87,78,3
87,79,3
87,80,3
87,81,3
87,82,3
87,83,3
87,84,3
87,85,3
87,86,3
87,87,3
87,88,3
87,89,3
87,90,3
87,91,3
87,92,3
87,93,3
87,94,3
87,95,3
87,96,3
87,97,3
87,98,3
87,99,3
88,0,4
88,1,4
88,2,4
88,3,4
88,4,4
88,5,4
88,6,4
88,7,4
88,8,4
88,9,4
88,10,4
88,11,4
88,12,4
88,13,4
88,14,4
88,15,4
88,16,4
88,17,4
88,18,4
88,19,4
88,20,4
88,21,4
88,22,4
88,23,4
88,24,4
88,25,4
88,26,4
88,27,4
88,28,4
88,29,4
88,30,4
88,31,4
88,32,4
88,33,4
88,34,4
88,35,4
88,36,4
88,37,4
88,38,4
88,39,4
88,40,4
88,41,4
88,42,4
88,43,4
88,44,4
88,45,4
88,46,4
88,47,4
88,48,4
88,49,4
88,50,3
88,51,3
88,52,3
88,53,3
88,54,3
88,55,3
88,56,3
88,57,3
88,58,3
88,59,3
88,60,3
88,61,3
88,62,3
88,63,3
88,64,3
88,65,3
88,66,3
88,67,3
88,68,3
88,69,3
88,70,3
88,71,3
88,72,3
88,73,3
88,74,3
88,75,3
88,76,3
88,77,3
88,78,3
88,79,3
88,80,3
88,81,3
88,82,3
88,83,3
88,84,3
88,85,3
88,86,3
88,87,3
88,88,3
88,89,3
88,90,3
88,91,3
88,92,3
88,93,3
88,94,3
88,95,3
88,96,3
88,97,3
88,98,3
88,99,3
89,0,4
89,1,4
89,2,4
89,3,4
89,4,4
89,5,4
89,6,4
89,7,4
89,8,4
89,9,4
89,10,4
89,11,4
89,12,4
89,13,4
89,14,4
89,15,4
89,16,4
89,17,4
89,18,4
89,19,4
89,20,4
89,21,4
89,22,4
89,23,4
89,24,4
89,25,4
89,26,4
89,27,4
89,28,4
89,29,4
89,30,4
89,31,4
89,32,4
89,33,4
89,34,4
89,35,4
89,36,4
89,37,4
89,38,4
89,39,4
89,40,4
89,41,4
89,42,4
89,43,4
89,44,4
89,45,4
89,46,4
89,47,4
89,48,4
89,49,4
89,50,3
89,51,3
89,52,3
89,53,3
89,54,3
89,55,3
89,56,3
89,57,3
89,58,3
89,59,3
89,60,3
89,61,3
89,62,3
89,63,3
89,64,3
89,65,3
89,66,3
89,67,3
89,68,3
89,69,3
89,70,3
89,71,3
89,72,3
89,73,3
89,74,3
89,75,3
89,76,3
89,77,3
89,78,3
89,79,3
89,80,3
89,81,3
89,82,3
89,83,3
89,84,3
89,85,3
89,86,3
89,87,3
89,88,3
89,89,3
89,90,3
89,91,3
89,92,3
89,93,3
89,94,3
89,95,3
89,96,3
89,97,3
89,98,3
89,99,3
90,0,4
90,1,4
90,2,4
90,3,4
90,4,4
90,5,4
90,6,4
90,7,4
90,8,4
90,9,4
90,10,4
90,11,4
90,12,4
90,13,4
90,14,4
90,15,4
90,16,4
90,17,4
90,18,4
90,19,4
90,20,4
90,21,4
90,22,4
90,23,4
90,24,4
90,25,4
90,26,4
90,27,4
90,28,4
90,29,4
90,30,4
90,31,4
90,32,4
90,33,4
90,34,4
90,35,4
90,36,4
90,37,4
90,38,4
90,39,4
90,40,4
90,41,4
90,42,4
90,43,4
90,44,4
90,45,4
90,46,4
90,47,4
90,48,4
90,49,4
90,50,3
90,51,3
90,52,3
90,53,3
90,54,3
90,55,3
90,56,3
90,57,3
90,58,3
90,59,3
90,60,3
90,61,3
90,62,3
90,63,3
90,64,3
90,65,3
90,66,3
90,67,3
90,68,3
90,69,3
90,70,3
90,71,3
90,72,3
90,73,3
90,74,3
90,75,3
90,76,3
90,77,3
90,78,3
90,79,3
90,80,3
90,81,3
90,82,3
90,83,3
90,84,3
90,85,3
90,86,3
90,87,3
90,88,3
90,89,3
90,90,3
90,91,3
90,92,3
90,93,3
90,94,3
90,95,3
90,96,3
90,97,3
90,98,3
90,99,3
91,0,4
91,1,4
91,2,4
91,3,4
91,4,4
91,5,4
91,6,4
91,7,4
91,8,4
91,9,4
91,10,4
91,11,4
91,12,4
91,13,4
91,14,4
91,15,4
91,16,4
91,17,4
91,18,4
91,19,4
91,20,4
91,21,4
91,22,4
91,23,4
91,24,4
91,25,4
91,26,4
91,27,4
91,28,4
91,29,4
91,30,4
91,31,4
91,32,4
91,33,4
91,34,4
91,35,4
91,36,4
91,37,4
91,38,4
91,39,4
91,40,4
91,41,4
91,42,4
91,43,4
91,44,4
91,45,4
91,46,4
91,47,4
91,48,4
91,49,4
91,50,3
91,51,3
91,52,3
91,53,3
91,54,3
91,55,3
91,56,3
91,57,3
91,58,3
91,59,3
91,60,3
91,61,3
91,62,3
91,63,3
91,64,3
91,65,3
91,66,3
91,67,3
91,68,3
91,69,3
91,70,3
91,71,3
91,72,3
91,73,3
91,74,3
91,75,3
91,76,3
91,77,3
91,78,3
91,79,3
91,80,3
91,81,3
91,82,3
91,83,3
91,84,3
91,85,3
91,86,3
91,87,3
91,88,3
91,89,3
91,90,3
91,91,3
91,92,3
91,93,3
91,94,3
91,95,3
91,96,3
91,97,3
91,98,3
91,99,3
92,0,4
92,1,4
92,2,4
92,3,4
92,4,4
92,5,4
92,6,4
92,7,4
92,8,4
92,9,4
92,10,4
92,11,4
92,12,4
92,13,4
92,14,4
92,15,4
92,16,4
92,17,4
92,18,4
92,19,4
92,20,4
92,21,4
92,22,4
92,23,4
92,24,4
92,25,4
92,26,4
92,27,4
92,28,4
92,29,4
92,30,4
92,31,4
92,32,4
92,33,4
92,34,4
92,35,4
92,36,4
92,37,4
92,38,4
92,39,4
92,40,4
92,41,4
92,42,4
92,43,4
92,44,4
92,45,4
92,46,4
92,47,4
92,48,4
92,49,4
92,50,3
92,51,3
92,52,3
92,53,3
92,54,3
92,55,3
92,56,3
92,57,3
92,58,3
92,59,3
92,60,3
92,61,3
92,62,3
92,63,3
92,64,3
92,65,3
92,66,3
92,67,3
92,68,3
92,69,3
92,70,3
92,71,3
92,72,3
92,73,3
92,74,3
92,75,3
92,76,3
92,77,3
92,78,3
92,79,3
92,80,3
92,81,3
92,82,3
92,83,3
92,84,3
92,85,3
92,86,3
92,87,3
92,88,3
92,89,3
92,90,3
92,91,3
92,92,3
92,93,3
92,94,3
92,95,3
92,96,3
92,97,3
92,98,3
92,99,3
93,0,4
93,1,4
93,2,4
93,3,4
93,4,4
93,5,4
93,6,4
93,7,4
93,8,4
93,9,4
93,10,4
93,11,4
93,12,4
93,13,4
93,14,4
93,15,4
93,16,4
93,17,4
93,18,4
93,19,4
93,20,4
93,21,4
93,22,4
93,23,4
93,24,4
93,25,4
93,26,4
93,27,4
93,28,4
93,29,4
93,30,4
93,31,4
93,32,4
93,33,4
93,34,4
93,35,4
93,36,4
93,37,4
93,38,4
93,39,4
93,40,4
93,41,4
93,42,4
93,43,4
93,44,4
93,45,4
93,46,4
93,47,4
93,48,4
93,49,4
93,50,3
93,51,3
93,52,3
93,53,3
93,54,3
93,55,3
93,56,3
93,57,3
93,58,3
93,59,3
93,60,3
93,61,3
93,62,3
93,63,3
93,64,3
93,65,3
93,66,3
93,67,3
93,68,3
93,69,3
93,70,3
93,71,3
93,72,3
93,73,3
93,74,3
93,75,3
93,76,3
93,77,3
93,78,3
93,79,3
93,80,3
93,81,3
93,82,3
93,83,3
93,84,3
93,85,3
93,86,3
93,87,3
93,88,3
93,89,3
93,90,3
93,91,3
93,92,3
93,93,3
93,94,3
93,95,3
93,96,3
93,97,3
93,98,3
93,99,3
94,0,4
94,1,4
94,2,4
94,3,4
94,4,4
94,5,4
94,6,4
94,7,4
94,8,4
94,9,4
94,10,4
94,11,4
94,12,4
94,13,4
94,14,4
94,15,4
94,16,4
94,17,4
94,18,4
94,19,4
94,20,4
94,21,4
94,22,4
94,23,4
94,24,4
94,25,4
94,26,4
94,27,4
94,28,4
94,29,4
94,30,4
94,31,4
94,32,4
94,33,4
94,34,4
94,35,4
94,36,4
94,37,4
94,38,4
94,39,4
94,40,4
94,41,4
94,42,4
94,43,4
94,44,4
94,45,4
94,46,4
94,47,4
94,48,4
94,49,4
94,50,3
94,51,3
94,52,3
94,53,3
94,54,3
94,55,3
94,56,3
94,57,3
94,58,3
94,59,3
94,60,3
94,61,3
94,62,3
94,63,3
94,64,3
94,65,3
94,66,3
94,67,3
94,68,3
94,69,3
94,70,3
94,71,3
94,72,3
94,73,3
94,74,3
94,75,3
94,76,3
94,77,3
94,78,3
94,79,3
94,80,3
94,81,3
94,82,3
94,83,3
94,84,3
94,85,3
94,86,3
94,87,3
94,88,3
94,89,3
94,90,3
94,91,3
94,92,3
94,93,3
94,94,3
94,95,3
94,96,3
94,97,3
94,98,3
94,99,3
95,0,4
95,1,4
95,2,4
95,3,4
95,4,4
95,5,4
95,6,4
95,7,4
95,8,4
95,9,4
95,10,4
95,11,4
95,12,4
95,13,4
95,14,4
95,15,4
95,16,4
95,17,4
95,18,4
95,19,4
95,20,4
95,21,4
95,22,4
95,23,4
95,24,4
95,25,4
95,26,4
95,27,4
95,28,4
95,29,4
95,30,4
95,31,4
95,32,4
95,33,4
95,34,4
95,35,4
95,36,4
95,37,4
95,38,4
95,39,4
95,40,4
95,41,4
95,42,4
95,43,4
95,44,4
95,45,4
95,46,4
95,47,4
95,48,4
95,49,4
95,50,3
95,51,3
95,52,3
95,53,3
95,54,3
95,55,3
95,56,3
95,57,3
95,58,3
95,59,3
95,60,3
95,61,3
95,62,3
95,63,3
95,64,3
95,65,3
95,66,3
95,67,3
95,68,3
95,69,3
95,70,3
95,71,3
95,72,3
95,73,3
95,74,3
95,75,3
95,76,3
95,77,3
95,78,3
95,79,3
95,80,3
95,81,3
95,82,3
95,83,3
95,84,3
95,85,3
95,86,3
95,87,3
95,88,3
95,89,3
95,90,3
95,91,3
95,92,3
95,93,3
95,94,3
95,95,3
95,96,3
95,97,3
95,98,3
95,99,3
96,0,4
96,1,4
96,2,4
96,3,4
96,4,4
96,5,4
96,6,4
96,7,4
96,8,4
96,9,4
96,10,4
96,11,4
96,12,4
96,13,4
96,14,4
96,15,4
96,16,4
96,17,4
96,18,4
96,19,4
96,20,4
96,21,4
96,22,4
96,23,4
96,24,4
96,25,4
96,26,4
96,27,4
96,28,4
96,29,4
96,30,4
96,31,4
96,32,4
96,33,4
96,34,4
96,35,4
96,36,4
96,37,4
96,38,4
96,39,4
96,40,4
96,41,4
96,42,4
96,43,4
96,44,4
96,45,4
96,46,4
96,47,4
96,48,4
96,49,4
96,50,3
96,51,3
96,52,3
96,53,3
96,54,3
96,55,3
96,56,3
96,57,3
96,58,3
96,59,3
96,60,3
96,61,3
96,62,3
96,63,3
96,64,3
96,65,3
96,66,3
96,67,3
96,68,3
96,69,3
96,70,3
96,71,3
96,72,3
96,73,3
96,74,3
96,75,3
96,76,3
96,77,3
96,78,3
96,79,3
96,80,3
96,81,3
96,82,3
96,83,3
96,84,3
96,85,3
96,86,3
96,87,3
96,88,3
96,89,3
96,90,3
96,91,3
96,92,3
96,93,3
96,94,3
96,95,3
96,96,3
96,97,3
96,98,3
96,99,3
97,0,4
97,1,4
97,2,4
97,3,4
97,4,4
97,5,4
97,6,4
97,7,4
97,8,4
97,9,4
97,10,4
97,11,4
97,12,4
97,13,4
97,14,4
97,15,4
97,16,4
97,17,4
97,18,4
97,19,4
97,20,4
97,21,4
97,22,4
97,23,4
97,24,4
97,25,4
97,26,4
97,27,4
97,28,4
97,29,4
97,30,4
97,31,4
97,32,4
97,33,4
97,34,4
97,35,4
97,36,4
97,37,4
97,38,4
97,39,4
97,40,4
97,41,4
97,42,4
97,43,4
97,44,4
97,45,4
97,46,4
97,47,4
97,48,4
97,49,4
97,50,3
97,51,3
97,52,3
97,53,3
97,54,3
97,55,3
97,56,3
97,57,3
97,58,3
97,59,3
97,60,3
97,61,3
97,62,3
97,63,3
97,64,3
97,65,3
97,66,3
97,67,3
97,68,3
97,69,3
97,70,3
97,71,3
97,72,3
97,73,3
97,74,3
97,75,3
97,76,3
97,77,3
97,78,3
97,79,3
97,80,3
97,81,3
97,82,3
97,83,3
97,84,3
97,85,3
97,86,3
97,87,3
97,88,3
97,89,3
97,90,3
97,91,3
97,92,3
97,93,3
97,94,3
97,95,3
97,96,3
97,97,3
97,98,3
97,99,3
98,0,4
98,1,4
98,2,4
98,3,4
98,4,4
98,5,4
98,6,4
98,7,4
98,8,4
98,9,4
98,10,4
98,11,4
98,12,4
98,13,4
98,14,4
98,15,4
98,16,4
98,17,4
98,18,4
98,19,4
98,20,4
98,21,4
98,22,4
98,23,4
98,24,4
98,25,4
98,26,4
98,27,4
98,28,4
98,29,4
98,30,4
98,31,4
98,32,4
98,33,4
98,34,4
98,35,4
98,36,4
98,37,4
98,38,4
98,39,4
98,40,4
98,41,4
98,42,4
98,43,4
98,44,4
98,45,4
98,46,4
98,47,4
98,48,4
98,49,4
98,50,3
98,51,3
98,52,3
98,53,3
98,54,3
98,55,3
98,56,3
98,57,3
98,58,3
98,59,3
98,60,3
98,61,3
98,62,3
98,63,3
98,64,3
98,65,3
98,66,3
98,67,3
98,68,3
98,69,3
98,70,3
98,71,3
98,72,3
98,73,3
98,74,3
98,75,3
98,76,3
98,77,3
98,78,3
98,79,3
98,80,3
98,81,3
98,82,3
98,83,3
98,84,3
98,85,3
98,86,3
98,87,3
98,88,3
98,89,3
98,90,3
98,91,3
98,92,3
98,93,3
98,94,3
98,95,3
98,96,3
98,97,3
98,98,3
98,99,3
99,0,4
99,1,4
99,2,4
99,3,4
99,4,4
99,5,4
99,6,4
99,7,4
99,8,4
99,9,4
99,10,4
99,11,4
99,12,4
99,13,4
99,14,4
99,15,4
99,16,4
99,17,4
99,18,4
99,19,4
99,20,4
99,21,4
99,22,4
99,23,4
99,24,4
99,25,4
99,26,4
99,27,4
99,28,4
99,29,4
99,30,4
99,31,4
99,32,4
99,33,4
99,34,4
99,35,4
99,36,4
99,37,4
99,38,4
99,39,4
99,40,4
99,41,4
99,42,4
99,43,4
99,44,4
99,45,4
99,46,4
99,47,4
99,48,4
99,49,4
99,50,3
99,51,3
99,52,3
99,53,3
99,54,3
99,55,3
99,56,3
99,57,3
99,58,3
99,59,3
99,60,3
99,61,3
99,62,3
99,63,3
99,64,3
99,65,3
99,66,3
99,67,3
99,68,3
99,69,3
99,70,3
99,71,3
99,72,3
99,73,3
99,74,3
99,75,3
99,76,3
99,77,3
99,78,3
99,79,3
99,80,3
99,81,3
99,82,3
99,83,3
99,84,3
99,85,3
99,86,3
99,87,3
99,88,3
99,89,3
99,90,3
99,91,3
99,92,3
99,93,3
99,94,3
99,95,3
99,96,3
99,97,3
99,98,3
99,99,3