site_id,response_generator_id,data_type,exam_id,task_number,trial_number,trial_time,num_blue_locations,red_capability_Pc,red_vulnerability_P_1,red_opportunity_U_1,red_activity_detected_1,red_tactics_most_likely_time,red_tactics_most_likely_tactic,red_tactics_actual_red_tactic,bluebook_Passive_prob_1,bluebook_Aggressive_prob_1,probs_Pp_time,probs_Pp_1,probs_Pp_normative_1,probs_Ppc_time,probs_Ppc_1,probs_Ppc_normative_1,probs_Ptpc_time,probs_Ptpc_1,probs_Ptpc_normative_1,blue_action_time,blue_action_1,blue_action_expected_utility,blue_action_normative_participant_1,blue_action_normative_participant_expected_utility,blue_action_normative_bayesian_1,blue_action_normative_bayesian_expected_utility
PSU,001,Human_Single,Sample-Exam-1,2,1,114364.0,1,1.0,0.36075221000434965,3,0,NaN,NaN,Aggressive,0.2,0.5,30857.0,0.45,0.35,9017.0,0.5,0.35,30108.0,0.45,0.21212121212121207,10733.0,Do_Not_Divert,-0.37596903298825596,Do_Not_Divert,-0.37596903298825596,Do_Not_Divert,-0.17722445999446404
PSU,001,Human_Single,Sample-Exam-1,2,2,110729.0,1,0.4,0.1810844041417523,4,1,5663.0,Aggressive,Aggressive,0.5,0.8,22573.0,0.6,0.7142857142857144,23993.0,0.5,0.28571428571428575,12745.0,0.5,0.5454545454545453,17706.0,Do_Not_Divert,-1.2756623834329908,Divert,-0.5,Divert,-0.4545454545454547
PSU,001,Human_Single,Sample-Exam-1,2,3,81026.0,1,0.4,0.15371121314168168,4,0,5117.0,Aggressive,Aggressive,0.5,0.8,15537.0,0.5,0.7325688073394495,3635.0,0.6,0.2930275229357798,7644.0,0.5,0.17166505428356443,14945.0,Do_Not_Divert,-1.3851551474332733,Divert,-0.5,Do_Not_Divert,-0.4755654671505831
PSU,001,Human_Single,Sample-Exam-1,2,4,96799.0,1,0.4,0.12182914271120526,4,1,5928.0,Passive,Aggressive,0.5,0.8,10468.0,0.5,0.7528255528255529,4400.0,0.5,0.30113022113022114,16599.0,0.6,0.5638226093357049,20202.0,Divert,-0.4,Divert,-0.4,Divert,-0.43617739066429506
PSU,001,Human_Single,Sample-Exam-1,2,5,88561.0,1,0.4,0.30841114769090794,4,1,4197.0,Aggressive,Aggressive,0.3,0.6,16270.0,0.85,0.5683153305125683,23385.0,0.75,0.22732613220502734,4898.0,0.85,0.46882572096477193,12855.0,Do_Not_Divert,-1.302804195701826,Divert,-0.15000000000000002,Divert,-0.5311742790352281
PSU,001,Human_Single,Sample-Exam-1,2,6,96299.0,1,0.4,0.28473653096329843,4,0,3900.0,Aggressive,Aggressive,0.3,0.6,12277.0,0.8,0.5827715775895911,9188.0,0.75,0.23310863103583646,14165.0,0.6,0.13193150135341705,27580.0,Do_Not_Divert,-1.0332646513761674,Divert,-0.4,Do_Not_Divert,-0.22720026125245474
PSU,001,Human_Single,Sample-Exam-1,2,7,188339.0,1,0.7,0.27719619931674233,3,1,5211.0,Passive,Aggressive,0.2,0.5,101899.0,0.6,0.47071286344268193,19064.0,0.7,0.32949900440987734,5367.0,0.75,0.595839782793271,18704.0,Do_Not_Divert,-1.0026171030746596,Divert,-0.25,Divert,-0.404160217206729
PSU,001,Human_Single,Sample-Exam-1,2,8,129839.0,1,0.9,0.38297693791265164,3,1,6895.0,Aggressive,Aggressive,0.2,0.5,38595.0,0.5,0.45713738595506287,24695.0,0.85,0.4114236473595566,15693.0,0.7,0.6771115417371597,14493.0,Do_Not_Divert,-0.4914968607668631,Divert,-0.30000000000000004,Divert,-0.3228884582628403
PSU,001,Human_Single,Sample-Exam-1,2,9,125175.0,1,0.4,0.15054125592547885,4,0,3572.0,Aggressive,Aggressive,0.5,0.8,21653.0,0.5,0.7794495786430884,8440.0,0.4,0.31177983145723537,38922.0,0.5,0.1846796035651896,17956.0,Do_Not_Divert,-1.3978349762980846,Divert,-0.5,Do_Not_Divert,-0.516303218544573
PSU,001,Human_Single,Sample-Exam-1,2,10,67454.0,1,0.4,0.22613476845200842,4,1,3510.0,Aggressive,Aggressive,0.5,0.8,5538.0,0.7,0.7861693836556776,8330.0,0.6,0.31446775346227107,12605.0,0.75,0.5791532300551139,8939.0,Divert,-0.25,Divert,-0.25,Divert,-0.4208467699448861
PSU,002,Human_Single,Sample-Exam-1,2,1,404962.0,1,1.0,0.36075221000434965,3,0,NaN,NaN,Aggressive,0.2,0.5,84333.0,0.4,0.35,22370.0,0.4,0.35,23275.0,0.16,0.21212121212121207,18236.0,Do_Not_Divert,-0.13367787839582435,Do_Not_Divert,-0.13367787839582435,Do_Not_Divert,-0.17722445999446404
PSU,002,Human_Single,Sample-Exam-1,2,2,214422.0,1,0.4,0.1810844041417523,4,1,17956.0,Aggressive,Aggressive,0.5,0.8,17909.0,0.8,0.7142857142857144,90371.0,0.5,0.28571428571428575,25225.0,0.3,0.5454545454545453,24820.0,Divert,-0.7,Divert,-0.7,Divert,-0.4545454545454547
PSU,002,Human_Single,Sample-Exam-1,2,3,194439.0,1,0.4,0.15371121314168168,4,0,16068.0,Aggressive,Aggressive,0.5,0.8,24133.0,0.8,0.7325688073394495,55209.0,0.38,0.2930275229357798,45225.0,0.15,0.17166505428356443,13775.0,Divert,-0.85,Do_Not_Divert,-0.415546544229982,Do_Not_Divert,-0.4755654671505831
PSU,002,Human_Single,Sample-Exam-1,2,4,99029.0,1,0.4,0.12182914271120526,4,1,11762.0,Aggressive,Aggressive,0.5,0.8,10874.0,0.8,0.7528255528255529,4228.0,0.68,0.30113022113022114,41184.0,0.65,0.5638226093357049,11763.0,Divert,-0.35,Divert,-0.35,Divert,-0.43617739066429506
PSU,002,Human_Single,Sample-Exam-1,2,5,350407.0,1,0.4,0.30841114769090794,4,1,13338.0,Aggressive,Aggressive,0.3,0.6,14710.0,0.6,0.5683153305125683,5413.0,0.24,0.22732613220502734,230272.0,0.42,0.46882572096477193,60544.0,Do_Not_Divert,-0.6437385437585493,Divert,-0.5800000000000001,Divert,-0.5311742790352281
PSU,002,Human_Single,Sample-Exam-1,2,6,139823.0,1,0.4,0.28473653096329843,4,0,10077.0,Aggressive,Aggressive,0.3,0.6,8877.0,0.6,0.5827715775895911,13260.0,0.76,0.23310863103583646,38251.0,0.25,0.13193150135341705,30592.0,Do_Not_Divert,-0.43052693807340314,Do_Not_Divert,-0.43052693807340314,Do_Not_Divert,-0.22720026125245474
PSU,002,Human_Single,Sample-Exam-1,2,7,134660.0,1,0.7,0.27719619931674233,3,1,15288.0,Aggressive,Aggressive,0.2,0.5,7878.0,0.5,0.47071286344268193,13900.0,0.65,0.32949900440987734,37175.0,0.47,0.595839782793271,39218.0,Divert,-0.53,Divert,-0.53,Divert,-0.404160217206729
PSU,002,Human_Single,Sample-Exam-1,2,8,177762.0,1,0.9,0.38297693791265164,3,1,47205.0,Passive,Aggressive,0.2,0.5,19687.0,0.2,0.45713738595506287,22573.0,0.38,0.4114236473595566,57954.0,0.2,0.6771115417371597,7301.0,Do_Not_Divert,-0.14042767450481805,Do_Not_Divert,-0.14042767450481805,Divert,-0.3228884582628403
PSU,002,Human_Single,Sample-Exam-1,2,9,88452.0,1,0.4,0.15054125592547885,4,0,17581.0,Aggressive,Aggressive,0.5,0.8,9563.0,0.8,0.7794495786430884,14352.0,0.68,0.31177983145723537,23026.0,0.42,0.1846796035651896,12433.0,Divert,-0.5800000000000001,Divert,-0.5800000000000001,Do_Not_Divert,-0.516303218544573
PSU,002,Human_Single,Sample-Exam-1,2,10,108046.0,1,0.4,0.22613476845200842,4,1,14040.0,Aggressive,Aggressive,0.5,0.8,10374.0,0.8,0.7861693836556776,19594.0,0.68,0.31446775346227107,25366.0,0.62,0.5791532300551139,14134.0,Divert,-0.38,Divert,-0.38,Divert,-0.4208467699448861
PSU,003,Human_Single,Sample-Exam-1,2,1,87953.0,1,1.0,0.36075221000434965,3,0,NaN,NaN,Aggressive,0.2,0.5,20342.0,0.2,0.35,14024.0,0.4,0.35,12511.0,0.4,0.21212121212121207,10561.0,Do_Not_Divert,-0.33419469598956086,Do_Not_Divert,-0.33419469598956086,Do_Not_Divert,-0.17722445999446404
PSU,003,Human_Single,Sample-Exam-1,2,2,62541.0,1,0.4,0.1810844041417523,4,1,10936.0,Aggressive,Aggressive,0.5,0.8,10826.0,0.5,0.7142857142857144,5039.0,0.45,0.28571428571428575,12183.0,0.55,0.5454545454545453,9657.0,Do_Not_Divert,-1.40322862177629,Divert,-0.44999999999999996,Divert,-0.4545454545454547
PSU,003,Human_Single,Sample-Exam-1,2,3,42026.0,1,0.4,0.15371121314168168,4,0,3120.0,Aggressive,Aggressive,0.5,0.8,6786.0,0.5,0.7325688073394495,4087.0,0.45,0.2930275229357798,6661.0,0.45,0.17166505428356443,7254.0,Do_Not_Divert,-1.246639632689946,Divert,-0.55,Do_Not_Divert,-0.4755654671505831
PSU,003,Human_Single,Sample-Exam-1,2,4,48688.0,1,0.4,0.12182914271120526,4,1,4430.0,Aggressive,Aggressive,0.5,0.8,8455.0,0.5,0.7528255528255529,10358.0,0.45,0.30113022113022114,6957.0,0.5,0.5638226093357049,8487.0,Divert,-0.5,Divert,-0.5,Divert,-0.43617739066429506
PSU,003,Human_Single,Sample-Exam-1,2,5,41262.0,1,0.4,0.30841114769090794,4,1,4243.0,Aggressive,Aggressive,0.3,0.6,7441.0,0.3,0.5683153305125683,4478.0,0.35,0.22732613220502734,6723.0,0.5,0.46882572096477193,4914.0,Do_Not_Divert,-0.7663554092363682,Divert,-0.5,Divert,-0.5311742790352281
PSU,003,Human_Single,Sample-Exam-1,2,6,61620.0,1,0.4,0.28473653096329843,4,0,2683.0,Aggressive,Aggressive,0.3,0.6,8923.0,0.3,0.5827715775895911,15990.0,0.35,0.23310863103583646,9017.0,0.4,0.13193150135341705,3120.0,Do_Not_Divert,-0.688843100917445,Divert,-0.6,Do_Not_Divert,-0.22720026125245474
PSU,003,Human_Single,Sample-Exam-1,2,7,77626.0,1,0.7,0.27719619931674233,3,1,9438.0,Aggressive,Aggressive,0.2,0.5,12792.0,0.2,0.47071286344268193,29422.0,0.45,0.32949900440987734,7519.0,0.6,0.595839782793271,3916.0,Divert,-0.4,Divert,-0.4,Divert,-0.404160217206729
PSU,003,Human_Single,Sample-Exam-1,2,8,53040.0,1,0.9,0.38297693791265164,3,1,4103.0,Aggressive,Aggressive,0.2,0.5,7644.0,0.2,0.45713738595506287,8455.0,0.4,0.4114236473595566,5928.0,0.5,0.6771115417371597,8096.0,Do_Not_Divert,-0.3510691862620451,Do_Not_Divert,-0.3510691862620451,Divert,-0.3228884582628403
PSU,003,Human_Single,Sample-Exam-1,2,9,38719.0,1,0.4,0.15054125592547885,4,0,2714.0,Aggressive,Aggressive,0.5,0.8,6490.0,0.5,0.7794495786430884,6256.0,0.45,0.31177983145723537,8237.0,0.45,0.1846796035651896,4586.0,Do_Not_Divert,-1.2580514786682762,Divert,-0.55,Do_Not_Divert,-0.516303218544573
PSU,003,Human_Single,Sample-Exam-1,2,10,38548.0,1,0.4,0.22613476845200842,4,1,5257.0,Passive,Aggressive,0.5,0.8,6350.0,0.5,0.7861693836556776,4508.0,0.45,0.31446775346227107,5008.0,0.55,0.5791532300551139,3853.0,Do_Not_Divert,-1.205007018811163,Divert,-0.44999999999999996,Divert,-0.4208467699448861
PSU,004,Human_Single,Sample-Exam-1,2,1,157186.0,1,1.0,0.36075221000434965,3,0,NaN,NaN,Aggressive,0.2,0.5,31543.0,0.5,0.35,24897.0,0.67,0.35,53103.0,0.62,0.21212121212121207,18205.0,Divert,-0.38,Divert,-0.38,Do_Not_Divert,-0.17722445999446404
PSU,004,Human_Single,Sample-Exam-1,2,2,166421.0,1,0.4,0.1810844041417523,4,1,15163.0,Aggressive,Aggressive,0.5,0.8,12215.0,0.8,0.7142857142857144,26224.0,0.67,0.28571428571428575,89856.0,0.67,0.5454545454545453,12309.0,Divert,-0.32999999999999996,Divert,-0.32999999999999996,Divert,-0.4545454545454547
PSU,004,Human_Single,Sample-Exam-1,2,3,104302.0,1,0.4,0.15371121314168168,4,0,7847.0,Aggressive,Aggressive,0.5,0.8,13681.0,0.8,0.7325688073394495,25069.0,0.67,0.2930275229357798,38267.0,0.6,0.17166505428356443,7129.0,Divert,-0.4,Divert,-0.4,Do_Not_Divert,-0.4755654671505831
PSU,004,Human_Single,Sample-Exam-1,2,4,107266.0,1,0.4,0.12182914271120526,4,1,7598.0,Aggressive,Aggressive,0.5,0.8,13057.0,0.8,0.7528255528255529,20343.0,0.67,0.30113022113022114,37331.0,0.67,0.5638226093357049,9578.0,Divert,-0.32999999999999996,Divert,-0.32999999999999996,Divert,-0.43617739066429506
PSU,004,Human_Single,Sample-Exam-1,2,5,149214.0,1,0.4,0.30841114769090794,4,1,27284.0,Aggressive,Aggressive,0.3,0.6,29001.0,0.8,0.5683153305125683,12215.0,0.67,0.22732613220502734,10031.0,0.67,0.46882572096477193,54678.0,Divert,-0.32999999999999996,Divert,-0.32999999999999996,Divert,-0.5311742790352281
PSU,004,Human_Single,Sample-Exam-1,2,6,99809.0,1,0.4,0.28473653096329843,4,0,10046.0,Aggressive,Aggressive,0.3,0.6,5476.0,0.8,0.5827715775895911,13744.0,0.67,0.23310863103583646,46613.0,0.6,0.13193150135341705,6662.0,Divert,-0.4,Divert,-0.4,Do_Not_Divert,-0.22720026125245474
PSU,004,Human_Single,Sample-Exam-1,2,7,189447.0,1,0.7,0.27719619931674233,3,1,8502.0,Aggressive,Aggressive,0.2,0.5,31200.0,0.5,0.47071286344268193,26380.0,0.57,0.32949900440987734,102991.0,0.58,0.595839782793271,8596.0,Divert,-0.42000000000000004,Divert,-0.42000000000000004,Divert,-0.404160217206729
PSU,004,Human_Single,Sample-Exam-1,2,8,104208.0,1,0.9,0.38297693791265164,3,1,7800.0,Aggressive,Aggressive,0.2,0.5,16926.0,0.5,0.45713738595506287,24850.0,0.63,0.4114236473595566,36894.0,0.61,0.6771115417371597,9500.0,Divert,-0.39,Divert,-0.39,Divert,-0.3228884582628403
PSU,004,Human_Single,Sample-Exam-1,2,9,81027.0,1,0.4,0.15054125592547885,4,0,12948.0,Aggressive,Aggressive,0.5,0.8,6193.0,0.8,0.7794495786430884,12012.0,0.67,0.31177983145723537,34132.0,0.6,0.1846796035651896,5351.0,Divert,-0.4,Divert,-0.4,Do_Not_Divert,-0.516303218544573
PSU,004,Human_Single,Sample-Exam-1,2,10,67049.0,1,0.4,0.22613476845200842,4,1,13962.0,Aggressive,Aggressive,0.5,0.8,5054.0,0.8,0.7861693836556776,8533.0,0.67,0.31446775346227107,19843.0,0.67,0.5791532300551139,7816.0,Divert,-0.32999999999999996,Divert,-0.32999999999999996,Divert,-0.4208467699448861
PSU,005,Human_Single,Sample-Exam-1,2,1,1354976.0,1,1.0,0.36075221000434965,3,0,NaN,NaN,Aggressive,0.2,0.5,558264.0,0.5,0.35,7559.0,0.5,0.35,10000.0,0.4,0.21212121212121207,12485.0,Do_Not_Divert,-0.33419469598956086,Do_Not_Divert,-0.33419469598956086,Do_Not_Divert,-0.17722445999446404
PSU,005,Human_Single,Sample-Exam-1,2,2,72937.0,1,0.4,0.1810844041417523,4,1,12149.0,Aggressive,Aggressive,0.5,0.8,15523.0,0.8,0.7142857142857144,12980.0,0.6,0.28571428571428575,7052.0,0.6,0.5454545454545453,9247.0,Divert,-0.4,Divert,-0.4,Divert,-0.4545454545454547
PSU,005,Human_Single,Sample-Exam-1,2,3,64365.0,1,0.4,0.15371121314168168,4,0,3724.0,Aggressive,Aggressive,0.5,0.8,17559.0,0.8,0.7325688073394495,5995.0,0.6,0.2930275229357798,5760.0,0.4,0.17166505428356443,10168.0,Do_Not_Divert,-1.1081241179466186,Divert,-0.6,Do_Not_Divert,-0.4755654671505831
PSU,005,Human_Single,Sample-Exam-1,2,4,51588.0,1,0.4,0.12182914271120526,4,1,3544.0,Aggressive,Aggressive,0.5,0.8,9921.0,0.8,0.7528255528255529,7660.0,0.6,0.30113022113022114,9450.0,0.6,0.5638226093357049,10169.0,Divert,-0.4,Divert,-0.4,Divert,-0.43617739066429506
PSU,005,Human_Single,Sample-Exam-1,2,5,78426.0,1,0.4,0.30841114769090794,4,1,2823.0,Aggressive,Aggressive,0.3,0.6,9324.0,0.6,0.5683153305125683,28065.0,0.5,0.22732613220502734,11091.0,0.6,0.46882572096477193,11731.0,Divert,-0.4,Divert,-0.4,Divert,-0.5311742790352281
PSU,005,Human_Single,Sample-Exam-1,2,6,62880.0,1,0.4,0.28473653096329843,4,0,2720.0,Aggressive,Aggressive,0.3,0.6,10024.0,0.6,0.5827715775895911,5737.0,0.5,0.23310863103583646,6479.0,0.4,0.13193150135341705,26153.0,Do_Not_Divert,-0.688843100917445,Divert,-0.6,Do_Not_Divert,-0.22720026125245474
PSU,005,Human_Single,Sample-Exam-1,2,7,58752.0,1,0.7,0.27719619931674233,3,1,3510.0,Aggressive,Aggressive,0.2,0.5,8369.0,0.5,0.47071286344268193,8549.0,0.6,0.32949900440987734,7604.0,0.6,0.595839782793271,18210.0,Divert,-0.4,Divert,-0.4,Divert,-0.404160217206729
PSU,005,Human_Single,Sample-Exam-1,2,8,42623.0,1,0.9,0.38297693791265164,3,1,2699.0,Aggressive,Aggressive,0.2,0.5,8674.0,0.5,0.45713738595506287,7323.0,0.7,0.4114236473595566,5333.0,0.6,0.6771115417371597,8199.0,Divert,-0.4,Divert,-0.4,Divert,-0.3228884582628403
PSU,005,Human_Single,Sample-Exam-1,2,9,42407.0,1,0.4,0.15054125592547885,4,0,3328.0,Aggressive,Aggressive,0.5,0.8,7684.0,0.8,0.7794495786430884,6378.0,0.6,0.31177983145723537,5230.0,0.4,0.1846796035651896,3870.0,Do_Not_Divert,-1.1182679810384677,Divert,-0.6,Do_Not_Divert,-0.516303218544573
PSU,005,Human_Single,Sample-Exam-1,2,10,32408.0,1,0.4,0.22613476845200842,4,1,4927.0,Aggressive,Aggressive,0.5,0.8,7885.0,0.8,0.7861693836556776,4735.0,0.6,0.31446775346227107,4680.0,0.6,0.5791532300551139,2847.0,Divert,-0.4,Divert,-0.4,Divert,-0.4208467699448861
PSU,006,Human_Single,Sample-Exam-1,2,1,65676.0,1,1.0,0.36075221000434965,3,0,NaN,NaN,Aggressive,0.2,0.5,14118.0,0.2,0.35,6349.0,0.6,0.35,11731.0,0.6,0.21212121212121207,17862.0,Divert,-0.4,Divert,-0.4,Do_Not_Divert,-0.17722445999446404
PSU,006,Human_Single,Sample-Exam-1,2,2,61199.0,1,0.4,0.1810844041417523,4,1,13260.0,Passive,Aggressive,0.5,0.8,9032.0,0.5,0.7142857142857144,5007.0,0.45,0.28571428571428575,6209.0,0.6,0.5454545454545453,18579.0,Do_Not_Divert,-1.5307948601195889,Divert,-0.4,Divert,-0.4545454545454547
PSU,006,Human_Single,Sample-Exam-1,2,3,41621.0,1,0.4,0.15371121314168168,4,0,6989.0,Passive,Aggressive,0.5,0.8,11669.0,0.5,0.7325688073394495,3572.0,0.45,0.2930275229357798,5288.0,0.4,0.17166505428356443,6739.0,Do_Not_Divert,-1.1081241179466186,Divert,-0.6,Do_Not_Divert,-0.4755654671505831
PSU,006,Human_Single,Sample-Exam-1,2,4,45380.0,1,0.4,0.12182914271120526,4,1,4805.0,Aggressive,Aggressive,0.5,0.8,10717.0,0.8,0.7528255528255529,7098.0,0.6,0.30113022113022114,5242.0,0.6,0.5638226093357049,8268.0,Divert,-0.4,Divert,-0.4,Divert,-0.43617739066429506
PSU,006,Human_Single,Sample-Exam-1,2,5,60887.0,1,0.4,0.30841114769090794,4,1,3307.0,Aggressive,Aggressive,0.3,0.6,10000.0,0.5,0.5683153305125683,4914.0,0.45,0.22732613220502734,10935.0,0.6,0.46882572096477193,12512.0,Do_Not_Divert,-0.9196264910836418,Divert,-0.4,Divert,-0.5311742790352281
PSU,006,Human_Single,Sample-Exam-1,2,6,57549.0,1,0.4,0.28473653096329843,4,0,7176.0,Aggressive,Aggressive,0.3,0.6,11217.0,0.6,0.5827715775895911,4977.0,0.5,0.23310863103583646,18034.0,0.4,0.13193150135341705,7129.0,Do_Not_Divert,-0.688843100917445,Divert,-0.6,Do_Not_Divert,-0.22720026125245474
PSU,006,Human_Single,Sample-Exam-1,2,7,49764.0,1,0.7,0.27719619931674233,3,1,2590.0,Aggressive,Aggressive,0.2,0.5,17378.0,0.5,0.47071286344268193,3167.0,0.6,0.32949900440987734,13073.0,0.6,0.595839782793271,6162.0,Divert,-0.4,Divert,-0.4,Divert,-0.404160217206729
PSU,006,Human_Single,Sample-Exam-1,2,8,54725.0,1,0.9,0.38297693791265164,3,1,3136.0,Aggressive,Aggressive,0.2,0.5,14555.0,0.5,0.45713738595506287,11232.0,0.7,0.4114236473595566,7347.0,0.6,0.6771115417371597,5304.0,Do_Not_Divert,-0.42128302351445407,Divert,-0.4,Divert,-0.3228884582628403
PSU,006,Human_Single,Sample-Exam-1,2,9,40887.0,1,0.4,0.15054125592547885,4,0,3042.0,Aggressive,Aggressive,0.5,0.8,10951.0,0.8,0.7794495786430884,3198.0,0.6,0.31177983145723537,7925.0,0.6,0.1846796035651896,2964.0,Divert,-0.4,Divert,-0.4,Do_Not_Divert,-0.516303218544573
PSU,006,Human_Single,Sample-Exam-1,2,10,33868.0,1,0.4,0.22613476845200842,4,1,1888.0,Aggressive,Aggressive,0.5,0.8,7425.0,0.8,0.7861693836556776,3635.0,0.6,0.31446775346227107,6022.0,0.6,0.5791532300551139,3448.0,Divert,-0.4,Divert,-0.4,Divert,-0.4208467699448861
PSU,007,Human_Single,Sample-Exam-1,2,1,140385.0,1,1.0,0.36075221000434965,3,0,NaN,NaN,Aggressive,0.2,0.5,20108.0,0.35,0.35,17207.0,0.35,0.35,54288.0,0.3,0.21212121212121207,24024.0,Do_Not_Divert,-0.2506460219921706,Do_Not_Divert,-0.2506460219921706,Do_Not_Divert,-0.17722445999446404
PSU,007,Human_Single,Sample-Exam-1,2,2,103584.0,1,0.4,0.1810844041417523,4,1,25225.0,Aggressive,Aggressive,0.5,0.8,7597.0,0.85,0.7142857142857144,11294.0,0.45,0.28571428571428575,22168.0,0.6,0.5454545454545453,5054.0,Divert,-0.4,Divert,-0.4,Divert,-0.4545454545454547
PSU,007,Human_Single,Sample-Exam-1,2,3,95176.0,1,0.4,0.15371121314168168,4,0,22948.0,Aggressive,Aggressive,0.5,0.8,5101.0,0.85,0.7325688073394495,9844.0,0.5,0.2930275229357798,8143.0,0.4,0.17166505428356443,3744.0,Do_Not_Divert,-1.1081241179466186,Divert,-0.6,Do_Not_Divert,-0.4755654671505831
PSU,007,Human_Single,Sample-Exam-1,2,4,68219.0,1,0.4,0.12182914271120526,4,1,5990.0,Aggressive,Aggressive,0.5,0.8,23619.0,0.85,0.7528255528255529,4961.0,0.5,0.30113022113022114,8190.0,0.65,0.5638226093357049,3853.0,Divert,-0.35,Divert,-0.35,Divert,-0.43617739066429506
PSU,007,Human_Single,Sample-Exam-1,2,5,98655.0,1,0.4,0.30841114769090794,4,1,4680.0,Aggressive,Aggressive,0.3,0.6,16785.0,0.55,0.5683153305125683,7676.0,0.3,0.22732613220502734,46192.0,0.45,0.46882572096477193,7379.0,Do_Not_Divert,-0.6897198683127315,Divert,-0.55,Divert,-0.5311742790352281
PSU,007,Human_Single,Sample-Exam-1,2,6,120572.0,1,0.4,0.28473653096329843,4,0,13260.0,Aggressive,Aggressive,0.3,0.6,15163.0,0.65,0.5827715775895911,21653.0,0.35,0.23310863103583646,42885.0,0.3,0.13193150135341705,4274.0,Do_Not_Divert,-0.5166323256880837,Do_Not_Divert,-0.5166323256880837,Do_Not_Divert,-0.22720026125245474
PSU,007,Human_Single,Sample-Exam-1,2,7,76097.0,1,0.7,0.27719619931674233,3,1,9313.0,Aggressive,Aggressive,0.2,0.5,5023.0,0.5,0.47071286344268193,9859.0,0.4,0.32949900440987734,14055.0,0.65,0.595839782793271,15257.0,Divert,-0.35,Divert,-0.35,Divert,-0.404160217206729
PSU,007,Human_Single,Sample-Exam-1,2,8,70044.0,1,0.9,0.38297693791265164,3,1,13182.0,Aggressive,Aggressive,0.2,0.5,3978.0,0.4,0.45713738595506287,7004.0,0.35,0.4114236473595566,21918.0,0.5,0.6771115417371597,8222.0,Do_Not_Divert,-0.3510691862620451,Do_Not_Divert,-0.3510691862620451,Divert,-0.3228884582628403
PSU,007,Human_Single,Sample-Exam-1,2,9,84443.0,1,0.4,0.15054125592547885,4,0,8985.0,Aggressive,Aggressive,0.5,0.8,32339.0,0.9,0.7794495786430884,4509.0,0.55,0.31177983145723537,5585.0,0.5,0.1846796035651896,19765.0,Divert,-0.5,Divert,-0.5,Do_Not_Divert,-0.516303218544573
PSU,007,Human_Single,Sample-Exam-1,2,10,99934.0,1,0.4,0.22613476845200842,4,1,16411.0,Aggressive,Aggressive,0.5,0.8,30467.0,0.8,0.7861693836556776,11248.0,0.35,0.31446775346227107,18845.0,0.45,0.5791532300551139,5865.0,Do_Not_Divert,-0.9859148335727698,Divert,-0.55,Divert,-0.4208467699448861
PSU,008,Human_Single,Sample-Exam-1,2,1,101447.0,1,1.0,0.36075221000434965,3,0,NaN,NaN,Aggressive,0.2,0.5,32198.0,0.7,0.35,6146.0,0.8,0.35,17940.0,0.7,0.21212121212121207,12058.0,Do_Not_Divert,-0.5848407179817314,Divert,-0.30000000000000004,Do_Not_Divert,-0.17722445999446404
PSU,008,Human_Single,Sample-Exam-1,2,2,71276.0,1,0.4,0.1810844041417523,4,1,19578.0,Aggressive,Aggressive,0.5,0.8,8190.0,0.7,0.7142857142857144,3853.0,0.6,0.28571428571428575,5366.0,0.8,0.5454545454545453,14368.0,Divert,-0.19999999999999996,Divert,-0.19999999999999996,Divert,-0.4545454545454547
PSU,008,Human_Single,Sample-Exam-1,2,3,67424.0,1,0.4,0.15371121314168168,4,0,21809.0,Aggressive,Aggressive,0.5,0.8,9017.0,0.66,0.7325688073394495,4899.0,0.4,0.2930275229357798,5304.0,0.5,0.17166505428356443,18096.0,Divert,-0.5,Divert,-0.5,Do_Not_Divert,-0.4755654671505831
PSU,008,Human_Single,Sample-Exam-1,2,4,50747.0,1,0.4,0.12182914271120526,4,1,10951.0,Aggressive,Aggressive,0.5,0.8,4337.0,0.8,0.7528255528255529,3978.0,0.5,0.30113022113022114,4274.0,0.8,0.5638226093357049,17441.0,Divert,-0.19999999999999996,Divert,-0.19999999999999996,Divert,-0.43617739066429506
PSU,008,Human_Single,Sample-Exam-1,2,5,40060.0,1,0.4,0.30841114769090794,4,1,7457.0,Passive,Aggressive,0.3,0.6,10405.0,0.5,0.5683153305125683,4820.0,0.5,0.22732613220502734,3525.0,0.6,0.46882572096477193,4181.0,Do_Not_Divert,-0.9196264910836418,Divert,-0.4,Divert,-0.5311742790352281
PSU,008,Human_Single,Sample-Exam-1,2,6,49109.0,1,0.4,0.28473653096329843,4,0,7488.0,Aggressive,Aggressive,0.3,0.6,9828.0,0.6,0.5827715775895911,3308.0,0.5,0.23310863103583646,15226.0,0.2,0.13193150135341705,5600.0,Do_Not_Divert,-0.3444215504587225,Do_Not_Divert,-0.3444215504587225,Do_Not_Divert,-0.22720026125245474
PSU,008,Human_Single,Sample-Exam-1,2,7,61106.0,1,0.7,0.27719619931674233,3,1,10296.0,Aggressive,Aggressive,0.2,0.5,6833.0,0.6,0.47071286344268193,4306.0,0.66,0.32949900440987734,8175.0,0.77,0.595839782793271,18236.0,Divert,-0.22999999999999998,Divert,-0.22999999999999998,Divert,-0.404160217206729
PSU,008,Human_Single,Sample-Exam-1,2,8,51651.0,1,0.9,0.38297693791265164,3,1,7207.0,Aggressive,Aggressive,0.2,0.5,14243.0,0.2,0.45713738595506287,3604.0,0.8,0.4114236473595566,6974.0,0.6,0.6771115417371597,7846.0,Do_Not_Divert,-0.42128302351445407,Divert,-0.4,Divert,-0.3228884582628403
PSU,008,Human_Single,Sample-Exam-1,2,9,34320.0,1,0.4,0.15054125592547885,4,0,5507.0,Aggressive,Aggressive,0.5,0.8,8393.0,0.8,0.7794495786430884,3401.0,0.6,0.31177983145723537,3993.0,0.6,0.1846796035651896,6490.0,Divert,-0.4,Divert,-0.4,Do_Not_Divert,-0.516303218544573
PSU,008,Human_Single,Sample-Exam-1,2,10,45350.0,1,0.4,0.22613476845200842,4,1,7831.0,Aggressive,Aggressive,0.5,0.8,3682.0,0.7,0.7861693836556776,4196.0,0.7,0.31446775346227107,3713.0,0.8,0.5791532300551139,19749.0,Divert,-0.19999999999999996,Divert,-0.19999999999999996,Divert,-0.4208467699448861
PSU,009,Human_Single,Sample-Exam-1,2,1,150649.0,1,1.0,0.36075221000434965,3,0,NaN,NaN,Aggressive,0.2,0.5,50107.0,0.5,0.35,5367.0,0.7,0.35,55270.0,0.5,0.21212121212121207,20530.0,Do_Not_Divert,-0.41774336998695105,Do_Not_Divert,-0.41774336998695105,Do_Not_Divert,-0.17722445999446404
PSU,009,Human_Single,Sample-Exam-1,2,2,60029.0,1,0.4,0.1810844041417523,4,1,15304.0,Aggressive,Aggressive,0.5,0.8,7441.0,0.8,0.7142857142857144,3026.0,0.5,0.28571428571428575,17191.0,0.5,0.5454545454545453,8487.0,Do_Not_Divert,-1.2756623834329908,Divert,-0.5,Divert,-0.4545454545454547
PSU,009,Human_Single,Sample-Exam-1,2,3,66706.0,1,0.4,0.15371121314168168,4,0,3369.0,Aggressive,Aggressive,0.5,0.8,7925.0,0.8,0.7325688073394495,4556.0,0.6,0.2930275229357798,7192.0,0.4,0.17166505428356443,27877.0,Divert,-0.6,Divert,-0.6,Do_Not_Divert,-0.4755654671505831
PSU,009,Human_Single,Sample-Exam-1,2,4,38813.0,1,0.4,0.12182914271120526,4,1,7051.0,Aggressive,Aggressive,0.5,0.8,4508.0,0.8,0.7528255528255529,6646.0,0.85,0.30113022113022114,7379.0,0.85,0.5638226093357049,3588.0,Divert,-0.15000000000000002,Divert,-0.15000000000000002,Divert,-0.43617739066429506
PSU,009,Human_Single,Sample-Exam-1,2,5,37752.0,1,0.4,0.30841114769090794,4,1,3931.0,Aggressive,Aggressive,0.3,0.6,4150.0,0.8,0.5683153305125683,6459.0,0.85,0.22732613220502734,10109.0,0.85,0.46882572096477193,3572.0,Divert,-0.15000000000000002,Divert,-0.15000000000000002,Divert,-0.5311742790352281
PSU,009,Human_Single,Sample-Exam-1,2,6,34991.0,1,0.4,0.28473653096329843,4,0,4571.0,Aggressive,Aggressive,0.3,0.6,7285.0,0.8,0.5827715775895911,9329.0,0.85,0.23310863103583646,3869.0,0.85,0.13193150135341705,3728.0,Divert,-0.15000000000000002,Divert,-0.15000000000000002,Do_Not_Divert,-0.22720026125245474
PSU,009,Human_Single,Sample-Exam-1,2,7,66768.0,1,0.7,0.27719619931674233,3,1,6256.0,Aggressive,Aggressive,0.2,0.5,9469.0,0.5,0.47071286344268193,5054.0,0.6,0.32949900440987734,6271.0,0.6,0.595839782793271,23525.0,Do_Not_Divert,-0.8020936824597276,Divert,-0.4,Divert,-0.404160217206729
PSU,009,Human_Single,Sample-Exam-1,2,8,48859.0,1,0.9,0.38297693791265164,3,1,8252.0,Aggressive,Aggressive,0.2,0.5,14493.0,0.5,0.45713738595506287,7036.0,0.6,0.4114236473595566,7051.0,0.7,0.6771115417371597,4977.0,Divert,-0.30000000000000004,Divert,-0.30000000000000004,Divert,-0.3228884582628403
PSU,009,Human_Single,Sample-Exam-1,2,9,32651.0,1,0.4,0.15054125592547885,4,0,3057.0,Aggressive,Aggressive,0.5,0.8,5601.0,0.8,0.7794495786430884,5319.0,0.8,0.31177983145723537,4072.0,0.8,0.1846796035651896,3463.0,Divert,-0.19999999999999996,Divert,-0.19999999999999996,Do_Not_Divert,-0.516303218544573
PSU,009,Human_Single,Sample-Exam-1,2,10,28688.0,1,0.4,0.22613476845200842,4,1,3853.0,Aggressive,Aggressive,0.5,0.8,7644.0,0.8,0.7861693836556776,3541.0,0.8,0.31446775346227107,4961.0,0.85,0.5791532300551139,3276.0,Divert,-0.15000000000000002,Divert,-0.15000000000000002,Divert,-0.4208467699448861
PSU,010,Human_Single,Sample-Exam-1,2,1,48969.0,1,1.0,0.36075221000434965,3,0,NaN,NaN,Aggressive,0.2,0.5,21388.0,0.3,0.35,3651.0,1.0,0.35,4727.0,0.4,0.21212121212121207,12979.0,Do_Not_Divert,-0.33419469598956086,Do_Not_Divert,-0.33419469598956086,Do_Not_Divert,-0.17722445999446404
PSU,010,Human_Single,Sample-Exam-1,2,2,74006.0,1,0.4,0.1810844041417523,4,1,10358.0,Aggressive,Aggressive,0.5,0.8,8939.0,0.25,0.7142857142857144,13853.0,0.35,0.28571428571428575,26099.0,0.6,0.5454545454545453,9703.0,Divert,-0.4,Divert,-0.4,Divert,-0.4545454545454547
PSU,010,Human_Single,Sample-Exam-1,2,3,54585.0,1,0.4,0.15371121314168168,4,0,7238.0,Passive,Aggressive,0.5,0.8,20764.0,0.35,0.7325688073394495,2527.0,0.4,0.2930275229357798,6302.0,0.4,0.17166505428356443,5569.0,Do_Not_Divert,-1.1081241179466186,Divert,-0.6,Do_Not_Divert,-0.4755654671505831
PSU,010,Human_Single,Sample-Exam-1,2,4,45271.0,1,0.4,0.12182914271120526,4,1,3526.0,Passive,Aggressive,0.5,0.8,17643.0,0.5,0.7528255528255529,2590.0,0.4,0.30113022113022114,7457.0,0.4,0.5638226093357049,5647.0,Do_Not_Divert,-1.2101467433241433,Divert,-0.6,Divert,-0.43617739066429506
PSU,010,Human_Single,Sample-Exam-1,2,5,41450.0,1,0.4,0.30841114769090794,4,1,2637.0,Aggressive,Aggressive,0.3,0.6,21107.0,0.3,0.5683153305125683,2449.0,0.4,0.22732613220502734,5211.0,0.6,0.46882572096477193,4040.0,Do_Not_Divert,-0.9196264910836418,Divert,-0.4,Divert,-0.5311742790352281
PSU,010,Human_Single,Sample-Exam-1,2,6,34288.0,1,0.4,0.28473653096329843,4,0,2840.0,Aggressive,Aggressive,0.3,0.6,9781.0,0.6,0.5827715775895911,6271.0,0.4,0.23310863103583646,5039.0,0.4,0.13193150135341705,5444.0,Divert,-0.6,Divert,-0.6,Do_Not_Divert,-0.22720026125245474
PSU,010,Human_Single,Sample-Exam-1,2,7,34055.0,1,0.7,0.27719619931674233,3,1,3151.0,Passive,Aggressive,0.2,0.5,8705.0,0.2,0.47071286344268193,2574.0,0.7,0.32949900440987734,5834.0,0.6,0.595839782793271,6380.0,Do_Not_Divert,-0.8020936824597276,Divert,-0.4,Divert,-0.404160217206729
PSU,010,Human_Single,Sample-Exam-1,2,8,40092.0,1,0.9,0.38297693791265164,3,1,3853.0,Passive,Aggressive,0.2,0.5,7909.0,0.2,0.45713738595506287,2855.0,0.9,0.4114236473595566,5398.0,0.6,0.6771115417371597,12839.0,Do_Not_Divert,-0.42128302351445407,Divert,-0.4,Divert,-0.3228884582628403
PSU,010,Human_Single,Sample-Exam-1,2,9,38392.0,1,0.4,0.15054125592547885,4,0,4539.0,Aggressive,Aggressive,0.5,0.8,16349.0,0.8,0.7794495786430884,3120.0,0.4,0.31177983145723537,4805.0,0.4,0.1846796035651896,4680.0,Divert,-0.6,Divert,-0.6,Do_Not_Divert,-0.516303218544573
PSU,010,Human_Single,Sample-Exam-1,2,10,38064.0,1,0.4,0.22613476845200842,4,1,2730.0,Aggressive,Aggressive,0.5,0.8,9002.0,0.8,0.7861693836556776,4166.0,0.4,0.31446775346227107,10327.0,0.6,0.5791532300551139,7332.0,Do_Not_Divert,-1.3145531114303595,Divert,-0.4,Divert,-0.4208467699448861
PSU,011,Human_Single,Sample-Exam-1,2,1,92118.0,1,1.0,0.36075221000434965,3,0,NaN,NaN,Aggressive,0.2,0.5,20748.0,0.7,0.35,9328.0,0.8,0.35,34975.0,0.45,0.21212121212121207,14726.0,Do_Not_Divert,-0.37596903298825596,Do_Not_Divert,-0.37596903298825596,Do_Not_Divert,-0.17722445999446404
PSU,011,Human_Single,Sample-Exam-1,2,2,79919.0,1,0.4,0.1810844041417523,4,1,12668.0,Aggressive,Aggressive,0.5,0.8,18002.0,0.5,0.7142857142857144,13526.0,0.3,0.28571428571428575,18408.0,0.6,0.5454545454545453,4805.0,Do_Not_Divert,-1.5307948601195889,Divert,-0.4,Divert,-0.4545454545454547
PSU,011,Human_Single,Sample-Exam-1,2,3,66472.0,1,0.4,0.15371121314168168,4,0,4087.0,Aggressive,Aggressive,0.5,0.8,16130.0,0.6,0.7325688073394495,7347.0,0.55,0.2930275229357798,24570.0,0.4,0.17166505428356443,5148.0,Divert,-0.6,Divert,-0.6,Do_Not_Divert,-0.4755654671505831
PSU,011,Human_Single,Sample-Exam-1,2,4,106579.0,1,0.4,0.12182914271120526,4,1,5148.0,Aggressive,Aggressive,0.5,0.8,15459.0,0.6,0.7528255528255529,52166.0,0.5,0.30113022113022114,16754.0,0.75,0.5638226093357049,3214.0,Divert,-0.25,Divert,-0.25,Divert,-0.43617739066429506
PSU,011,Human_Single,Sample-Exam-1,2,5,79295.0,1,0.4,0.30841114769090794,4,1,13806.0,Passive,Aggressive,0.3,0.6,21512.0,0.3,0.5683153305125683,10171.0,0.4,0.22732613220502734,20530.0,0.7,0.46882572096477193,4711.0,Divert,-0.30000000000000004,Divert,-0.30000000000000004,Divert,-0.5311742790352281
PSU,011,Human_Single,Sample-Exam-1,2,6,66456.0,1,0.4,0.28473653096329843,4,0,4321.0,Passive,Aggressive,0.3,0.6,11045.0,0.45,0.5827715775895911,27066.0,0.65,0.23310863103583646,12855.0,0.55,0.13193150135341705,3135.0,Do_Not_Divert,-0.947159263761487,Divert,-0.44999999999999996,Do_Not_Divert,-0.22720026125245474
PSU,011,Human_Single,Sample-Exam-1,2,7,115721.0,1,0.7,0.27719619931674233,3,1,5320.0,Passive,Aggressive,0.2,0.5,15912.0,0.25,0.47071286344268193,22261.0,0.8,0.32949900440987734,54350.0,0.8,0.595839782793271,3448.0,Do_Not_Divert,-1.069458243279637,Divert,-0.19999999999999996,Divert,-0.404160217206729
PSU,011,Human_Single,Sample-Exam-1,2,8,68843.0,1,0.9,0.38297693791265164,3,1,2012.0,Passive,Aggressive,0.2,0.5,14071.0,0.35,0.45713738595506287,29406.0,0.3,0.4114236473595566,12215.0,0.87,0.6771115417371597,2901.0,Do_Not_Divert,-0.6108603840959584,Divert,-0.13,Divert,-0.3228884582628403
PSU,011,Human_Single,Sample-Exam-1,2,9,42573.0,1,0.4,0.15054125592547885,4,0,6271.0,Passive,Aggressive,0.5,0.8,7504.0,0.35,0.7794495786430884,6942.0,0.55,0.31177983145723537,8299.0,0.4,0.1846796035651896,4820.0,Do_Not_Divert,-1.1182679810384677,Divert,-0.6,Do_Not_Divert,-0.516303218544573
PSU,011,Human_Single,Sample-Exam-1,2,10,89918.0,1,0.4,0.22613476845200842,4,1,3448.0,Aggressive,Aggressive,0.5,0.8,23883.0,0.65,0.7861693836556776,13977.0,0.4,0.31446775346227107,32011.0,0.6,0.5791532300551139,3245.0,Do_Not_Divert,-1.3145531114303595,Divert,-0.4,Divert,-0.4208467699448861
PSU,012,Human_Single,Sample-Exam-1,2,1,96580.0,1,1.0,0.36075221000434965,3,0,NaN,NaN,Aggressive,0.2,0.5,20873.0,0.5,0.35,10749.0,0.75,0.35,32120.0,0.4,0.21212121212121207,20733.0,Do_Not_Divert,-0.33419469598956086,Do_Not_Divert,-0.33419469598956086,Do_Not_Divert,-0.17722445999446404
PSU,012,Human_Single,Sample-Exam-1,2,2,86502.0,1,0.4,0.1810844041417523,4,1,24710.0,Aggressive,Aggressive,0.5,0.8,29484.0,0.8,0.7142857142857144,7254.0,0.6,0.28571428571428575,9906.0,0.6,0.5454545454545453,3682.0,Divert,-0.4,Divert,-0.4,Divert,-0.4545454545454547
PSU,012,Human_Single,Sample-Exam-1,2,3,98374.0,1,0.4,0.15371121314168168,4,0,20717.0,Aggressive,Aggressive,0.5,0.8,35958.0,0.8,0.7325688073394495,4711.0,0.6,0.2930275229357798,11528.0,0.4,0.17166505428356443,3604.0,Do_Not_Divert,-1.1081241179466186,Divert,-0.6,Do_Not_Divert,-0.4755654671505831
PSU,012,Human_Single,Sample-Exam-1,2,4,128669.0,1,0.4,0.12182914271120526,4,1,13821.0,Aggressive,Aggressive,0.5,0.8,59530.0,0.8,0.7528255528255529,3994.0,0.6,0.30113022113022114,11856.0,0.6,0.5638226093357049,13151.0,Divert,-0.4,Divert,-0.4,Divert,-0.43617739066429506
PSU,012,Human_Single,Sample-Exam-1,2,5,54897.0,1,0.4,0.30841114769090794,4,1,11482.0,Aggressive,Aggressive,0.3,0.6,7503.0,0.8,0.5683153305125683,2964.0,0.6,0.22732613220502734,16567.0,0.6,0.46882572096477193,7675.0,Divert,-0.4,Divert,-0.4,Divert,-0.5311742790352281
PSU,012,Human_Single,Sample-Exam-1,2,6,108841.0,1,0.4,0.28473653096329843,4,0,63196.0,Aggressive,Aggressive,0.3,0.6,5772.0,0.6,0.5827715775895911,4633.0,0.5,0.23310863103583646,9063.0,0.4,0.13193150135341705,20936.0,Do_Not_Divert,-0.688843100917445,Divert,-0.6,Do_Not_Divert,-0.22720026125245474
PSU,012,Human_Single,Sample-Exam-1,2,7,52681.0,1,0.7,0.27719619931674233,3,1,15319.0,Aggressive,Aggressive,0.2,0.5,8252.0,0.5,0.47071286344268193,4930.0,0.6,0.32949900440987734,5414.0,0.6,0.595839782793271,3728.0,Divert,-0.4,Divert,-0.4,Divert,-0.404160217206729
PSU,012,Human_Single,Sample-Exam-1,2,8,76207.0,1,0.9,0.38297693791265164,3,1,36582.0,Aggressive,Aggressive,0.2,0.5,4727.0,0.5,0.45713738595506287,9907.0,0.7,0.4114236473595566,5382.0,0.6,0.6771115417371597,3448.0,Divert,-0.4,Divert,-0.4,Divert,-0.3228884582628403
PSU,012,Human_Single,Sample-Exam-1,2,9,47673.0,1,0.4,0.15054125592547885,4,0,6677.0,Aggressive,Aggressive,0.5,0.8,7753.0,0.8,0.7794495786430884,3323.0,0.6,0.31177983145723537,11669.0,0.4,0.1846796035651896,3354.0,Do_Not_Divert,-1.1182679810384677,Divert,-0.6,Do_Not_Divert,-0.516303218544573
PSU,012,Human_Single,Sample-Exam-1,2,10,75785.0,1,0.4,0.22613476845200842,4,1,37409.0,Aggressive,Aggressive,0.5,0.8,4290.0,0.8,0.7861693836556776,6193.0,0.6,0.31446775346227107,5975.0,0.6,0.5791532300551139,4789.0,Divert,-0.4,Divert,-0.4,Divert,-0.4208467699448861
PSU,013,Human_Single,Sample-Exam-1,2,1,66721.0,1,1.0,0.36075221000434965,3,0,NaN,NaN,Aggressive,0.2,0.5,19875.0,0.35,0.35,6302.0,0.2,0.35,6365.0,0.4,0.21212121212121207,17722.0,Do_Not_Divert,-0.33419469598956086,Do_Not_Divert,-0.33419469598956086,Do_Not_Divert,-0.17722445999446404
PSU,013,Human_Single,Sample-Exam-1,2,2,54632.0,1,0.4,0.1810844041417523,4,1,7098.0,Aggressive,Aggressive,0.5,0.8,10093.0,0.8,0.7142857142857144,4477.0,0.6,0.28571428571428575,5179.0,0.6,0.5454545454545453,13479.0,Do_Not_Divert,-1.5307948601195889,Divert,-0.4,Divert,-0.4545454545454547
PSU,013,Human_Single,Sample-Exam-1,2,3,50201.0,1,0.4,0.15371121314168168,4,0,3947.0,Aggressive,Aggressive,0.5,0.8,11981.0,0.8,0.7325688073394495,3712.0,0.6,0.2930275229357798,4758.0,0.4,0.17166505428356443,13026.0,Divert,-0.6,Divert,-0.6,Do_Not_Divert,-0.4755654671505831
PSU,013,Human_Single,Sample-Exam-1,2,4,45021.0,1,0.4,0.12182914271120526,4,1,1529.0,Aggressive,Aggressive,0.5,0.8,7519.0,0.8,0.7528255528255529,11529.0,0.65,0.30113022113022114,6521.0,0.8,0.5638226093357049,2699.0,Divert,-0.19999999999999996,Divert,-0.19999999999999996,Divert,-0.43617739066429506
PSU,013,Human_Single,Sample-Exam-1,2,5,47752.0,1,0.4,0.30841114769090794,4,1,1872.0,Aggressive,Aggressive,0.3,0.6,8409.0,0.6,0.5683153305125683,6084.0,0.3,0.22732613220502734,5039.0,0.6,0.46882572096477193,9984.0,Do_Not_Divert,-0.9196264910836418,Divert,-0.4,Divert,-0.5311742790352281
PSU,013,Human_Single,Sample-Exam-1,2,6,64179.0,1,0.4,0.28473653096329843,4,0,2028.0,Aggressive,Aggressive,0.3,0.6,8221.0,0.6,0.5827715775895911,9781.0,0.5,0.23310863103583646,4774.0,0.4,0.13193150135341705,21544.0,Do_Not_Divert,-0.688843100917445,Divert,-0.6,Do_Not_Divert,-0.22720026125245474
PSU,013,Human_Single,Sample-Exam-1,2,7,50278.0,1,0.7,0.27719619931674233,3,1,2418.0,Aggressive,Aggressive,0.2,0.5,7940.0,0.5,0.47071286344268193,8066.0,0.55,0.32949900440987734,4821.0,0.6,0.595839782793271,15615.0,Divert,-0.4,Divert,-0.4,Divert,-0.404160217206729
PSU,013,Human_Single,Sample-Exam-1,2,8,39546.0,1,0.9,0.38297693791265164,3,1,1794.0,Aggressive,Aggressive,0.2,0.5,10094.0,0.5,0.45713738595506287,4009.0,0.6,0.4114236473595566,6272.0,0.6,0.6771115417371597,7176.0,Do_Not_Divert,-0.42128302351445407,Divert,-0.4,Divert,-0.3228884582628403
PSU,013,Human_Single,Sample-Exam-1,2,9,41855.0,1,0.4,0.15054125592547885,4,0,2028.0,Aggressive,Aggressive,0.5,0.8,7239.0,0.8,0.7794495786430884,3806.0,0.65,0.31177983145723537,5959.0,0.4,0.1846796035651896,11544.0,Divert,-0.6,Divert,-0.6,Do_Not_Divert,-0.516303218544573
PSU,013,Human_Single,Sample-Exam-1,2,10,49281.0,1,0.4,0.22613476845200842,4,1,5538.0,Aggressive,Aggressive,0.5,0.8,9672.0,0.8,0.7861693836556776,4071.0,0.65,0.31446775346227107,5054.0,0.6,0.5791532300551139,11591.0,Do_Not_Divert,-1.3145531114303595,Divert,-0.4,Divert,-0.4208467699448861
PSU,014,Human_Single,Sample-Exam-1,2,1,64693.0,1,1.0,0.36075221000434965,3,0,NaN,NaN,Aggressive,0.2,0.5,19953.0,0.45,0.35,9313.0,0.68,0.35,5928.0,0.49,0.21212121212121207,16692.0,Do_Not_Divert,-0.40938850258721204,Do_Not_Divert,-0.40938850258721204,Do_Not_Divert,-0.17722445999446404
PSU,014,Human_Single,Sample-Exam-1,2,2,74740.0,1,0.4,0.1810844041417523,4,1,11373.0,Aggressive,Aggressive,0.5,0.8,6427.0,0.8,0.7142857142857144,4836.0,0.48,0.28571428571428575,11669.0,0.62,0.5454545454545453,25584.0,Do_Not_Divert,-1.5818213554569085,Divert,-0.38,Divert,-0.4545454545454547
PSU,014,Human_Single,Sample-Exam-1,2,3,68983.0,1,0.4,0.15371121314168168,4,0,7971.0,Aggressive,Aggressive,0.5,0.8,8221.0,0.85,0.7325688073394495,5226.0,0.65,0.2930275229357798,18860.0,0.62,0.17166505428356443,7941.0,Divert,-0.38,Divert,-0.38,Do_Not_Divert,-0.4755654671505831
PSU,014,Human_Single,Sample-Exam-1,2,4,47814.0,1,0.4,0.12182914271120526,4,1,6802.0,Aggressive,Aggressive,0.5,0.8,6162.0,0.88,0.7528255528255529,7582.0,0.6,0.30113022113022114,8002.0,0.8,0.5638226093357049,3635.0,Divert,-0.19999999999999996,Divert,-0.19999999999999996,Divert,-0.43617739066429506
PSU,014,Human_Single,Sample-Exam-1,2,5,45584.0,1,0.4,0.30841114769090794,4,1,6692.0,Aggressive,Aggressive,0.3,0.6,4836.0,0.65,0.5683153305125683,6115.0,0.6,0.22732613220502734,8205.0,0.65,0.46882572096477193,10827.0,Divert,-0.35,Divert,-0.35,Divert,-0.5311742790352281
PSU,014,Human_Single,Sample-Exam-1,2,6,42759.0,1,0.4,0.28473653096329843,4,0,8191.0,Aggressive,Aggressive,0.3,0.6,7238.0,0.65,0.5827715775895911,3588.0,0.6,0.23310863103583646,5585.0,0.55,0.13193150135341705,7925.0,Do_Not_Divert,-0.947159263761487,Divert,-0.44999999999999996,Do_Not_Divert,-0.22720026125245474
PSU,014,Human_Single,Sample-Exam-1,2,7,43914.0,1,0.7,0.27719619931674233,3,1,4025.0,Aggressive,Aggressive,0.2,0.5,9142.0,0.55,0.47071286344268193,7426.0,0.68,0.32949900440987734,7129.0,0.75,0.595839782793271,5210.0,Divert,-0.25,Divert,-0.25,Divert,-0.404160217206729
PSU,014,Human_Single,Sample-Exam-1,2,8,43088.0,1,0.9,0.38297693791265164,3,1,4290.0,Aggressive,Aggressive,0.2,0.5,10733.0,0.52,0.45713738595506287,6489.0,0.68,0.4114236473595566,4883.0,0.7,0.6771115417371597,5834.0,Divert,-0.30000000000000004,Divert,-0.30000000000000004,Divert,-0.3228884582628403
PSU,014,Human_Single,Sample-Exam-1,2,9,62759.0,1,0.4,0.15054125592547885,4,0,4165.0,Aggressive,Aggressive,0.5,0.8,16084.0,0.85,0.7794495786430884,7348.0,0.67,0.31177983145723537,12402.0,0.62,0.1846796035651896,7597.0,Divert,-0.38,Divert,-0.38,Do_Not_Divert,-0.516303218544573
PSU,014,Human_Single,Sample-Exam-1,2,10,41683.0,1,0.4,0.22613476845200842,4,1,4633.0,Aggressive,Aggressive,0.5,0.8,14103.0,0.85,0.7861693836556776,2808.0,0.75,0.31446775346227107,5475.0,0.78,0.5791532300551139,3541.0,Divert,-0.21999999999999997,Divert,-0.21999999999999997,Divert,-0.4208467699448861
PSU,015,Human_Single,Sample-Exam-1,2,1,200429.0,1,1.0,0.36075221000434965,3,0,NaN,NaN,Aggressive,0.2,0.5,81354.0,0.28,0.35,50575.0,0.57,0.35,33228.0,0.55,0.21212121212121207,21232.0,Do_Not_Divert,-0.4595177069856462,Divert,-0.44999999999999996,Do_Not_Divert,-0.17722445999446404
PSU,015,Human_Single,Sample-Exam-1,2,2,109996.0,1,0.4,0.1810844041417523,4,1,31887.0,Aggressive,Aggressive,0.5,0.8,21029.0,0.86,0.7142857142857144,11638.0,0.73,0.28571428571428575,24711.0,0.79,0.5454545454545453,7550.0,Divert,-0.20999999999999996,Divert,-0.20999999999999996,Divert,-0.4545454545454547
PSU,015,Human_Single,Sample-Exam-1,2,3,64802.0,1,0.4,0.15371121314168168,4,0,4946.0,Aggressive,Aggressive,0.5,0.8,15771.0,0.89,0.7325688073394495,11575.0,0.85,0.2930275229357798,14711.0,0.83,0.17166505428356443,10343.0,Divert,-0.17000000000000004,Divert,-0.17000000000000004,Do_Not_Divert,-0.4755654671505831
PSU,015,Human_Single,Sample-Exam-1,2,4,36146.0,1,0.4,0.12182914271120526,4,1,2932.0,Aggressive,Aggressive,0.5,0.8,10889.0,0.92,0.7528255528255529,6240.0,0.87,0.30113022113022114,6614.0,0.89,0.5638226093357049,2964.0,Divert,-0.10999999999999999,Divert,-0.10999999999999999,Divert,-0.43617739066429506
PSU,015,Human_Single,Sample-Exam-1,2,5,44397.0,1,0.4,0.30841114769090794,4,1,2308.0,Aggressive,Aggressive,0.3,0.6,17332.0,0.58,0.5683153305125683,8143.0,0.56,0.22732613220502734,6022.0,0.6,0.46882572096477193,3478.0,Do_Not_Divert,-0.9196264910836418,Divert,-0.4,Divert,-0.5311742790352281
PSU,015,Human_Single,Sample-Exam-1,2,6,71729.0,1,0.4,0.28473653096329843,4,0,2356.0,Aggressive,Aggressive,0.3,0.6,49920.0,0.58,0.5827715775895911,5960.0,0.55,0.23310863103583646,4633.0,0.54,0.13193150135341705,3729.0,Do_Not_Divert,-0.9299381862385508,Divert,-0.45999999999999996,Do_Not_Divert,-0.22720026125245474
PSU,015,Human_Single,Sample-Exam-1,2,7,89809.0,1,0.7,0.27719619931674233,3,1,51261.0,Passive,Aggressive,0.2,0.5,10655.0,0.3,0.47071286344268193,4571.0,0.52,0.32949900440987734,8050.0,0.6,0.595839782793271,8206.0,Do_Not_Divert,-0.8020936824597276,Divert,-0.4,Divert,-0.404160217206729
PSU,015,Human_Single,Sample-Exam-1,2,8,46879.0,1,0.9,0.38297693791265164,3,1,12870.0,Passive,Aggressive,0.2,0.5,11232.0,0.18,0.45713738595506287,5819.0,0.6,0.4114236473595566,5507.0,0.63,0.6771115417371597,5007.0,Do_Not_Divert,-0.4423471746901768,Divert,-0.37,Divert,-0.3228884582628403
PSU,015,Human_Single,Sample-Exam-1,2,9,43695.0,1,0.4,0.15054125592547885,4,0,2169.0,Aggressive,Aggressive,0.5,0.8,21075.0,0.86,0.7794495786430884,8362.0,0.81,0.31177983145723537,3744.0,0.8,0.1846796035651896,3681.0,Divert,-0.19999999999999996,Divert,-0.19999999999999996,Do_Not_Divert,-0.516303218544573
PSU,015,Human_Single,Sample-Exam-1,2,10,35272.0,1,0.4,0.22613476845200842,4,1,3338.0,Aggressive,Aggressive,0.5,0.8,14181.0,0.81,0.7861693836556776,5787.0,0.78,0.31446775346227107,5912.0,0.8,0.5791532300551139,2091.0,Divert,-0.19999999999999996,Divert,-0.19999999999999996,Divert,-0.4208467699448861
PSU,016,Human_Single,Sample-Exam-1,2,1,168605.0,1,1.0,0.36075221000434965,3,0,NaN,NaN,Aggressive,0.2,0.5,44819.0,0.2,0.35,18268.0,0.6,0.35,44195.0,0.5,0.21212121212121207,29078.0,Divert,-0.5,Do_Not_Divert,-0.41774336998695105,Do_Not_Divert,-0.17722445999446404
PSU,016,Human_Single,Sample-Exam-1,2,2,99497.0,1,0.4,0.1810844041417523,4,1,7816.0,Passive,Aggressive,0.5,0.8,16832.0,0.5,0.7142857142857144,7191.0,0.45,0.28571428571428575,25756.0,0.53,0.5454545454545453,13790.0,Do_Not_Divert,-1.3522021264389703,Divert,-0.47,Divert,-0.4545454545454547
PSU,016,Human_Single,Sample-Exam-1,2,3,133287.0,1,0.4,0.15371121314168168,4,0,9032.0,Aggressive,Aggressive,0.5,0.8,34788.0,0.8,0.7325688073394495,8159.0,0.6,0.2930275229357798,40295.0,0.5,0.17166505428356443,17347.0,Do_Not_Divert,-1.3851551474332733,Divert,-0.5,Do_Not_Divert,-0.4755654671505831
PSU,016,Human_Single,Sample-Exam-1,2,4,97500.0,1,0.4,0.12182914271120526,4,1,33135.0,Aggressive,Aggressive,0.5,0.8,16177.0,0.8,0.7528255528255529,4539.0,0.6,0.30113022113022114,13120.0,0.6,0.5638226093357049,8876.0,Divert,-0.4,Divert,-0.4,Divert,-0.43617739066429506
PSU,016,Human_Single,Sample-Exam-1,2,5,96361.0,1,0.4,0.30841114769090794,4,1,4493.0,Aggressive,Aggressive,0.3,0.6,14570.0,0.6,0.5683153305125683,3838.0,0.5,0.22732613220502734,28267.0,0.55,0.46882572096477193,18611.0,Do_Not_Divert,-0.8429909501600051,Divert,-0.44999999999999996,Divert,-0.5311742790352281
PSU,016,Human_Single,Sample-Exam-1,2,6,84459.0,1,0.4,0.28473653096329843,4,0,6505.0,Aggressive,Aggressive,0.3,0.6,24788.0,0.6,0.5827715775895911,4493.0,0.5,0.23310863103583646,10483.0,0.45,0.13193150135341705,18907.0,Do_Not_Divert,-0.7749484885321257,Divert,-0.55,Do_Not_Divert,-0.22720026125245474
PSU,016,Human_Single,Sample-Exam-1,2,7,113365.0,1,0.7,0.27719619931674233,3,1,44663.0,Passive,Aggressive,0.2,0.5,8533.0,0.2,0.47071286344268193,7410.0,0.45,0.32949900440987734,26364.0,0.33,0.595839782793271,14898.0,Do_Not_Divert,-0.4411515253528502,Do_Not_Divert,-0.4411515253528502,Divert,-0.404160217206729
PSU,016,Human_Single,Sample-Exam-1,2,8,77127.0,1,0.9,0.38297693791265164,3,1,5070.0,Passive,Aggressive,0.2,0.5,18985.0,0.2,0.45713738595506287,4977.0,0.55,0.4114236473595566,22042.0,0.43,0.6771115417371597,6038.0,Do_Not_Divert,-0.3019195001853588,Do_Not_Divert,-0.3019195001853588,Divert,-0.3228884582628403
PSU,016,Human_Single,Sample-Exam-1,2,9,60169.0,1,0.4,0.15054125592547885,4,0,8237.0,Aggressive,Aggressive,0.5,0.8,15397.0,0.8,0.7794495786430884,5585.0,0.6,0.31177983145723537,12761.0,0.5,0.1846796035651896,8830.0,Divert,-0.5,Divert,-0.5,Do_Not_Divert,-0.516303218544573
PSU,016,Human_Single,Sample-Exam-1,2,10,56222.0,1,0.4,0.22613476845200842,4,1,4040.0,Aggressive,Aggressive,0.5,0.8,14805.0,0.8,0.7861693836556776,5663.0,0.6,0.31446775346227107,10670.0,0.6,0.5791532300551139,10686.0,Divert,-0.4,Divert,-0.4,Divert,-0.4208467699448861
PSU,017,Human_Single,Sample-Exam-1,2,1,95675.0,1,1.0,0.36075221000434965,3,0,NaN,NaN,Aggressive,0.2,0.5,31934.0,0.2,0.35,9235.0,0.5,0.35,9064.0,0.8,0.21212121212121207,31200.0,Do_Not_Divert,-0.6683893919791217,Divert,-0.19999999999999996,Do_Not_Divert,-0.17722445999446404
PSU,017,Human_Single,Sample-Exam-1,2,2,84989.0,1,0.4,0.1810844041417523,4,1,14290.0,Aggressive,Aggressive,0.5,0.8,10311.0,0.8,0.7142857142857144,8845.0,0.7,0.28571428571428575,17082.0,0.6,0.5454545454545453,21310.0,Divert,-0.4,Divert,-0.4,Divert,-0.4545454545454547
PSU,017,Human_Single,Sample-Exam-1,2,3,84848.0,1,0.4,0.15371121314168168,4,0,6443.0,Aggressive,Aggressive,0.5,0.8,13588.0,0.8,0.7325688073394495,6801.0,0.65,0.2930275229357798,7129.0,0.4,0.17166505428356443,12449.0,Divert,-0.6,Divert,-0.6,Do_Not_Divert,-0.4755654671505831
PSU,017,Human_Single,Sample-Exam-1,2,4,42635.0,1,0.4,0.12182914271120526,4,1,6022.0,Aggressive,Aggressive,0.5,0.8,10499.0,0.8,0.7528255528255529,6053.0,0.65,0.30113022113022114,5819.0,0.6,0.5638226093357049,4633.0,Divert,-0.4,Divert,-0.4,Divert,-0.43617739066429506
PSU,017,Human_Single,Sample-Exam-1,2,5,63664.0,1,0.4,0.30841114769090794,4,1,23728.0,Passive,Aggressive,0.3,0.6,6692.0,0.3,0.5683153305125683,4851.0,0.35,0.22732613220502734,6958.0,0.4,0.46882572096477193,4415.0,Do_Not_Divert,-0.6130843273890947,Divert,-0.6,Divert,-0.5311742790352281
PSU,017,Human_Single,Sample-Exam-1,2,6,49670.0,1,0.4,0.28473653096329843,4,0,9048.0,Passive,Aggressive,0.3,0.6,7473.0,0.3,0.5827715775895911,4696.0,0.35,0.23310863103583646,6474.0,0.8,0.13193150135341705,4711.0,Divert,-0.19999999999999996,Divert,-0.19999999999999996,Do_Not_Divert,-0.22720026125245474
PSU,017,Human_Single,Sample-Exam-1,2,7,62884.0,1,0.7,0.27719619931674233,3,1,4228.0,Passive,Aggressive,0.2,0.5,11045.0,0.2,0.47071286344268193,4805.0,0.4,0.32949900440987734,12027.0,0.4,0.595839782793271,17722.0,Do_Not_Divert,-0.5347291216398184,Do_Not_Divert,-0.5347291216398184,Divert,-0.404160217206729
PSU,017,Human_Single,Sample-Exam-1,2,8,52151.0,1,0.9,0.38297693791265164,3,1,5397.0,Passive,Aggressive,0.2,0.5,8534.0,0.2,0.45713738595506287,5351.0,0.6,0.4114236473595566,16973.0,0.7,0.6771115417371597,6365.0,Do_Not_Divert,-0.4914968607668631,Divert,-0.30000000000000004,Divert,-0.3228884582628403
PSU,017,Human_Single,Sample-Exam-1,2,9,47237.0,1,0.4,0.15054125592547885,4,0,5897.0,Aggressive,Aggressive,0.5,0.8,9781.0,0.8,0.7794495786430884,5055.0,0.7,0.31177983145723537,12745.0,0.7,0.1846796035651896,2886.0,Divert,-0.30000000000000004,Divert,-0.30000000000000004,Do_Not_Divert,-0.516303218544573
PSU,017,Human_Single,Sample-Exam-1,2,10,37627.0,1,0.4,0.22613476845200842,4,1,5476.0,Aggressive,Aggressive,0.5,0.8,13338.0,0.8,0.7861693836556776,5273.0,0.75,0.31446775346227107,4306.0,0.8,0.5791532300551139,2917.0,Divert,-0.19999999999999996,Divert,-0.19999999999999996,Divert,-0.4208467699448861
PSU,018,Human_Single,Sample-Exam-1,2,1,110978.0,1,1.0,0.36075221000434965,3,0,NaN,NaN,Aggressive,0.2,0.5,39639.0,0.35,0.35,18330.0,0.7,0.35,23291.0,0.55,0.21212121212121207,11497.0,Do_Not_Divert,-0.4595177069856462,Divert,-0.44999999999999996,Do_Not_Divert,-0.17722445999446404
PSU,018,Human_Single,Sample-Exam-1,2,2,78468.0,1,0.4,0.1810844041417523,4,1,8705.0,Aggressive,Aggressive,0.5,0.8,37143.0,0.7,0.7142857142857144,8112.0,0.55,0.28571428571428575,7785.0,0.6,0.5454545454545453,5756.0,Divert,-0.4,Divert,-0.4,Divert,-0.4545454545454547
PSU,018,Human_Single,Sample-Exam-1,2,3,44928.0,1,0.4,0.15371121314168168,4,0,3994.0,Aggressive,Aggressive,0.5,0.8,11872.0,0.8,0.7325688073394495,6552.0,0.6,0.2930275229357798,6599.0,0.4,0.17166505428356443,5850.0,Do_Not_Divert,-1.1081241179466186,Divert,-0.6,Do_Not_Divert,-0.4755654671505831
PSU,018,Human_Single,Sample-Exam-1,2,4,56582.0,1,0.4,0.12182914271120526,4,1,3369.0,Aggressive,Aggressive,0.5,0.8,19173.0,0.8,0.7528255528255529,6864.0,0.6,0.30113022113022114,5990.0,0.6,0.5638226093357049,9906.0,Divert,-0.4,Divert,-0.4,Divert,-0.43617739066429506
PSU,018,Human_Single,Sample-Exam-1,2,5,59685.0,1,0.4,0.30841114769090794,4,1,3900.0,Aggressive,Aggressive,0.3,0.6,15116.0,0.6,0.5683153305125683,4617.0,0.5,0.22732613220502734,16551.0,0.6,0.46882572096477193,5882.0,Do_Not_Divert,-0.9196264910836418,Divert,-0.4,Divert,-0.5311742790352281
PSU,018,Human_Single,Sample-Exam-1,2,6,41122.0,1,0.4,0.28473653096329843,4,0,3166.0,Aggressive,Aggressive,0.3,0.6,10296.0,0.6,0.5827715775895911,5117.0,0.5,0.23310863103583646,9329.0,0.45,0.13193150135341705,4648.0,Do_Not_Divert,-0.7749484885321257,Divert,-0.55,Do_Not_Divert,-0.22720026125245474
PSU,018,Human_Single,Sample-Exam-1,2,7,55068.0,1,0.7,0.27719619931674233,3,1,2949.0,Aggressive,Aggressive,0.2,0.5,12979.0,0.05,0.47071286344268193,10156.0,0.6,0.32949900440987734,9562.0,0.6,0.595839782793271,4961.0,Do_Not_Divert,-0.8020936824597276,Divert,-0.4,Divert,-0.404160217206729
PSU,018,Human_Single,Sample-Exam-1,2,8,44413.0,1,0.9,0.38297693791265164,3,1,2901.0,Aggressive,Aggressive,0.2,0.5,11092.0,0.5,0.45713738595506287,8424.0,0.7,0.4114236473595566,6911.0,0.6,0.6771115417371597,4883.0,Divert,-0.4,Divert,-0.4,Divert,-0.3228884582628403
PSU,018,Human_Single,Sample-Exam-1,2,9,47315.0,1,0.4,0.15054125592547885,4,0,2808.0,Aggressive,Aggressive,0.5,0.8,9406.0,0.8,0.7794495786430884,4634.0,0.6,0.31177983145723537,17285.0,0.5,0.1846796035651896,5008.0,Divert,-0.5,Divert,-0.5,Do_Not_Divert,-0.516303218544573
PSU,018,Human_Single,Sample-Exam-1,2,10,45147.0,1,0.4,0.22613476845200842,4,1,2699.0,Aggressive,Aggressive,0.5,0.8,19438.0,0.8,0.7861693836556776,4134.0,0.6,0.31446775346227107,4399.0,0.5,0.5791532300551139,2356.0,Divert,-0.5,Divert,-0.5,Divert,-0.4208467699448861
PSU,019,Human_Single,Sample-Exam-1,2,1,129340.0,1,1.0,0.36075221000434965,3,0,NaN,NaN,Aggressive,0.2,0.5,61074.0,0.6,0.35,5538.0,0.4,0.35,18643.0,0.8,0.21212121212121207,21481.0,Do_Not_Divert,-0.6683893919791217,Divert,-0.19999999999999996,Do_Not_Divert,-0.17722445999446404
PSU,019,Human_Single,Sample-Exam-1,2,2,56924.0,1,0.4,0.1810844041417523,4,1,8907.0,Passive,Aggressive,0.5,0.8,5257.0,0.4,0.7142857142857144,5616.0,0.7,0.28571428571428575,9360.0,0.4,0.5454545454545453,7441.0,Divert,-0.6,Divert,-0.6,Divert,-0.4545454545454547
PSU,019,Human_Single,Sample-Exam-1,2,3,48251.0,1,0.4,0.15371121314168168,4,0,4617.0,Passive,Aggressive,0.5,0.8,6443.0,0.7,0.7325688073394495,3572.0,0.9,0.2930275229357798,7348.0,0.3,0.17166505428356443,6973.0,Divert,-0.7,Divert,-0.7,Do_Not_Divert,-0.4755654671505831
PSU,019,Human_Single,Sample-Exam-1,2,4,58734.0,1,0.4,0.12182914271120526,4,1,4633.0,Passive,Aggressive,0.5,0.8,6443.0,0.8,0.7528255528255529,5834.0,0.7,0.30113022113022114,10733.0,0.4,0.5638226093357049,13213.0,Do_Not_Divert,-1.2101467433241433,Divert,-0.6,Divert,-0.43617739066429506
PSU,019,Human_Single,Sample-Exam-1,2,5,52292.0,1,0.4,0.30841114769090794,4,1,3510.0,Passive,Aggressive,0.3,0.6,12043.0,0.5,0.5683153305125683,4477.0,0.7,0.22732613220502734,6240.0,0.9,0.46882572096477193,4945.0,Divert,-0.09999999999999998,Divert,-0.09999999999999998,Divert,-0.5311742790352281
PSU,019,Human_Single,Sample-Exam-1,2,6,38937.0,1,0.4,0.28473653096329843,4,0,3073.0,Aggressive,Aggressive,0.3,0.6,8331.0,0.6,0.5827715775895911,4930.0,0.7,0.23310863103583646,5538.0,0.3,0.13193150135341705,5195.0,Divert,-0.7,Do_Not_Divert,-0.5166323256880837,Do_Not_Divert,-0.22720026125245474
PSU,019,Human_Single,Sample-Exam-1,2,7,42635.0,1,0.7,0.27719619931674233,3,1,2793.0,Passive,Aggressive,0.2,0.5,6505.0,0.8,0.47071286344268193,6115.0,0.3,0.32949900440987734,7144.0,0.9,0.595839782793271,5648.0,Divert,-0.09999999999999998,Divert,-0.09999999999999998,Divert,-0.404160217206729
PSU,019,Human_Single,Sample-Exam-1,2,8,44913.0,1,0.9,0.38297693791265164,3,1,2965.0,Passive,Aggressive,0.2,0.5,9906.0,0.75,0.45713738595506287,5428.0,0.45,0.4114236473595566,4134.0,0.3,0.6771115417371597,2481.0,Do_Not_Divert,-0.21064151175722703,Do_Not_Divert,-0.21064151175722703,Divert,-0.3228884582628403
PSU,019,Human_Single,Sample-Exam-1,2,9,44990.0,1,0.4,0.15054125592547885,4,0,9282.0,Aggressive,Aggressive,0.5,0.8,6708.0,0.85,0.7794495786430884,4758.0,0.75,0.31177983145723537,5897.0,0.3,0.1846796035651896,4290.0,Divert,-0.7,Divert,-0.7,Do_Not_Divert,-0.516303218544573
PSU,019,Human_Single,Sample-Exam-1,2,10,39468.0,1,0.4,0.22613476845200842,4,1,3729.0,Passive,Aggressive,0.5,0.8,6240.0,0.75,0.7861693836556776,5086.0,0.45,0.31446775346227107,7504.0,0.35,0.5791532300551139,4680.0,Do_Not_Divert,-0.7668226483343764,Divert,-0.65,Divert,-0.4208467699448861
PSU,020,Human_Single,Sample-Exam-1,2,1,69202.0,1,1.0,0.36075221000434965,3,0,NaN,NaN,Aggressive,0.2,0.5,26707.0,0.6,0.35,4477.0,0.8,0.35,7707.0,0.4,0.21212121212121207,15865.0,Do_Not_Divert,-0.33419469598956086,Do_Not_Divert,-0.33419469598956086,Do_Not_Divert,-0.17722445999446404
PSU,020,Human_Single,Sample-Exam-1,2,2,91135.0,1,0.4,0.1810844041417523,4,1,12075.0,Aggressive,Aggressive,0.5,0.8,40263.0,0.6,0.7142857142857144,3697.0,0.5,0.28571428571428575,5257.0,0.6,0.5454545454545453,21856.0,Divert,-0.4,Divert,-0.4,Divert,-0.4545454545454547
PSU,020,Human_Single,Sample-Exam-1,2,3,107968.0,1,0.4,0.15371121314168168,4,0,7925.0,Aggressive,Aggressive,0.5,0.8,19999.0,0.6,0.7325688073394495,3978.0,0.5,0.2930275229357798,15662.0,0.45,0.17166505428356443,24586.0,Do_Not_Divert,-1.246639632689946,Divert,-0.55,Do_Not_Divert,-0.4755654671505831
PSU,020,Human_Single,Sample-Exam-1,2,4,45879.0,1,0.4,0.12182914271120526,4,1,9531.0,Aggressive,Aggressive,0.5,0.8,11997.0,0.6,0.7528255528255529,3510.0,0.5,0.30113022113022114,10467.0,0.55,0.5638226093357049,3573.0,Divert,-0.44999999999999996,Divert,-0.44999999999999996,Divert,-0.43617739066429506
PSU,020,Human_Single,Sample-Exam-1,2,5,57908.0,1,0.4,0.30841114769090794,4,1,3885.0,Aggressive,Aggressive,0.3,0.6,31964.0,0.8,0.5683153305125683,5741.0,0.6,0.22732613220502734,8034.0,0.6,0.46882572096477193,3463.0,Divert,-0.4,Divert,-0.4,Divert,-0.5311742790352281
PSU,020,Human_Single,Sample-Exam-1,2,6,49873.0,1,0.4,0.28473653096329843,4,0,4774.0,Aggressive,Aggressive,0.3,0.6,6302.0,0.8,0.5827715775895911,3432.0,0.6,0.23310863103583646,12823.0,0.5,0.13193150135341705,6272.0,Divert,-0.5,Divert,-0.5,Do_Not_Divert,-0.22720026125245474
PSU,020,Human_Single,Sample-Exam-1,2,7,65083.0,1,0.7,0.27719619931674233,3,1,7004.0,Aggressive,Aggressive,0.2,0.5,25397.0,0.7,0.47071286344268193,9314.0,0.7,0.32949900440987734,7191.0,0.65,0.595839782793271,3323.0,Divert,-0.35,Divert,-0.35,Divert,-0.404160217206729
PSU,020,Human_Single,Sample-Exam-1,2,8,57923.0,1,0.9,0.38297693791265164,3,1,4087.0,Aggressive,Aggressive,0.2,0.5,28658.0,0.7,0.45713738595506287,5585.0,0.8,0.4114236473595566,8548.0,0.7,0.6771115417371597,5039.0,Divert,-0.30000000000000004,Divert,-0.30000000000000004,Divert,-0.3228884582628403
PSU,020,Human_Single,Sample-Exam-1,2,9,41418.0,1,0.4,0.15054125592547885,4,0,2823.0,Aggressive,Aggressive,0.5,0.8,10593.0,0.6,0.7794495786430884,2761.0,0.5,0.31177983145723537,11590.0,0.45,0.1846796035651896,3947.0,Do_Not_Divert,-1.2580514786682762,Divert,-0.55,Do_Not_Divert,-0.516303218544573
PSU,020,Human_Single,Sample-Exam-1,2,10,57268.0,1,0.4,0.22613476845200842,4,1,2387.0,Aggressive,Aggressive,0.5,0.8,38298.0,0.6,0.7861693836556776,2933.0,0.5,0.31446775346227107,7222.0,0.55,0.5791532300551139,2200.0,Divert,-0.44999999999999996,Divert,-0.44999999999999996,Divert,-0.4208467699448861
